date,open,high,low,close,volume,adjusted
2015-01-02,27.84749984741211,27.860000610351562,26.837499618530273,27.332500457763672,212818400,24.19260597229004
2015-01-05,27.072500228881836,27.162500381469727,26.352500915527344,26.5625,257142000,23.51106071472168
2015-01-06,26.635000228881836,26.857500076293945,26.157499313354492,26.565000534057617,263188400,23.513277053833008
2015-01-07,26.799999237060547,27.049999237060547,26.674999237060547,26.9375,160423600,23.842981338500977
2015-01-08,27.3075008392334,28.037500381469727,27.174999237060547,27.97249984741211,237458000,24.75908088684082
2015-01-09,28.167499542236328,28.3125,27.552499771118164,28.002500534057617,214798000,24.78563690185547
2015-01-12,28.149999618530273,28.157499313354492,27.200000762939453,27.3125,198603200,24.174901962280273
2015-01-13,27.857500076293945,28.200000762939453,27.227500915527344,27.55500030517578,268367600,24.389537811279297
2015-01-14,27.260000228881836,27.622499465942383,27.125,27.450000762939453,195826400,24.29660415649414
2015-01-15,27.5,27.514999389648438,26.665000915527344,26.704999923706055,240056000,23.637191772460938
2015-01-16,26.75749969482422,26.895000457763672,26.299999237060547,26.497499465942383,314053200,23.45353126525879
2015-01-20,26.959999084472656,27.24250030517578,26.625,27.18000030517578,199599600,24.05762481689453
2015-01-21,27.237499237060547,27.764999389648438,27.0674991607666,27.387500762939453,194303600,24.24127960205078
2015-01-22,27.565000534057617,28.11750030517578,27.43000030517578,28.100000381469727,215185600,24.871932983398438
2015-01-23,28.075000762939453,28.4375,27.88249969482422,28.2450008392334,185859200,25.000272750854492
2015-01-26,28.434999465942383,28.59000015258789,28.200000762939453,28.274999618530273,222460000,25.026824951171875
2015-01-27,28.104999542236328,28.1200008392334,27.25749969482422,27.28499984741211,382274800,24.15056610107422
2015-01-28,29.407499313354492,29.530000686645508,28.827499389648438,28.827499389648438,585908400,25.515859603881836
2015-01-29,29.079999923706055,29.797500610351562,28.889999389648438,29.725000381469727,337745600,26.31026268005371
2015-01-30,29.600000381469727,30,29.212499618530273,29.290000915527344,334982000,25.925233840942383
2015-02-02,29.512500762939453,29.792499542236328,29.020000457763672,29.657499313354492,250956400,26.250503540039062
2015-02-03,29.625,29.772499084472656,29.40250015258789,29.662500381469727,207662800,26.25493621826172
2015-02-04,29.625,30.127500534057617,29.577499389648438,29.889999389648438,280598800,26.456300735473633
2015-02-05,30.0049991607666,30.0575008392334,29.8125,29.985000610351562,168984800,26.645137786865234
2015-02-06,30.0049991607666,30.0625,29.612499237060547,29.732500076293945,174826400,26.420759201049805
2015-02-09,29.637500762939453,29.959999084472656,29.607500076293945,29.93000030517578,155559200,26.59625816345215
2015-02-10,30.042499542236328,30.537500381469727,30.040000915527344,30.5049991607666,248034000,27.107215881347656
2015-02-11,30.6924991607666,31.229999542236328,30.625,31.219999313354492,294247200,27.74257469177246
2015-02-12,31.514999389648438,31.8700008392334,31.392499923706055,31.614999771118164,297898000,28.093578338623047
2015-02-13,31.81999969482422,31.81999969482422,31.412500381469727,31.770000457763672,217088800,28.23130989074707
2015-02-17,31.872499465942383,32.220001220703125,31.729999542236328,31.957500457763672,252609600,28.397926330566406
2015-02-18,31.907499313354492,32.19499969482422,31.862499237060547,32.18000030517578,179566800,28.59564781188965
2015-02-19,32.119998931884766,32.25749969482422,32.08250045776367,32.11249923706055,149449600,28.53566551208496
2015-02-20,32.154998779296875,32.375,32.01250076293945,32.375,195793600,28.768924713134766
2015-02-23,32.505001068115234,33.25,32.415000915527344,33.25,283896400,29.546464920043945
2015-02-24,33.23500061035156,33.400001525878906,32.79249954223633,33.04249954223633,276912400,29.362075805664062
2015-02-25,32.88999938964844,32.900001525878906,32.037498474121094,32.1974983215332,298846800,28.611196517944336
2015-02-26,32.1974983215332,32.717498779296875,31.65250015258789,32.60499954223633,365150000,28.973312377929688
2015-02-27,32.5,32.64250183105469,32.060001373291016,32.1150016784668,248059200,28.537887573242188
2015-03-02,32.3125,32.56999969482422,32.07500076293945,32.272499084472656,192386800,28.677839279174805
2015-03-03,32.2400016784668,32.380001068115234,32.022499084472656,32.34000015258789,151265200,28.737829208374023
2015-03-04,32.275001525878906,32.38999938964844,32.08000183105469,32.1349983215332,126665200,28.555652618408203
2015-03-05,32.14500045776367,32.1875,31.440000534057617,31.602500915527344,226068400,28.08247184753418
2015-03-06,32.099998474121094,32.342498779296875,31.565000534057617,31.649999618530273,291368400,28.12468147277832
2015-03-09,31.989999771118164,32.39250183105469,31.264999389648438,31.78499984741211,354114000,28.244644165039062
2015-03-10,31.602500915527344,31.80500030517578,30.950000762939453,31.127500534057617,275426400,27.660375595092773
2015-03-11,31.1875,31.1924991607666,30.52750015258789,30.559999465942383,275756000,27.156091690063477
2015-03-12,30.577499389648438,31.225000381469727,30.407499313354492,31.112499237060547,193450800,27.64704704284668
2015-03-13,31.100000381469727,31.350000381469727,30.645000457763672,30.897499084472656,207309200,27.45599937438965
2015-03-16,30.969999313354492,31.237499237060547,30.717500686645508,31.237499237060547,143497200,27.75812339782715
2015-03-17,31.475000381469727,31.829999923706055,31.412500381469727,31.760000228881836,204092400,28.222427368164062
2015-03-18,31.75,32.290000915527344,31.592500686645508,32.11750030517578,261083600,28.54010772705078
2015-03-19,32.1875,32.3125,31.850000381469727,31.875,183238000,28.324621200561523
2015-03-20,32.0625,32.099998474121094,31.290000915527344,31.475000381469727,274780400,27.96916961669922
2015-03-23,31.780000686645508,31.962499618530273,31.6299991607666,31.802499771118164,150838800,28.260183334350586
2015-03-24,31.8075008392334,32.0099983215332,31.639999389648438,31.672500610351562,131369200,28.14467430114746
2015-03-25,31.635000228881836,31.704999923706055,30.844999313354492,30.844999313354492,206620800,27.40934181213379
2015-03-26,30.690000534057617,31.219999313354492,30.649999618530273,31.059999465942383,190291600,27.60039710998535
2015-03-27,31.142499923706055,31.174999237060547,30.727500915527344,30.8125,158184800,27.380462646484375
2015-03-30,31.012500762939453,31.600000381469727,31,31.592500686645508,188398800,28.073585510253906
2015-03-31,31.522499084472656,31.622499465942383,31.09000015258789,31.107500076293945,168362400,27.642602920532227
2015-04-01,31.204999923706055,31.280000686645508,30.774999618530273,31.0625,162485600,27.602619171142578
2015-04-02,31.25749969482422,31.389999389648438,31.047500610351562,31.329999923706055,128880400,27.8403263092041
2015-04-06,31.11750030517578,31.877500534057617,31.082500457763672,31.837499618530273,148776000,28.291296005249023
2015-04-07,31.90999984741211,32.029998779296875,31.4950008392334,31.502500534057617,140049200,27.993608474731445
2015-04-08,31.462499618530273,31.600000381469727,31.24250030517578,31.399999618530273,149316800,27.902523040771484
2015-04-09,31.462499618530273,31.645000457763672,31.165000915527344,31.639999389648438,129936000,28.11579704284668
2015-04-10,31.487499237060547,31.802499771118164,31.315000534057617,31.774999618530273,160752000,28.235761642456055
2015-04-13,32.092498779296875,32.14250183105469,31.65250015258789,31.712499618530273,145460400,28.180217742919922
2015-04-14,31.75,31.822500228881836,31.477500915527344,31.575000762939453,102098400,28.058032989501953
2015-04-15,31.602500915527344,31.782499313354492,31.502500534057617,31.69499969482422,115881600,28.164670944213867
2015-04-16,31.56999969482422,31.774999618530273,31.52750015258789,31.542499542236328,113476000,28.029151916503906
2015-04-17,31.387500762939453,31.53499984741211,31.114999771118164,31.1875,207828000,27.713695526123047
2015-04-20,31.392499923706055,32.029998779296875,31.292499542236328,31.899999618530273,188217200,28.346834182739258
2015-04-21,32.025001525878906,32.04999923706055,31.667499542236328,31.727500915527344,129740400,28.19354248046875
2015-04-22,31.747499465942383,32.217498779296875,31.579999923706055,32.154998779296875,150618000,28.57343292236328
2015-04-23,32.07500076293945,32.60499954223633,32.03499984741211,32.41749954223633,183083600,28.80669593811035
2015-04-24,32.622501373291016,32.657501220703125,32.307498931884766,32.56999969482422,178103600,28.94221305847168
2015-04-27,33.07749938964844,33.282501220703125,32.787498474121094,33.162498474121094,387816800,29.468706130981445
2015-04-28,33.6150016784668,33.6349983215332,32.39250183105469,32.63999938964844,475696000,29.00440216064453
2015-04-29,32.540000915527344,32.897499084472656,32.07500076293945,32.15999984741211,253544400,28.577869415283203
2015-04-30,32.15999984741211,32.15999984741211,31.145000457763672,31.287500381469727,332781600,27.802555084228516
2015-05-01,31.524999618530273,32.532501220703125,31.325000762939453,32.23749923706055,234050400,28.646743774414062
2015-05-04,32.375,32.64250183105469,32.064998626708984,32.17499923706055,203953200,28.591203689575195
2015-05-05,32.037498474121094,32.11249923706055,31.44499969482422,31.450000762939453,197085600,27.94695472717285
2015-05-06,31.639999389648438,31.6875,30.84000015258789,31.252500534057617,288564000,27.771451950073242
2015-05-07,31.1924991607666,31.520000457763672,31.0049991607666,31.315000534057617,175763600,27.9432315826416
2015-05-08,31.670000076293945,31.905000686645508,31.52750015258789,31.905000686645508,222201600,28.46969985961914
2015-05-11,31.84749984741211,31.889999389648438,31.407499313354492,31.579999923706055,168143200,28.179704666137695
2015-05-12,31.399999618530273,31.719999313354492,31.204999923706055,31.467500686645508,192640000,28.07931137084961
2015-05-13,31.537500381469727,31.797500610351562,31.467500686645508,31.502500534057617,138776800,28.11054039001465
2015-05-14,31.852500915527344,32.23749923706055,31.790000915527344,32.23749923706055,180814000,28.76640510559082
2015-05-15,32.26750183105469,32.372501373291016,32.0525016784668,32.192501068115234,152832000,28.72624397277832
2015-05-18,32.095001220703125,32.68000030517578,32.09000015258789,32.54750061035156,203531600,29.04301643371582
2015-05-19,32.67250061035156,32.720001220703125,32.40999984741211,32.51750183105469,178532800,29.016254425048828
2015-05-20,32.5,32.744998931884766,32.334999084472656,32.51499938964844,145819600,29.014026641845703
2015-05-21,32.51750183105469,32.907501220703125,32.45750045776367,32.84749984741211,158921600,29.31071662902832
2015-05-22,32.900001525878906,33.24250030517578,32.849998474121094,33.1349983215332,182384000,29.5672664642334
2015-05-26,33.150001525878906,33.227500915527344,32.279998779296875,32.404998779296875,282790400,28.91585922241211
2015-05-27,32.584999084472656,33.064998626708984,32.51250076293945,33.0099983215332,183332800,29.455726623535156
2015-05-28,32.96500015258789,32.98749923706055,32.775001525878906,32.94499969482422,122933200,29.39771842956543
2015-05-29,32.807498931884766,32.86249923706055,32.474998474121094,32.56999969482422,203538000,29.06310272216797
2015-06-01,32.56999969482422,32.84749984741211,32.51250076293945,32.6349983215332,128451200,29.12110137939453
2015-06-02,32.46500015258789,32.665000915527344,32.33000183105469,32.4900016784668,134670400,28.991716384887695
2015-06-03,32.665000915527344,32.73500061035156,32.474998474121094,32.529998779296875,123934000,29.027408599853516
2015-06-04,32.39500045776367,32.64500045776367,32.227500915527344,32.34000015258789,153800400,28.85787010192871
2015-06-05,32.375,32.42250061035156,32.09000015258789,32.162498474121094,142507200,28.699480056762695
2015-06-08,32.224998474121094,32.3025016784668,31.707500457763672,31.950000762939453,210699200,28.50985336303711
2015-06-09,31.674999237060547,32.02000045776367,31.405000686645508,31.854999542236328,224301600,28.425085067749023
2015-06-10,31.979999542236328,32.334999084472656,31.962499618530273,32.220001220703125,156349200,28.75078582763672
2015-06-11,32.29499816894531,32.54499816894531,32.119998931884766,32.147499084472656,141563600,28.686094284057617
2015-06-12,32.04750061035156,32.08250045776367,31.77750015258789,31.792499542236328,147544800,28.369314193725586
2015-06-15,31.524999618530273,31.809999465942383,31.427499771118164,31.729999542236328,175955600,28.31354522705078
2015-06-16,31.75749969482422,31.962499618530273,31.592500686645508,31.899999618530273,125976400,28.465238571166992
2015-06-17,31.93000030517578,31.969999313354492,31.684999465942383,31.825000762939453,131672400,28.398317337036133
2015-06-18,31.8075008392334,32.07749938964844,31.80500030517578,31.969999313354492,141628800,28.527700424194336
2015-06-19,31.927499771118164,31.954999923706055,31.600000381469727,31.649999618530273,218867600,28.242158889770508
2015-06-22,31.872499465942383,32.01499938964844,31.770000457763672,31.90250015258789,136157200,28.467470169067383
2015-06-23,31.8700008392334,31.90250015258789,31.719999313354492,31.75749969482422,121075600,28.338083267211914
2015-06-24,31.802499771118164,32.45000076293945,31.780000686645508,32.02750015258789,221123600,28.57901382446289
2015-06-25,32.21500015258789,32.29999923706055,31.875,31.875,127752400,28.44293212890625
2015-06-26,31.917499542236328,31.997499465942383,31.627500534057617,31.6875,176267200,28.275623321533203
2015-06-29,31.364999771118164,31.61750030517578,31.1200008392334,31.13249969482422,196645600,27.780378341674805
2015-06-30,31.392499923706055,31.530000686645508,31.21500015258789,31.357500076293945,177482800,27.98114776611328
2015-07-01,31.725000381469727,31.735000610351562,31.497499465942383,31.649999618530273,120955200,28.242158889770508
2015-07-02,31.607500076293945,31.672500610351562,31.4424991607666,31.610000610351562,108844000,28.206470489501953
2015-07-06,31.235000610351562,31.5575008392334,31.212499618530273,31.5,112241600,28.10831069946289
2015-07-07,31.47249984741211,31.537500381469727,30.9424991607666,31.422500610351562,187787200,28.03915023803711
2015-07-08,31.1200008392334,31.15999984741211,30.635000228881836,30.642499923706055,243046400,27.343137741088867
2015-07-09,30.962499618530273,31.014999389648438,29.80500030517578,30.017499923706055,314380000,26.785432815551758
2015-07-10,30.485000610351562,30.962499618530273,30.302499771118164,30.81999969482422,245418000,27.50152587890625
2015-07-13,31.25749969482422,31.440000534057617,31.079999923706055,31.415000915527344,165762000,28.032466888427734
2015-07-14,31.510000228881836,31.592500686645508,31.260000228881836,31.40250015258789,127072400,28.02130889892578
2015-07-15,31.43000030517578,31.787500381469727,31.395000457763672,31.704999923706055,134596800,28.29123878479004
2015-07-16,31.934999465942383,32.14250183105469,31.837499618530273,32.127498626708984,144889600,28.66823959350586
2015-07-17,32.27000045776367,32.404998779296875,32.07749938964844,32.404998779296875,184658800,28.91585922241211
2015-07-20,32.74250030517578,33.24250030517578,32.67499923706055,33.01750183105469,235600800,29.462419509887695
2015-07-21,33.212501525878906,33.22999954223633,32.58000183105469,32.6875,307025600,29.16794776916504
2015-07-22,30.497499465942383,31.375,30.497499465942383,31.30500030517578,461802400,27.934303283691406
2015-07-23,31.549999237060547,31.772499084472656,31.264999389648438,31.290000915527344,203998000,27.920917510986328
2015-07-24,31.329999923706055,31.434999465942383,30.975000381469727,31.125,168649200,27.773685455322266
2015-07-27,30.772499084472656,30.90250015258789,30.530000686645508,30.6924991607666,177822000,27.387754440307617
2015-07-28,30.844999313354492,30.977500915527344,30.637500762939453,30.844999313354492,134472400,27.523832321166992
2015-07-29,30.787500381469727,30.875,30.5674991607666,30.747499465942383,148046800,27.436826705932617
2015-07-30,30.579999923706055,30.642499923706055,30.427499771118164,30.592500686645508,134513200,27.298519134521484
2015-07-31,30.649999618530273,30.65999984741211,30.227500915527344,30.325000762939453,171540000,27.059823989868164
2015-08-03,30.375,30.642499923706055,29.3799991607666,29.610000610351562,279904000,26.421810150146484
2015-08-04,29.354999542236328,29.424999237060547,28.3125,28.65999984741211,496554400,25.574098587036133
2015-08-05,28.237499237060547,29.360000610351562,28.024999618530273,28.850000381469727,397250400,25.743642807006836
2015-08-06,28.99250030517578,29.125,28.530000686645508,28.782499313354492,211612000,25.799659729003906
2015-08-07,28.645000457763672,29.0625,28.625,28.8799991607666,154681600,25.887054443359375
2015-08-10,29.13249969482422,29.997499465942383,29.13249969482422,29.93000030517578,219806400,26.828245162963867
2015-08-11,29.452499389648438,29.545000076293945,28.332500457763672,28.372499465942383,388331200,25.43215560913086
2015-08-12,28.13249969482422,28.854999542236328,27.407499313354492,28.809999465942383,404870000,25.824312210083008
2015-08-13,29.010000228881836,29.100000381469727,28.635000228881836,28.787500381469727,194143200,25.804147720336914
2015-08-14,28.579999923706055,29.077499389648438,28.502500534057617,28.989999771118164,171718000,25.98565673828125
2015-08-17,29.010000228881836,29.412500381469727,28.875,29.290000915527344,163538800,26.25457191467285
2015-08-18,29.107500076293945,29.360000610351562,29.002500534057617,29.125,138242800,26.106670379638672
2015-08-19,29.024999618530273,29.1299991607666,28.670000076293945,28.752500534057617,193146000,25.77277183532715
2015-08-20,28.520000457763672,28.587499618530273,27.907499313354492,28.162500381469727,274006400,25.24391746520996
2015-08-21,27.607500076293945,27.975000381469727,26.412500381469727,26.440000534057617,513102000,23.699926376342773
2015-08-24,23.717500686645508,27.200000762939453,23,25.780000686645508,648825200,23.10832977294922
2015-08-25,27.77750015258789,27.77750015258789,25.875,25.934999465942383,414406400,23.24726676940918
2015-08-26,26.772499084472656,27.47249984741211,26.262500762939453,27.422500610351562,387098400,24.58060646057129
2015-08-27,28.0575008392334,28.309999465942383,27.5049991607666,28.229999542236328,338464400,25.304418563842773
2015-08-28,28.042499542236328,28.327499389648438,27.885000228881836,28.322500228881836,212657600,25.387332916259766
2015-08-31,28.00749969482422,28.63249969482422,28,28.190000534057617,224917200,25.268564224243164
2015-09-01,27.537500381469727,27.969999313354492,26.84000015258789,26.93000030517578,307383600,24.13914680480957
2015-09-02,27.5575008392334,28.084999084472656,27.282499313354492,28.084999084472656,247555200,25.17444610595703
2015-09-03,28.122499465942383,28.19499969482422,27.510000228881836,27.592500686645508,212935600,24.73298454284668
2015-09-04,27.24250030517578,27.612499237060547,27.127500534057617,27.3174991607666,199985200,24.48648452758789
2015-09-08,27.9375,28.139999389648438,27.579999923706055,28.077499389648438,219374400,25.167724609375
2015-09-09,28.440000534057617,28.5049991607666,27.4424991607666,27.537500381469727,340043200,24.683692932128906
2015-09-10,27.5674991607666,28.31999969482422,27.475000381469727,28.142499923706055,251571200,25.22599220275879
2015-09-11,27.947500228881836,28.552499771118164,27.940000534057617,28.552499771118164,199662000,25.59349250793457
2015-09-14,29.145000457763672,29.22249984741211,28.71500015258789,28.827499389648438,233453600,25.84000015258789
2015-09-15,28.982500076293945,29.13249969482422,28.604999542236328,29.06999969482422,173364800,26.0573673248291
2015-09-16,29.0625,29.135000228881836,28.860000610351562,29.102500915527344,148694000,26.086502075195312
2015-09-17,28.915000915527344,29.122499465942383,28.43000030517578,28.479999542236328,256450400,25.52851104736328
2015-09-18,28.052499771118164,28.575000762939453,27.967500686645508,28.362499237060547,297141200,25.423189163208008
2015-09-21,28.417499542236328,28.842500686645508,28.415000915527344,28.802499771118164,200888000,25.817594528198242
2015-09-22,28.344999313354492,28.545000076293945,28.1299991607666,28.350000381469727,201384800,25.411985397338867
2015-09-23,28.407499313354492,28.68000030517578,28.325000762939453,28.579999923706055,143026800,25.618154525756836
2015-09-24,28.3125,28.875,28.092500686645508,28.75,200878000,25.770526885986328
2015-09-25,29.110000610351562,29.172500610351562,28.5049991607666,28.677499771118164,224607600,25.70554542541504
2015-09-28,28.462499618530273,28.642499923706055,28.110000610351562,28.110000610351562,208436000,25.19685935974121
2015-09-29,28.207500457763672,28.377500534057617,26.96500015258789,27.264999389648438,293461600,24.439430236816406
2015-09-30,27.542499542236328,27.885000228881836,27.1825008392334,27.575000762939453,265892000,24.717304229736328
2015-10-01,27.267499923706055,27.405000686645508,26.827499389648438,27.395000457763672,255716400,24.555959701538086
2015-10-02,27.002500534057617,27.752500534057617,26.887500762939453,27.594999313354492,232079200,24.7352294921875
2015-10-05,27.469999313354492,27.842500686645508,27.267499923706055,27.69499969482422,208258800,24.824867248535156
2015-10-06,27.657499313354492,27.934999465942383,27.4424991607666,27.827499389648438,192787200,24.943632125854492
2015-10-07,27.934999465942383,27.9424991607666,27.352500915527344,27.69499969482422,187062400,24.824867248535156
2015-10-08,27.547500610351562,27.547500610351562,27.052499771118164,27.375,247918400,24.53803253173828
2015-10-09,27.5,28.06999969482422,27.372499465942383,28.030000686645508,211064400,25.125150680541992
2015-10-12,28.1825008392334,28.1875,27.860000610351562,27.899999618530273,121868800,25.008621215820312
2015-10-13,27.704999923706055,28.112499237060547,27.670000076293945,27.947500228881836,132197200,25.051193237304688
2015-10-14,27.822500228881836,27.8799991607666,27.389999389648438,27.552499771118164,177849600,24.697134017944336
2015-10-15,27.732500076293945,28.024999618530273,27.622499465942383,27.96500015258789,150694000,25.066877365112305
2015-10-16,27.94499969482422,28,27.63249969482422,27.760000228881836,156930400,24.88313102722168
2015-10-19,27.700000762939453,27.9375,27.52750015258789,27.9325008392334,119036800,25.037750244140625
2015-10-20,27.834999084472656,28.542499542236328,27.704999923706055,28.4424991607666,195871200,25.494897842407227
2015-10-21,28.5,28.895000457763672,28.424999237060547,28.440000534057617,167180800,25.492660522460938
2015-10-22,28.582500457763672,28.875,28.524999618530273,28.875,166616400,25.882579803466797
2015-10-23,29.174999237060547,29.8075008392334,29.082500457763672,29.770000457763672,237467600,26.684825897216797
2015-10-26,29.520000457763672,29.532499313354492,28.729999542236328,28.81999969482422,265335200,25.833276748657227
2015-10-27,28.850000381469727,29.135000228881836,28.497499465942383,28.637500762939453,279537600,25.669692993164062
2015-10-28,29.232500076293945,29.825000762939453,29.014999389648438,29.8174991607666,342205600,26.727405548095703
2015-10-29,29.674999237060547,30.172500610351562,29.5674991607666,30.13249969482422,204909200,27.00975799560547
2015-10-30,30.247499465942383,30.30500030517578,29.862499237060547,29.875,197461200,26.778947830200195
2015-11-02,30.200000762939453,30.34000015258789,29.90250015258789,30.295000076293945,128813200,27.15541648864746
2015-11-03,30.197500228881836,30.872499465942383,30.174999237060547,30.642499923706055,182076000,27.466899871826172
2015-11-04,30.782499313354492,30.954999923706055,30.405000686645508,30.5,179544400,27.33917999267578
2015-11-05,30.462499618530273,30.672500610351562,30.045000076293945,30.229999542236328,158210800,27.213146209716797
2015-11-06,30.27750015258789,30.452499389648438,30.155000686645508,30.264999389648438,132169200,27.24465560913086
2015-11-09,30.239999771118164,30.452499389648438,30.012500762939453,30.142499923706055,135485600,27.134382247924805
2015-11-10,29.225000381469727,29.517499923706055,29.014999389648438,29.1924991607666,236511600,26.279178619384766
2015-11-11,29.092500686645508,29.354999542236328,28.802499771118164,29.02750015258789,180872000,26.130647659301758
2015-11-12,29.065000534057617,29.204999923706055,28.912500381469727,28.93000030517578,130102400,26.042875289916992
2015-11-13,28.799999237060547,28.892499923706055,28.0674991607666,28.084999084472656,183249600,25.282203674316406
2015-11-16,27.844999313354492,28.559999465942383,27.75,28.545000076293945,152426800,25.696306228637695
2015-11-17,28.729999542236328,28.762500762939453,28.329999923706055,28.422500610351562,110467600,25.586027145385742
2015-11-18,28.940000534057617,29.372499465942383,28.875,29.322500228881836,186698800,26.396207809448242
2015-11-19,29.40999984741211,29.9375,29.190000534057617,29.69499969482422,173183200,26.731534957885742
2015-11-20,29.799999237060547,29.979999542236328,29.712499618530273,29.825000762939453,137148400,26.848562240600586
2015-11-23,29.8174991607666,29.9325008392334,29.334999084472656,29.4375,129930000,26.499731063842773
2015-11-24,29.332500457763672,29.837499618530273,29.280000686645508,29.719999313354492,171212800,26.754045486450195
2015-11-25,29.802499771118164,29.8075008392334,29.479999542236328,29.50749969482422,85553200,26.5627498626709
2015-11-27,29.572500228881836,29.602500915527344,29.399999618530273,29.452499389648438,52185600,26.513235092163086
2015-11-30,29.497499465942383,29.852500915527344,29.4375,29.575000762939453,156721200,26.623516082763672
2015-12-01,29.6875,29.702499389648438,29.21500015258789,29.334999084472656,139409600,26.4074649810791
2015-12-02,29.334999084472656,29.52750015258789,29.020000457763672,29.06999969482422,133546400,26.168907165527344
2015-12-03,29.137500762939453,29.197500228881836,28.55500030517578,28.799999237060547,166278000,25.925853729248047
2015-12-04,28.822500228881836,29.8125,28.77750015258789,29.75749969482422,231108000,26.787796020507812
2015-12-07,29.7450008392334,29.96500015258789,29.452499389648438,29.56999969482422,128336800,26.619009017944336
2015-12-08,29.3799991607666,29.649999618530273,29.21500015258789,29.5575008392334,137238000,26.60776138305664
2015-12-09,29.40999984741211,29.422500610351562,28.770000457763672,28.905000686645508,185445600,26.02037811279297
2015-12-10,29.010000228881836,29.235000610351562,28.877500534057617,29.042499542236328,116850800,26.14415740966797
2015-12-11,28.797500610351562,28.84749984741211,28.212499618530273,28.295000076293945,187544800,25.47124481201172
2015-12-14,28.045000076293945,28.170000076293945,27.447500228881836,28.1200008392334,257274800,25.313709259033203
2015-12-15,27.985000610351562,28.200000762939453,27.587499618530273,27.622499465942383,213292400,24.86586570739746
2015-12-16,27.767499923706055,27.997499465942383,27.200000762939453,27.834999084472656,224954000,25.057159423828125
2015-12-17,28.0049991607666,28.0625,27.2450008392334,27.2450008392334,179091200,24.526037216186523
2015-12-18,27.227500915527344,27.3799991607666,26.452499389648438,26.50749969482422,385813200,23.862138748168945
2015-12-21,26.81999969482422,26.842500686645508,26.392499923706055,26.832500457763672,190362400,24.154701232910156
2015-12-22,26.850000381469727,26.93000030517578,26.612499237060547,26.8075008392334,131157600,24.13219451904297
2015-12-23,26.8174991607666,27.212499618530273,26.799999237060547,27.15250015258789,130629600,24.44277572631836
2015-12-24,27.25,27.25,26.987499237060547,27.00749969482422,54281600,24.312240600585938
2015-12-28,26.897499084472656,26.922500610351562,26.545000076293945,26.704999923706055,106816800,24.039932250976562
2015-12-29,26.739999771118164,27.357500076293945,26.71500015258789,27.184999465942383,123724800,24.472026824951172
2015-12-30,27.145000457763672,27.174999237060547,26.795000076293945,26.829999923706055,100855200,24.152450561523438
2015-12-31,26.752500534057617,26.75749969482422,26.204999923706055,26.315000534057617,163649200,23.688846588134766
2016-01-04,25.65250015258789,26.342500686645508,25.5,26.337499618530273,270597600,23.709102630615234
2016-01-05,26.4375,26.462499618530273,25.602500915527344,25.677499771118164,223164000,23.114967346191406
2016-01-06,25.139999389648438,25.592500686645508,24.967500686645508,25.174999237060547,273829600,22.662616729736328
2016-01-07,24.670000076293945,25.032499313354492,24.107500076293945,24.112499237060547,324377600,21.706148147583008
2016-01-08,24.637500762939453,24.77750015258789,24.190000534057617,24.239999771118164,283192000,21.8209285736084
2016-01-11,24.74250030517578,24.764999389648438,24.334999084472656,24.63249969482422,198957600,22.174257278442383
2016-01-12,25.137500762939453,25.172500610351562,24.709999084472656,24.989999771118164,196616800,22.496084213256836
2016-01-13,25.079999923706055,25.297500610351562,24.325000762939453,24.34749984741211,249758400,21.91769790649414
2016-01-14,24.489999771118164,25.1200008392334,23.934999465942383,24.8799991607666,252680400,22.397056579589844
2016-01-15,24.049999237060547,24.427499771118164,23.84000015258789,24.282499313354492,319335600,21.85918426513672
2016-01-19,24.602500915527344,24.662500381469727,23.875,24.165000915527344,212350800,21.7534122467041
2016-01-20,23.774999618530273,24.547500610351562,23.354999542236328,24.197500228881836,289337600,21.78266716003418
2016-01-21,24.264999389648438,24.469999313354492,23.735000610351562,24.075000762939453,208646000,21.672391891479492
2016-01-22,24.657499313354492,25.364999771118164,24.592500686645508,25.354999542236328,263202000,22.824649810791016
2016-01-25,25.3799991607666,25.38249969482422,24.802499771118164,24.860000610351562,207178000,22.379056930541992
2016-01-26,24.982500076293945,25.219999313354492,24.517499923706055,24.997499465942383,300308000,22.502822875976562
2016-01-27,24.010000228881836,24.157499313354492,23.334999084472656,23.354999542236328,533478800,21.02424430847168
2016-01-28,23.447500228881836,23.6299991607666,23.09749984741211,23.522499084472656,222715200,21.175024032592773
2016-01-29,23.697500228881836,24.334999084472656,23.587499618530273,24.334999084472656,257666000,21.90644645690918
2016-02-01,24.11750030517578,24.177499771118164,23.850000381469727,24.107500076293945,163774000,21.701650619506836
2016-02-02,23.854999542236328,24.010000228881836,23.56999969482422,23.6200008392334,149428800,21.262800216674805
2016-02-03,23.75,24.209999084472656,23.520000457763672,24.087499618530273,183857200,21.683645248413086
2016-02-04,23.96500015258789,24.332500457763672,23.797500610351562,24.149999618530273,185886800,21.85787010192871
2016-02-05,24.1299991607666,24.229999542236328,23.422500610351562,23.5049991607666,185672400,21.27408790588379
2016-02-08,23.282499313354492,23.924999237060547,23.260000228881836,23.752500534057617,216085600,21.498106002807617
2016-02-09,23.572500228881836,23.985000610351562,23.482500076293945,23.747499465942383,177324800,21.493572235107422
2016-02-10,23.979999542236328,24.087499618530273,23.524999618530273,23.5674991607666,169374400,21.33065414428711
2016-02-11,23.447500228881836,23.68000030517578,23.147499084472656,23.424999237060547,200298800,21.201684951782227
2016-02-12,23.547500610351562,23.625,23.252500534057617,23.497499465942383,161405600,21.267303466796875
2016-02-16,23.7549991607666,24.212499618530273,23.65250015258789,24.15999984741211,196231600,21.866924285888672
2016-02-17,24.167499542236328,24.552499771118164,24.037500381469727,24.530000686645508,179452800,22.201810836791992
2016-02-18,24.709999084472656,24.72249984741211,24.022499084472656,24.065000534057617,156084000,21.780942916870117
2016-02-19,24,24.190000534057617,23.950000762939453,24.010000228881836,141496800,21.731163024902344
2016-02-22,24.077499389648438,24.225000381469727,23.979999542236328,24.219999313354492,137123200,21.921234130859375
2016-02-23,24.100000381469727,24.125,23.637500762939453,23.672500610351562,127770400,21.42569351196289
2016-02-24,23.4950008392334,24.094999313354492,23.329999923706055,24.024999618530273,145022800,21.744735717773438
2016-02-25,24.012500762939453,24.190000534057617,23.8125,24.190000534057617,110330800,21.894079208374023
2016-02-26,24.299999237060547,24.5049991607666,24.145000457763672,24.227500915527344,115964400,21.928016662597656
2016-02-29,24.21500015258789,24.5575008392334,24.162500381469727,24.172500610351562,140865200,21.87824058532715
2016-03-01,24.412500381469727,25.1924991607666,24.354999542236328,25.13249969482422,201628400,22.74712562561035
2016-03-02,25.127500534057617,25.22249984741211,24.90999984741211,25.1875,132678400,22.79690170288086
2016-03-03,25.145000457763672,25.427499771118164,25.112499237060547,25.375,147822800,22.966611862182617
2016-03-04,25.592500686645508,25.9375,25.342500686645508,25.752500534057617,184220400,23.308279037475586
2016-03-07,25.59749984741211,25.707500457763672,25.239999771118164,25.467500686645508,143315600,23.050329208374023
2016-03-08,25.19499969482422,25.440000534057617,25.100000381469727,25.25749969482422,126247600,22.860258102416992
2016-03-09,25.327499389648438,25.395000457763672,25.0674991607666,25.280000686645508,108806800,22.880619049072266
2016-03-10,25.352500915527344,25.559999465942383,25.037500381469727,25.292499542236328,134054400,22.891939163208008
2016-03-11,25.559999465942383,25.56999969482422,25.375,25.565000534057617,109632800,23.138580322265625
2016-03-14,25.477500915527344,25.727500915527344,25.44499969482422,25.6299991607666,100304400,23.197402954101562
2016-03-15,25.989999771118164,26.295000076293945,25.962499618530273,26.145000457763672,160270800,23.66352081298828
2016-03-16,26.15250015258789,26.577499389648438,26.147499084472656,26.49250030517578,153214000,23.978046417236328
2016-03-17,26.3799991607666,26.61750030517578,26.239999771118164,26.450000762939453,137682800,23.939577102661133
2016-03-18,26.584999084472656,26.625,26.297500610351562,26.479999542236328,176820800,23.96672821044922
2016-03-21,26.482500076293945,26.912500381469727,26.28499984741211,26.477500915527344,142010800,23.96446990966797
2016-03-22,26.3125,26.822500228881836,26.302499771118164,26.68000030517578,129777600,24.14774513244629
2016-03-23,26.6200008392334,26.767499923706055,26.475000381469727,26.532499313354492,102814000,24.014245986938477
2016-03-24,26.36750030517578,26.5625,26.22249984741211,26.417499542236328,104532000,23.910165786743164
2016-03-28,26.5,26.547500610351562,26.264999389648438,26.297500610351562,77645600,23.801551818847656
2016-03-29,26.22249984741211,26.947500228881836,26.219999313354492,26.920000076293945,124760400,24.36496925354004
2016-03-30,27.162500381469727,27.604999542236328,27.149999618530273,27.389999389648438,182404400,24.790361404418945
2016-03-31,27.43000030517578,27.475000381469727,27.219999313354492,27.247499465942383,103553600,24.661388397216797
2016-04-01,27.19499969482422,27.5,27.049999237060547,27.497499465942383,103496000,24.887657165527344
2016-04-04,27.604999542236328,28.047500610351562,27.5674991607666,27.780000686645508,149424800,25.143339157104492
2016-04-05,27.377500534057617,27.6825008392334,27.354999542236328,27.452499389648438,106314800,24.846927642822266
2016-04-06,27.5575008392334,27.7450008392334,27.299999237060547,27.739999771118164,105616400,25.107139587402344
2016-04-07,27.487499237060547,27.604999542236328,27.030000686645508,27.135000228881836,127207600,24.559560775756836
2016-04-08,27.227500915527344,27.4424991607666,27.042499542236328,27.165000915527344,94326800,24.586715698242188
2016-04-11,27.24250030517578,27.65250015258789,27.207500457763672,27.2549991607666,117630000,24.668169021606445
2016-04-12,27.334999084472656,27.625,27.165000915527344,27.610000610351562,108929200,24.989484786987305
2016-04-13,27.700000762939453,28.084999084472656,27.700000762939453,28.010000228881836,133029200,25.35151481628418
2016-04-14,27.905000686645508,28.09749984741211,27.832500457763672,28.024999618530273,101895600,25.36509132385254
2016-04-15,28.02750015258789,28.075000762939453,27.4325008392334,27.462499618530273,187756000,24.85597801208496
2016-04-18,27.22249984741211,27.237499237060547,26.735000610351562,26.8700008392334,243286000,24.319717407226562
2016-04-19,26.969999313354492,27,26.5575008392334,26.727500915527344,129539600,24.190736770629883
2016-04-20,26.65999984741211,27.022499084472656,26.514999389648438,26.782499313354492,122444000,24.240516662597656
2016-04-21,26.732500076293945,26.732500076293945,26.3799991607666,26.49250030517578,126210000,23.978046417236328
2016-04-22,26.252500534057617,26.6200008392334,26.155000686645508,26.420000076293945,134732400,23.91242218017578
2016-04-25,26.25,26.412500381469727,26.127500534057617,26.270000457763672,112126400,23.776657104492188
2016-04-26,25.977500915527344,26.325000762939453,25.977500915527344,26.087499618530273,224064800,23.61148452758789
2016-04-27,24,24.677499771118164,23.920000076293945,24.454999923706055,458408400,22.13392448425293
2016-04-28,24.40250015258789,24.469999313354492,23.5625,23.707500457763672,328970800,21.45737075805664
2016-04-29,23.497499465942383,23.68000030517578,23.127500534057617,23.434999465942383,274126000,21.21073341369629
2016-05-02,23.49250030517578,23.520000457763672,23.100000381469727,23.40999984741211,192640400,21.1881046295166
2016-05-03,23.549999237060547,23.934999465942383,23.420000076293945,23.795000076293945,227325200,21.536571502685547
2016-05-04,23.799999237060547,23.975000381469727,23.454999923706055,23.547500610351562,164102000,21.312557220458984
2016-05-05,23.5,23.517499923706055,23.170000076293945,23.309999465942383,143562000,21.226045608520508
2016-05-06,23.342500686645508,23.362499237060547,22.962499618530273,23.18000030517578,174799600,21.10767936706543
2016-05-09,23.25,23.4424991607666,23.147499084472656,23.197500228881836,131745600,21.123607635498047
2016-05-10,23.332500457763672,23.392499923706055,23.02750015258789,23.354999542236328,134747200,21.26703453063965
2016-05-11,23.3700008392334,23.392499923706055,23.114999771118164,23.127500534057617,114876400,21.059873580932617
2016-05-12,23.18000030517578,23.19499969482422,22.36750030517578,22.584999084472656,305258800,20.56586456298828
2016-05-13,22.5,22.917499542236328,22.5,22.6299991607666,177571200,20.606843948364258
2016-05-16,23.09749984741211,23.59749984741211,22.912500381469727,23.469999313354492,245039200,21.371753692626953
2016-05-17,23.637500762939453,23.674999237060547,23.252500534057617,23.372499465942383,187667600,21.282962799072266
2016-05-18,23.540000915527344,23.802499771118164,23.47249984741211,23.639999389648438,168249600,21.526546478271484
2016-05-19,23.65999984741211,23.65999984741211,23.392499923706055,23.549999237060547,121768400,21.444597244262695
2016-05-20,23.65999984741211,23.857500076293945,23.6299991607666,23.80500030517578,128104000,21.676799774169922
2016-05-23,23.967500686645508,24.297500610351562,23.917499542236328,24.107500076293945,152074400,21.952251434326172
2016-05-24,24.30500030517578,24.522499084472656,24.209999084472656,24.475000381469727,140560800,22.28689956665039
2016-05-25,24.667499542236328,24.934999465942383,24.52750015258789,24.905000686645508,152675200,22.678455352783203
2016-05-26,24.920000076293945,25.1825008392334,24.65999984741211,25.102500915527344,225324800,22.85829734802246
2016-05-27,24.860000610351562,25.11750030517578,24.8125,25.087499618530273,145364800,22.844642639160156
2016-05-31,24.899999618530273,25.100000381469727,24.704999923706055,24.96500015258789,169228800,22.73309898376465
2016-06-01,24.7549991607666,24.885000228881836,24.582500457763672,24.614999771118164,116693200,22.414384841918945
2016-06-02,24.399999618530273,24.459999084472656,24.157499313354492,24.43000030517578,160766400,22.245927810668945
2016-06-03,24.447500228881836,24.5674991607666,24.362499237060547,24.479999542236328,114019600,22.291452407836914
2016-06-06,24.497499465942383,25.47249984741211,24.387500762939453,24.657499313354492,93170000,22.45308494567871
2016-06-07,24.8125,24.967500686645508,24.739999771118164,24.75749969482422,89638000,22.544145584106445
2016-06-08,24.7549991607666,24.889999389648438,24.670000076293945,24.735000610351562,83392400,22.52366065979004
2016-06-09,24.625,24.997499465942383,24.614999771118164,24.912500381469727,106405600,22.685291290283203
2016-06-10,24.63249969482422,24.837499618530273,24.6200008392334,24.707500457763672,126851600,22.498611450195312
2016-06-13,24.672500610351562,24.780000686645508,24.274999618530273,24.334999084472656,152082000,22.1594181060791
2016-06-14,24.329999923706055,24.6200008392334,24.1875,24.364999771118164,127727600,22.18672752380371
2016-06-15,24.454999923706055,24.602500915527344,24.25749969482422,24.28499984741211,117780800,22.113882064819336
2016-06-16,24.112499237060547,24.4375,24.017499923706055,24.387500762939453,125307200,22.207218170166016
2016-06-17,24.155000686645508,24.162500381469727,23.825000762939453,23.832500457763672,244032800,21.701841354370117
2016-06-20,24,24.142499923706055,23.75749969482422,23.774999618530273,137647600,21.64948844909668
2016-06-21,23.735000610351562,24.087499618530273,23.670000076293945,23.977500915527344,142185600,21.83387565612793
2016-06-22,24.0625,24.22249984741211,23.837499618530273,23.887500762939453,116876400,21.751920700073242
2016-06-23,23.985000610351562,24.072500228881836,23.8125,24.024999618530273,128960800,21.87713623046875
2016-06-24,23.227500915527344,23.665000915527344,23.162500381469727,23.350000381469727,301245600,21.262474060058594
2016-06-27,23.25,23.262500762939453,22.875,23.010000228881836,181958400,20.95287322998047
2016-06-28,23.225000381469727,23.415000915527344,23.03499984741211,23.397499084472656,161779600,21.305728912353516
2016-06-29,23.49250030517578,23.637500762939453,23.407499313354492,23.600000381469727,146124000,21.490129470825195
2016-06-30,23.610000610351562,23.9424991607666,23.575000762939453,23.899999618530273,143345600,21.7633056640625
2016-07-01,23.872499465942383,24.11750030517578,23.832500457763672,23.97249984741211,104106000,21.829326629638672
2016-07-05,23.84749984741211,23.850000381469727,23.614999771118164,23.747499465942383,110820800,21.624433517456055
2016-07-06,23.649999618530273,23.915000915527344,23.592500686645508,23.88249969482422,123796400,21.74736785888672
2016-07-07,23.924999237060547,24.125,23.905000686645508,23.985000610351562,100558400,21.840702056884766
2016-07-08,24.122499465942383,24.22249984741211,24.012500762939453,24.170000076293945,115648400,22.009172439575195
2016-07-11,24.1875,24.412500381469727,24.1825008392334,24.2450008392334,95179600,22.077463150024414
2016-07-12,24.292499542236328,24.424999237060547,24.280000686645508,24.354999542236328,96670000,22.17762565612793
2016-07-13,24.352500915527344,24.417499542236328,24.209999084472656,24.217500686645508,103568800,22.052425384521484
2016-07-14,24.34749984741211,24.747499465942383,24.329999923706055,24.697500228881836,155676000,22.4895076751709
2016-07-15,24.729999542236328,24.825000762939453,24.625,24.69499969482422,120548000,22.487234115600586
2016-07-18,24.674999237060547,25.032499313354492,24.649999618530273,24.957500457763672,145975600,22.726259231567383
2016-07-19,24.889999389648438,25,24.834999084472656,24.967500686645508,95119600,22.735366821289062
2016-07-20,25,25.114999771118164,24.934999465942383,24.989999771118164,105104000,22.755855560302734
2016-07-21,24.957500457763672,25.25,24.782499313354492,24.857500076293945,130808000,22.635196685791016
2016-07-22,24.815000534057617,24.825000762939453,24.577499389648438,24.665000915527344,113254800,22.459909439086914
2016-07-25,24.5625,24.709999084472656,24.229999542236328,24.334999084472656,161531600,22.1594181060791
2016-07-26,24.204999923706055,24.49250030517578,24.104999542236328,24.167499542236328,224959200,22.006881713867188
2016-07-27,26.0674991607666,26.087499618530273,25.6875,25.737499237060547,369379200,23.4365291595459
2016-07-28,25.707500457763672,26.112499237060547,25.704999923706055,26.084999084472656,159479200,23.752965927124023
2016-07-29,26.047500610351562,26.137500762939453,25.920000076293945,26.052499771118164,110934800,23.723369598388672
2016-08-01,26.102500915527344,26.537500381469727,26.102500915527344,26.512500762939453,152671600,24.142248153686523
2016-08-02,26.512500762939453,26.517499923706055,26,26.1200008392334,135266400,23.784841537475586
2016-08-03,26.202499389648438,26.459999084472656,26.1924991607666,26.447500228881836,120810400,24.083057403564453
2016-08-04,26.395000457763672,26.5,26.31999969482422,26.467500686645508,109634800,24.231828689575195
2016-08-05,26.5674991607666,26.912500381469727,26.545000076293945,26.8700008392334,162213600,24.60033416748047
2016-08-08,26.8799991607666,27.092500686645508,26.790000915527344,27.092500686645508,112148800,24.804039001464844
2016-08-09,27.0575008392334,27.235000610351562,27.002500534057617,27.202499389648438,105260800,24.904743194580078
2016-08-10,27.177499771118164,27.225000381469727,26.940000534057617,27,96034000,24.71934700012207
2016-08-11,27.1299991607666,27.232500076293945,26.962499618530273,26.982500076293945,109938000,24.703330993652344
2016-08-12,26.94499969482422,27.110000610351562,26.94499969482422,27.045000076293945,74641600,24.760549545288086
2016-08-15,27.03499984741211,27.385000228881836,27.020000457763672,27.3700008392334,103472800,25.0580997467041
2016-08-16,27.407499313354492,27.5575008392334,27.302499771118164,27.344999313354492,135177600,25.03521156311035
2016-08-17,27.274999618530273,27.342500686645508,27.084999084472656,27.30500030517578,101424000,24.99859046936035
2016-08-18,27.3075008392334,27.399999618530273,27.2549991607666,27.270000457763672,87938800,24.966541290283203
2016-08-19,27.1924991607666,27.422500610351562,27.09000015258789,27.34000015258789,101472400,25.030637741088867
2016-08-22,27.21500015258789,27.274999618530273,26.962499618530273,27.127500534057617,103280800,24.836082458496094
2016-08-23,27.147499084472656,27.329999923706055,27.13249969482422,27.212499618530273,85030800,24.91390037536621
2016-08-24,27.142499923706055,27.1875,26.920000076293945,27.00749969482422,94700400,24.726213455200195
2016-08-25,26.84749984741211,26.969999313354492,26.670000076293945,26.892499923706055,100344800,24.62093162536621
2016-08-26,26.852500915527344,26.987499237060547,26.577499389648438,26.735000610351562,111065200,24.47673225402832
2016-08-29,26.655000686645508,26.860000610351562,26.572500228881836,26.704999923706055,99881200,24.449270248413086
2016-08-30,26.450000762939453,26.625,26.375,26.5,99455600,24.261585235595703
2016-08-31,26.415000915527344,26.642499923706055,26.40999984741211,26.524999618530273,118649600,24.284473419189453
2016-09-01,26.53499984741211,26.700000762939453,26.405000686645508,26.6825008392334,106806000,24.428667068481445
2016-09-02,26.924999237060547,27,26.704999923706055,26.9325008392334,107210000,24.657550811767578
2016-09-06,26.975000381469727,27.075000762939453,26.877500534057617,26.924999237060547,107521600,24.650684356689453
2016-09-07,26.957500457763672,27.190000534057617,26.767499923706055,27.09000015258789,169457200,24.80175018310547
2016-09-08,26.8125,26.8174991607666,26.309999465942383,26.3799991607666,212008000,24.151716232299805
2016-09-09,26.15999984741211,26.43000030517578,25.782499313354492,25.782499313354492,186228000,23.604690551757812
2016-09-12,25.662500381469727,26.43000030517578,25.63249969482422,26.360000610351562,181171200,24.133413314819336
2016-09-13,26.877500534057617,27.197500228881836,26.809999465942383,26.987499237060547,248704800,24.707910537719727
2016-09-14,27.1825008392334,28.25749969482422,27.149999618530273,27.9424991607666,443554800,25.582239151000977
2016-09-15,28.46500015258789,28.9325008392334,28.372499465942383,28.892499923706055,359934400,26.45199203491211
2016-09-16,28.780000686645508,29.032499313354492,28.510000228881836,28.729999542236328,319547600,26.303220748901367
2016-09-19,28.797500610351562,29.045000076293945,28.3125,28.395000457763672,188092000,25.99651527404785
2016-09-20,28.262500762939453,28.530000686645508,28.127500534057617,28.392499923706055,138057200,25.994224548339844
2016-09-21,28.462499618530273,28.497499465942383,28.110000610351562,28.387500762939453,144012800,25.989652633666992
2016-09-22,28.587499618530273,28.735000610351562,28.5,28.655000686645508,124296000,26.234556198120117
2016-09-23,28.604999542236328,28.697500228881836,27.887500762939453,28.177499771118164,209924800,25.797391891479492
2016-09-26,27.90999984741211,28.34749984741211,27.887500762939453,28.219999313354492,119477600,25.8362979888916
2016-09-27,28.25,28.295000076293945,28.084999084472656,28.272499084472656,98429600,25.884366989135742
2016-09-28,28.422500610351562,28.65999984741211,28.357500076293945,28.487499237060547,118564400,26.081199645996094
2016-09-29,28.290000915527344,28.450000762939453,27.950000762939453,28.045000076293945,143548000,25.67608070373535
2016-09-30,28.114999771118164,28.342500686645508,27.950000762939453,28.262500762939453,145516400,25.875213623046875
2016-10-03,28.177499771118164,28.262500762939453,28.06999969482422,28.1299991607666,86807200,25.753902435302734
2016-10-04,28.264999389648438,28.577499389648438,28.157499313354492,28.25,118947200,25.863765716552734
2016-10-05,28.350000381469727,28.415000915527344,28.172500610351562,28.262500762939453,85812400,25.875213623046875
2016-10-06,28.424999237060547,28.584999084472656,28.282499313354492,28.47249984741211,115117200,26.067472457885742
2016-10-07,28.577499389648438,28.639999389648438,28.377500534057617,28.514999389648438,97433600,26.10637664794922
2016-10-10,28.7549991607666,29.1875,28.68000030517578,29.012500762939453,144944000,26.561859130859375
2016-10-11,29.424999237060547,29.672500610351562,29.049999237060547,29.075000762939453,256164000,26.619077682495117
2016-10-12,29.337499618530273,29.4950008392334,29.1875,29.334999084472656,150347200,26.85711669921875
2016-10-13,29.197500228881836,29.360000610351562,28.93000030517578,29.2450008392334,140769600,26.774715423583984
2016-10-14,29.469999313354492,29.542499542236328,29.282499313354492,29.407499313354492,142608800,26.92348861694336
2016-10-17,29.332500457763672,29.459999084472656,29.19499969482422,29.387500762939453,94499600,26.90518569946289
2016-10-18,29.545000076293945,29.552499771118164,29.362499237060547,29.36750030517578,98214000,26.886873245239258
2016-10-19,29.3125,29.440000534057617,28.450000762939453,29.280000686645508,80138400,26.806760787963867
2016-10-20,29.21500015258789,29.344999313354492,29.082500457763672,29.264999389648438,96503200,26.793025970458984
2016-10-21,29.202499389648438,29.227500915527344,29.06999969482422,29.149999618530273,92770800,26.687744140625
2016-10-24,29.274999618530273,29.434999465942383,29.25,29.412500381469727,94154800,26.92807388305664
2016-10-25,29.487499237060547,29.59000015258789,29.327499389648438,29.5625,192516000,27.06539535522461
2016-10-26,28.577499389648438,28.924999237060547,28.327499389648438,28.897499084472656,264536800,26.45656967163086
2016-10-27,28.84749984741211,28.96500015258789,28.524999618530273,28.6200008392334,138248000,26.202510833740234
2016-10-28,28.467500686645508,28.802499771118164,28.362499237060547,28.43000030517578,151446800,26.028553009033203
2016-10-31,28.412500381469727,28.5575008392334,28.299999237060547,28.385000228881836,105677600,25.98736000061035
2016-11-01,28.364999771118164,28.4424991607666,27.63249969482422,27.872499465942383,175303200,25.51814842224121
2016-11-02,27.850000381469727,28.087499618530273,27.8075008392334,27.897499084472656,113326800,25.54103660583496
2016-11-03,27.7450008392334,27.864999771118164,27.387500762939453,27.457500457763672,107730400,25.26727294921875
2016-11-04,27.13249969482422,27.5625,27.02750015258789,27.209999084472656,123348000,25.03951072692871
2016-11-07,27.520000457763672,27.627500534057617,27.364999771118164,27.602500915527344,130240000,25.40070343017578
2016-11-08,27.577499389648438,27.93000030517578,27.424999237060547,27.764999389648438,97016800,25.55023765563965
2016-11-09,27.469999313354492,27.829999923706055,27.012500762939453,27.719999313354492,236705600,25.508831024169922
2016-11-10,27.772499084472656,27.772499084472656,26.457500457763672,26.947500228881836,228538000,24.79795265197754
2016-11-11,26.780000686645508,27.217500686645508,26.637500762939453,27.107500076293945,136575600,24.945194244384766
2016-11-14,26.927499771118164,26.952499389648438,26.020000457763672,26.427499771118164,204702000,24.31943130493164
2016-11-15,26.642499923706055,26.920000076293945,26.540000915527344,26.77750015258789,129058000,24.641504287719727
2016-11-16,26.674999237060547,27.5575008392334,26.649999618530273,27.497499465942383,235362000,25.304073333740234
2016-11-17,27.452499389648438,27.587499618530273,27.207500457763672,27.487499237060547,110528000,25.294879913330078
2016-11-18,27.43000030517578,27.635000228881836,27.415000915527344,27.514999389648438,113715600,25.320180892944336
2016-11-21,27.530000686645508,27.997499465942383,27.502500534057617,27.9325008392334,117058400,25.704387664794922
2016-11-22,27.987499237060547,28.104999542236328,27.850000381469727,27.950000762939453,103862000,25.720481872558594
2016-11-23,27.84000015258789,27.877500534057617,27.582500457763672,27.8075008392334,109705600,25.589353561401367
2016-11-25,27.782499313354492,27.967500686645508,27.737499237060547,27.947500228881836,45903600,25.718185424804688
2016-11-28,27.857500076293945,28.11750030517578,27.84749984741211,27.892499923706055,108776000,25.66756820678711
2016-11-29,27.69499969482422,28.00749969482422,27.517499923706055,27.864999771118164,114115200,25.642261505126953
2016-11-30,27.899999618530273,28.049999237060547,27.5674991607666,27.6299991607666,144649200,25.42601203918457
2016-12-01,27.592500686645508,27.735000610351562,27.25749969482422,27.372499465942383,148347600,25.189054489135742
2016-12-02,27.292499542236328,27.522499084472656,27.212499618530273,27.475000381469727,106112000,25.28337287902832
2016-12-05,27.5,27.50749969482422,27.0625,27.27750015258789,137298000,25.101633071899414
2016-12-06,27.375,27.59000015258789,27.297500610351562,27.487499237060547,104782000,25.294879913330078
2016-12-07,27.315000534057617,27.797500610351562,27.290000915527344,27.75749969482422,119994800,25.5433406829834
2016-12-08,27.71500015258789,28.107500076293945,27.649999618530273,28.030000686645508,108273200,25.79410743713379
2016-12-09,28.077499389648438,28.674999237060547,28.077499389648438,28.487499237060547,137610400,26.21510887145996
2016-12-12,28.322500228881836,28.75,28.122499465942383,28.325000762939453,105497600,26.065567016601562
2016-12-13,28.459999084472656,28.979999542236328,28.4375,28.797500610351562,174935200,26.500377655029297
2016-12-14,28.760000228881836,29.049999237060547,28.7450008392334,28.797500610351562,136127200,26.500377655029297
2016-12-15,28.844999313354492,29.1825008392334,28.8075008392334,28.954999923706055,186098000,26.645315170288086
2016-12-16,29.11750030517578,29.125,28.912500381469727,28.99250030517578,177404400,26.679826736450195
2016-12-19,28.950000762939453,29.344999313354492,28.9375,29.15999984741211,111117600,26.833967208862305
2016-12-20,29.184999465942383,29.375,29.170000076293945,29.237499237060547,85700000,26.905282974243164
2016-12-21,29.200000762939453,29.350000381469727,29.19499969482422,29.264999389648438,95132800,26.930587768554688
2016-12-22,29.087499618530273,29.127500534057617,28.90999984741211,29.072500228881836,104343600,26.753442764282227
2016-12-23,28.897499084472656,29.1299991607666,28.897499084472656,29.1299991607666,56998000,26.806354522705078
2016-12-27,29.1299991607666,29.450000762939453,29.122499465942383,29.315000534057617,73187600,26.97660255432129
2016-12-28,29.3799991607666,29.5049991607666,29.049999237060547,29.190000534057617,83623600,26.861576080322266
2016-12-29,29.112499237060547,29.27750015258789,29.100000381469727,29.1825008392334,60158000,26.85467529296875
2016-12-30,29.162500381469727,29.299999237060547,28.857500076293945,28.954999923706055,122345200,26.645315170288086
2017-01-03,28.950000762939453,29.082500457763672,28.690000534057617,29.037500381469727,115127600,26.72123908996582
2017-01-04,28.962499618530273,29.127500534057617,28.9375,29.0049991607666,84472400,26.691328048706055
2017-01-05,28.979999542236328,29.21500015258789,28.952499389648438,29.15250015258789,88774400,26.827068328857422
2017-01-06,29.19499969482422,29.540000915527344,29.11750030517578,29.477500915527344,127007600,27.126136779785156
2017-01-09,29.487499237060547,29.857500076293945,29.485000610351562,29.747499465942383,134247600,27.374597549438477
2017-01-10,29.6924991607666,29.844999313354492,29.575000762939453,29.77750015258789,97848400,27.402206420898438
2017-01-11,29.684999465942383,29.982500076293945,29.649999618530273,29.9375,110354400,27.54944610595703
2017-01-12,29.725000381469727,29.825000762939453,29.552499771118164,29.8125,108344800,27.434415817260742
2017-01-13,29.77750015258789,29.905000686645508,29.702499389648438,29.760000228881836,104447600,27.386104583740234
2017-01-17,29.584999084472656,30.059999465942383,29.55500030517578,30,137759200,27.606958389282227
2017-01-18,30,30.125,29.927499771118164,29.997499465942383,94852000,27.604665756225586
2017-01-19,29.850000381469727,30.022499084472656,29.842500686645508,29.94499969482422,102389200,27.55634117126465
2017-01-20,30.112499237060547,30.112499237060547,29.9325008392334,30,130391600,27.606958389282227
2017-01-23,30,30.202499389648438,29.9424991607666,30.020000457763672,88200800,27.625370025634766
2017-01-24,29.887500762939453,30.024999618530273,29.875,29.99250030517578,92844000,27.60005760192871
2017-01-25,30.104999542236328,30.524999618530273,30.06999969482422,30.469999313354492,129510400,28.03946876525879
2017-01-26,30.417499542236328,30.610000610351562,30.399999618530273,30.485000610351562,105350400,28.05327606201172
2017-01-27,30.53499984741211,30.587499618530273,30.399999618530273,30.487499237060547,82251600,28.055572509765625
2017-01-30,30.232500076293945,30.407499313354492,30.165000915527344,30.407499313354492,121510000,27.981952667236328
2017-01-31,30.287500381469727,30.34749984741211,30.155000686645508,30.337499618530273,196804000,27.91753578186035
2017-02-01,31.75749969482422,32.622501373291016,31.752500534057617,32.1875,447940000,29.619972229003906
2017-02-02,31.9950008392334,32.34749984741211,31.94499969482422,32.13249969482422,134841600,29.569355010986328
2017-02-03,32.07749938964844,32.29750061035156,32.040000915527344,32.27000045776367,98029200,29.695886611938477
2017-02-06,32.282501220703125,32.625,32.224998474121094,32.5724983215332,107383600,29.974245071411133
2017-02-07,32.6349983215332,33.022499084472656,32.61249923706055,32.88249969482422,152735200,30.259532928466797
2017-02-08,32.837501525878906,33.05500030517578,32.80500030517578,33.0099983215332,92016400,30.37685775756836
2017-02-09,32.912498474121094,33.11249923706055,32.779998779296875,33.10499954223633,113399600,30.596351623535156
2017-02-10,33.1150016784668,33.23500061035156,33.01250076293945,33.029998779296875,80262000,30.527040481567383
2017-02-13,33.27000045776367,33.45500183105469,33.1875,33.3224983215332,92141600,30.797380447387695
2017-02-14,33.36750030517578,33.772499084472656,33.3125,33.755001068115234,132904800,31.197113037109375
2017-02-15,33.880001068115234,34.067501068115234,33.654998779296875,33.877498626708984,142492400,31.310317993164062
2017-02-16,33.91749954223633,33.974998474121094,33.709999084472656,33.837501525878906,90338400,31.27335548400879
2017-02-17,33.775001525878906,33.95750045776367,33.775001525878906,33.93000030517578,88792800,31.358844757080078
2017-02-21,34.057498931884766,34.1875,33.994998931884766,34.17499923706055,98028800,31.58527946472168
2017-02-22,34.10749816894531,34.279998779296875,34.02750015258789,34.27750015258789,83347600,31.680017471313477
2017-02-23,34.345001220703125,34.369998931884766,34.07500076293945,34.13249969482422,83152800,31.54599952697754
2017-02-24,33.977500915527344,34.165000915527344,33.81999969482422,34.165000915527344,87106400,31.5760440826416
2017-02-27,34.28499984741211,34.36000061035156,34.06999969482422,34.23249816894531,81029600,31.638418197631836
2017-02-28,34.27000045776367,34.36000061035156,34.17499923706055,34.247501373291016,93931600,31.65228271484375
2017-03-01,34.47249984741211,35.037498474121094,34.400001525878906,34.9474983215332,145658400,32.29922866821289
2017-03-02,35,35.06999969482422,34.689998626708984,34.7400016784668,104844000,32.107479095458984
2017-03-03,34.69499969482422,34.95750045776367,34.647499084472656,34.94499969482422,84432400,32.29692840576172
2017-03-06,34.842498779296875,34.942501068115234,34.650001525878906,34.834999084472656,87000000,32.19527053833008
2017-03-07,34.76499938964844,34.994998931884766,34.6974983215332,34.880001068115234,69785200,32.23685073852539
2017-03-08,34.73749923706055,34.95000076293945,34.70500183105469,34.75,74828800,32.11670684814453
2017-03-09,34.685001373291016,34.6974983215332,34.26250076293945,34.66999816894531,88623600,32.04276657104492
2017-03-10,34.8125,34.84000015258789,34.65999984741211,34.78499984741211,78451200,32.149044036865234
2017-03-13,34.712501525878906,34.85749816894531,34.70500183105469,34.79999923706055,69686800,32.16291809082031
2017-03-14,34.82500076293945,34.912498474121094,34.709999084472656,34.747501373291016,61236400,32.1143913269043
2017-03-15,34.852500915527344,35.1875,34.75749969482422,35.1150016784668,102767200,32.454044342041016
2017-03-16,35.18000030517578,35.255001068115234,35.064998626708984,35.17250061035156,76928000,32.50718307495117
2017-03-17,35.25,35.25,34.97249984741211,34.997501373291016,175540000,32.345458984375
2017-03-20,35.099998474121094,35.375,35.057498931884766,35.3650016784668,86168000,32.68510055541992
2017-03-21,35.52750015258789,35.70000076293945,34.932498931884766,34.959999084472656,158119600,32.310787200927734
2017-03-22,34.962501525878906,35.400001525878906,34.939998626708984,35.35499954223633,103440800,32.67585754394531
2017-03-23,35.314998626708984,35.39500045776367,35.15250015258789,35.22999954223633,81385200,32.560340881347656
2017-03-24,35.375,35.435001373291016,35.087501525878906,35.15999984741211,89582400,32.495635986328125
2017-03-27,34.84749984741211,35.30500030517578,34.654998779296875,35.220001220703125,94300400,32.55108642578125
2017-03-28,35.227500915527344,36.0099983215332,35.154998779296875,35.95000076293945,133499200,33.22577667236328
2017-03-29,35.91999816894531,36.122501373291016,35.79750061035156,36.029998779296875,116760000,33.299713134765625
2017-03-30,36.04750061035156,36.125,35.875,35.98249816894531,84829200,33.25580596923828
2017-03-31,35.93000030517578,36.067501068115234,35.752498626708984,35.915000915527344,78646800,33.193424224853516
2017-04-03,35.9275016784668,36.029998779296875,35.76250076293945,35.92499923706055,79942800,33.20266342163086
2017-04-04,35.8125,36.22249984741211,35.79249954223633,36.192501068115234,79565600,33.44989013671875
2017-04-05,36.05500030517578,36.3650016784668,35.95249938964844,36.005001068115234,110871600,33.27660369873047
2017-04-06,36.0724983215332,36.130001068115234,35.86249923706055,35.915000915527344,84596000,33.193424224853516
2017-04-07,35.932498931884766,36.04499816894531,35.817501068115234,35.834999084472656,66688800,33.119483947753906
2017-04-10,35.900001525878906,35.970001220703125,35.724998474121094,35.79249954223633,75733600,33.08021545410156
2017-04-11,35.73500061035156,35.837501525878906,35.01499938964844,35.407501220703125,121517600,32.72438430786133
2017-04-12,35.400001525878906,35.537498474121094,35.252498626708984,35.45000076293945,81400000,32.76365280151367
2017-04-13,35.477500915527344,35.595001220703125,35.26250076293945,35.26250076293945,71291600,32.59037399291992
2017-04-17,35.369998931884766,35.470001220703125,35.217498779296875,35.45750045776367,66328400,32.77058792114258
2017-04-18,35.352500915527344,35.5099983215332,35.27750015258789,35.29999923706055,58790000,32.625030517578125
2017-04-19,35.470001220703125,35.5,35.11249923706055,35.16999816894531,69313600,32.50486755371094
2017-04-20,35.30500030517578,35.72999954223633,35.290000915527344,35.61000061035156,93278400,32.911537170410156
2017-04-21,35.61000061035156,35.66999816894531,35.462501525878906,35.567501068115234,69283600,32.87226486206055
2017-04-24,35.875,35.98749923706055,35.79499816894531,35.90999984741211,68537200,33.188804626464844
2017-04-25,35.977500915527344,36.224998474121094,35.967498779296875,36.13249969482422,75486000,33.39444351196289
2017-04-26,36.11750030517578,36.150001525878906,35.845001220703125,35.91999816894531,80164800,33.19804000854492
2017-04-27,35.97999954223633,36.040000915527344,35.82749938964844,35.9474983215332,56985200,33.223453521728516
2017-04-28,36.022499084472656,36.07500076293945,35.817501068115234,35.912498474121094,83441600,33.19110870361328
2017-05-01,36.275001525878906,36.79999923706055,36.2400016784668,36.64500045776367,134411600,33.86810302734375
2017-05-02,36.8849983215332,37.022499084472656,36.709999084472656,36.877498626708984,181408800,34.08298110961914
2017-05-03,36.397499084472656,36.872501373291016,36.067501068115234,36.76499938964844,182788000,33.97901153564453
2017-05-04,36.630001068115234,36.78499984741211,36.45249938964844,36.63249969482422,93487600,33.8565559387207
2017-05-05,36.689998626708984,37.244998931884766,36.689998626708984,37.2400016784668,109310800,34.41802215576172
2017-05-08,37.25749969482422,38.42499923706055,37.25749969482422,38.252498626708984,195009600,35.353797912597656
2017-05-09,38.467498779296875,38.720001220703125,38.36249923706055,38.497501373291016,156521600,35.580223083496094
2017-05-10,38.407501220703125,38.48500061035156,38.02750015258789,38.314998626708984,103222800,35.41155242919922
2017-05-11,38.11249923706055,38.51750183105469,38.07749938964844,38.48749923706055,109020400,35.717796325683594
2017-05-12,38.67499923706055,39.10499954223633,38.66749954223633,39.025001525878906,130108000,36.216636657714844
2017-05-15,39.002498626708984,39.162498474121094,38.76250076293945,38.92499923706055,104038800,36.12382507324219
2017-05-16,38.98500061035156,39.01499938964844,38.68000030517578,38.86750030517578,80194000,36.070465087890625
2017-05-17,38.400001525878906,38.64250183105469,37.4275016784668,37.5625,203070800,34.8593635559082
2017-05-18,37.817501068115234,38.334999084472656,37.782501220703125,38.1349983215332,134272800,35.39067077636719
2017-05-19,38.345001220703125,38.494998931884766,38.157501220703125,38.26499938964844,107843200,35.51131820678711
2017-05-22,38.5,38.64500045776367,38.227500915527344,38.497501373291016,91865600,35.727088928222656
2017-05-23,38.724998474121094,38.724998474121094,38.32749938964844,38.45000076293945,79675600,35.683006286621094
2017-05-24,38.459999084472656,38.54249954223633,38.16749954223633,38.334999084472656,76712000,35.57628631591797
2017-05-25,38.432498931884766,38.587501525878906,38.25749969482422,38.467498779296875,76942400,35.6992301940918
2017-05-26,38.5,38.560001373291016,38.32749938964844,38.40250015258789,87710400,35.63893127441406
2017-05-30,38.35499954223633,38.60749816894531,38.33250045776367,38.41749954223633,80507600,35.6528434753418
2017-05-31,38.49250030517578,38.54249954223633,38.095001220703125,38.189998626708984,97804800,35.44171905517578
2017-06-01,38.29249954223633,38.33250045776367,38.05500030517578,38.29499816894531,65616400,35.53916549682617
2017-06-02,38.39500045776367,38.86249923706055,38.22249984741211,38.86249923706055,111082800,36.065818786621094
2017-06-05,38.584999084472656,38.61249923706055,38.3650016784668,38.48249816894531,101326800,35.71316909790039
2017-06-06,38.474998474121094,38.95249938964844,38.44499969482422,38.61249923706055,106499600,35.833805084228516
2017-06-07,38.755001068115234,38.994998931884766,38.619998931884766,38.842498779296875,84278400,36.0472526550293
2017-06-08,38.8125,38.8849983215332,38.599998474121094,38.747501373291016,85003200,35.959102630615234
2017-06-09,38.79750061035156,38.79750061035156,36.505001068115234,37.244998931884766,259530800,34.5647087097168
2017-06-12,36.435001373291016,36.522499084472656,35.627498626708984,36.35499954223633,289229200,33.73876190185547
2017-06-13,36.790000915527344,36.86249923706055,36.287498474121094,36.647499084472656,136661600,34.01021194458008
2017-06-14,36.875,36.875,35.959999084472656,36.290000915527344,126124800,33.67844009399414
2017-06-15,35.83000183105469,36.119998931884766,35.5525016784668,36.0724983215332,128661600,33.476593017578125
2017-06-16,35.94499969482422,36.125,35.54999923706055,35.567501068115234,201444400,33.00795364379883
2017-06-19,35.915000915527344,36.685001373291016,35.915000915527344,36.584999084472656,130165600,33.952232360839844
2017-06-20,36.717498779296875,36.717498779296875,36.23500061035156,36.252498626708984,99600400,33.64363479614258
2017-06-21,36.380001068115234,36.51750183105469,36.15250015258789,36.467498779296875,85063200,33.84317398071289
2017-06-22,36.442501068115234,36.67499923706055,36.279998779296875,36.407501220703125,76425200,33.78748321533203
2017-06-23,36.282501220703125,36.790000915527344,36.27750015258789,36.56999969482422,141757600,33.938289642333984
2017-06-26,36.79249954223633,37.06999969482422,36.345001220703125,36.45500183105469,102769600,33.831573486328125
2017-06-27,36.252498626708984,36.540000915527344,35.904998779296875,35.932498931884766,99047600,33.3466796875
2017-06-28,36.122501373291016,36.52750015258789,35.790000915527344,36.45750045776367,88329600,33.833892822265625
2017-06-29,36.1775016784668,36.282501220703125,35.56999969482422,35.91999816894531,125997600,33.33506774902344
2017-06-30,36.11249923706055,36.2400016784668,35.94499969482422,36.005001068115234,92096400,33.41395950317383
2017-07-03,36.220001220703125,36.32500076293945,35.775001525878906,35.875,57111200,33.29330825805664
2017-07-05,35.92250061035156,36.1974983215332,35.68000030517578,36.022499084472656,86278400,33.430206298828125
2017-07-06,35.755001068115234,35.875,35.602500915527344,35.682498931884766,96515200,33.11466598510742
2017-07-07,35.724998474121094,36.1875,35.724998474121094,36.04499816894531,76806800,33.45106506347656
2017-07-10,36.02750015258789,36.48749923706055,35.842498779296875,36.26499938964844,84362400,33.65523910522461
2017-07-11,36.182498931884766,36.462501525878906,36.095001220703125,36.38249969482422,79127200,33.7642822265625
2017-07-12,36.467498779296875,36.54499816894531,36.20500183105469,36.435001373291016,99538000,33.81302261352539
2017-07-13,36.375,37.122501373291016,36.36000061035156,36.942501068115234,100797600,34.28399658203125
2017-07-14,36.99250030517578,37.33250045776367,36.83250045776367,37.2599983215332,80528400,34.578643798828125
2017-07-17,37.20500183105469,37.724998474121094,37.14250183105469,37.38999938964844,95174000,34.69928741455078
2017-07-18,37.29999923706055,37.532501220703125,37.16749954223633,37.52000045776367,71475200,34.819942474365234
2017-07-19,37.619998931884766,37.85499954223633,37.48749923706055,37.755001068115234,83692000,35.03801727294922
2017-07-20,37.875,37.935001373291016,37.54750061035156,37.584999084472656,68974800,34.8802490234375
2017-07-21,37.497501373291016,37.61000061035156,37.220001220703125,37.567501068115234,105010400,34.864017486572266
2017-07-24,37.64500045776367,38.11000061035156,37.474998474121094,38.022499084472656,85972800,35.28627014160156
2017-07-25,37.95000076293945,38.459999084472656,37.95000076293945,38.185001373291016,75415600,35.437076568603516
2017-07-26,38.337501525878906,38.48249816894531,38.26499938964844,38.3650016784668,63124000,35.604129791259766
2017-07-27,38.4375,38.497501373291016,36.82500076293945,37.63999938964844,129905200,34.93128967285156
2017-07-28,37.47249984741211,37.557498931884766,37.29750061035156,37.375,68854800,34.68535614013672
2017-07-31,37.474998474121094,37.58250045776367,37.032501220703125,37.182498931884766,79383600,34.50672149658203
2017-08-01,37.275001525878906,37.55500030517578,37.102500915527344,37.51250076293945,141474400,34.81297302246094
2017-08-02,39.81999969482422,39.9375,39.040000915527344,39.28499984741211,279747200,36.45790481567383
2017-08-03,39.26250076293945,39.3025016784668,38.755001068115234,38.89250183105469,108389200,36.093666076660156
2017-08-04,39.01750183105469,39.349998474121094,38.92250061035156,39.09749984741211,82239600,36.283905029296875
2017-08-07,39.26499938964844,39.72999954223633,39.16749954223633,39.70249938964844,87481200,36.84537124633789
2017-08-08,39.650001525878906,40.45750045776367,39.567501068115234,40.02000045776367,144823600,37.1400260925293
2017-08-09,39.814998626708984,40.317501068115234,39.77750015258789,40.26499938964844,104526000,37.367401123046875
2017-08-10,39.974998474121094,40,38.657501220703125,38.83000183105469,163217200,36.177181243896484
2017-08-11,39.150001525878906,39.64250183105469,39.01750183105469,39.369998931884766,105028400,36.680274963378906
2017-08-14,39.83000183105469,40.0525016784668,39.6875,39.962501525878906,88490800,37.2322998046875
2017-08-15,40.165000915527344,40.54999923706055,40.03499984741211,40.400001525878906,117862000,37.63991928100586
2017-08-16,40.48500061035156,40.627498626708984,40.037498474121094,40.23749923706055,110686400,37.48851013183594
2017-08-17,40.130001068115234,40.1775016784668,39.459999084472656,39.46500015258789,111762400,36.76877975463867
2017-08-18,39.46500015258789,39.875,39.18000030517578,39.375,109712400,36.68494415283203
2017-08-21,39.375,39.47249984741211,38.77750015258789,39.3025016784668,105474000,36.617393493652344
2017-08-22,39.557498931884766,40,39.505001068115234,39.94499969482422,86418400,37.21599197387695
2017-08-23,39.76750183105469,40.11750030517578,39.720001220703125,39.994998931884766,77596400,37.26256561279297
2017-08-24,40.10749816894531,40.185001373291016,39.63750076293945,39.817501068115234,79275600,37.097206115722656
2017-08-25,39.912498474121094,40.13999938964844,39.817501068115234,39.96500015258789,101920400,37.23463821411133
2017-08-28,40.03499984741211,40.5,39.98249816894531,40.36750030517578,103864000,37.6096305847168
2017-08-29,40.025001525878906,40.779998779296875,40,40.727500915527344,118067600,37.945045471191406
2017-08-30,40.95000076293945,40.97249984741211,40.65250015258789,40.837501525878906,109078400,38.047515869140625
2017-08-31,40.90999984741211,41.130001068115234,40.869998931884766,41,107140400,38.198909759521484
2017-09-01,41.20000076293945,41.23500061035156,40.907501220703125,41.01250076293945,66364400,38.210567474365234
2017-09-05,40.9375,41.0625,40.13999938964844,40.52000045776367,117874000,37.75170135498047
2017-09-06,40.6775016784668,40.747501373291016,40.130001068115234,40.477500915527344,86606800,37.71211624145508
2017-09-07,40.522499084472656,40.560001373291016,40.09000015258789,40.314998626708984,87714000,37.56072235107422
2017-09-08,40.21500015258789,40.287498474121094,39.63249969482422,39.657501220703125,114446000,36.948143005371094
2017-09-11,40.125,40.51250076293945,39.97249984741211,40.375,126323200,37.61662292480469
2017-09-12,40.65250015258789,40.9900016784668,39.692501068115234,40.21500015258789,286856000,37.467552185058594
2017-09-13,39.967498779296875,39.9900016784668,39.477500915527344,39.912498474121094,179629600,37.18571090698242
2017-09-14,39.747501373291016,39.849998474121094,39.522499084472656,39.56999969482422,95042800,36.86662292480469
2017-09-15,39.61750030517578,40.24250030517578,39.5,39.970001220703125,196458400,37.23929214477539
2017-09-18,40.02750015258789,40.125,39.5,39.66749954223633,113077600,36.95745086669922
2017-09-19,39.877498626708984,39.942501068115234,39.61000061035156,39.682498931884766,83242400,36.971431732177734
2017-09-20,39.474998474121094,39.564998626708984,38.45750045776367,39.01750183105469,211805600,36.351863861083984
2017-09-21,38.95000076293945,38.95000076293945,38.1875,38.34749984741211,150046800,35.72763442993164
2017-09-22,37.8849983215332,38.067501068115234,37.63999938964844,37.97249984741211,186581600,35.37825012207031
2017-09-25,37.497501373291016,37.95750045776367,37.290000915527344,37.63750076293945,177549200,35.06613540649414
2017-09-26,37.94499969482422,38.47999954223633,37.92250061035156,38.28499984741211,146640000,35.669410705566406
2017-09-27,38.45000076293945,38.68000030517578,38.3849983215332,38.557498931884766,102016800,35.92328643798828
2017-09-28,38.47249984741211,38.56999969482422,38.17499923706055,38.31999969482422,88022000,35.70201873779297
2017-09-29,38.3025016784668,38.532501220703125,38,38.529998779296875,105199200,35.89766311645508
2017-10-02,38.564998626708984,38.61249923706055,38.18000030517578,38.45249938964844,74795200,35.82546615600586
2017-10-03,38.502498626708984,38.772499084472656,38.477500915527344,38.619998931884766,64921200,35.98149871826172
2017-10-04,38.407501220703125,38.46500015258789,38.1150016784668,38.369998931884766,80655200,35.74859619140625
2017-10-05,38.54499816894531,38.86000061035156,38.51250076293945,38.84749984741211,85135200,36.1934700012207
2017-10-06,38.74250030517578,38.872501373291016,38.63999938964844,38.82500076293945,69630400,36.172523498535156
2017-10-09,38.95249938964844,39.182498931884766,38.872501373291016,38.959999084472656,65051600,36.29827880859375
2017-10-10,39.01499938964844,39.5,38.775001525878906,38.974998474121094,62468000,36.3122673034668
2017-10-11,38.99250030517578,39.244998931884766,38.9375,39.13750076293945,67622400,36.46365737915039
2017-10-12,39.087501525878906,39.342498779296875,38.932498931884766,39,64500400,36.33555221557617
2017-10-13,39.182498931884766,39.31999969482422,39.102500915527344,39.247501373291016,65576800,36.56614303588867
2017-10-16,39.474998474121094,40,39.412498474121094,39.970001220703125,96486000,37.23929214477539
2017-10-17,39.94499969482422,40.217498779296875,39.807498931884766,40.11750030517578,75989200,37.376708984375
2017-10-18,40.10499954223633,40.1775016784668,39.900001525878906,39.939998626708984,65496800,37.21133804321289
2017-10-19,39.1875,39.27000045776367,38.755001068115234,38.994998931884766,170336800,36.330894470214844
2017-10-20,39.15250015258789,39.4375,38.9900016784668,39.0625,95896400,36.39378356933594
2017-10-23,39.22249984741211,39.42250061035156,38.875,39.04249954223633,87937200,36.37515640258789
2017-10-24,39.0724983215332,39.35499954223633,39.04999923706055,39.275001525878906,71028800,36.591766357421875
2017-10-25,39.227500915527344,39.38750076293945,38.817501068115234,39.102500915527344,84828400,36.43103790283203
2017-10-26,39.307498931884766,39.45750045776367,39.19499969482422,39.352500915527344,68002000,36.663978576660156
2017-10-27,39.8224983215332,40.900001525878906,39.67499923706055,40.76250076293945,177816800,37.977638244628906
2017-10-30,40.97249984741211,42.01750183105469,40.93000030517578,41.68000030517578,178803200,38.832462310791016
2017-10-31,41.974998474121094,42.412498474121094,41.73500061035156,42.2599983215332,144187200,39.37284851074219
2017-11-01,42.467498779296875,42.48500061035156,41.40250015258789,41.72249984741211,134551200,38.8720588684082
2017-11-02,41.650001525878906,42.125,41.31999969482422,42.02750015258789,165573600,39.15623092651367
2017-11-03,43.5,43.564998626708984,42.779998779296875,43.125,237594400,40.178741455078125
2017-11-06,43.092498779296875,43.747501373291016,42.93000030517578,43.5625,140105200,40.58635330200195
2017-11-07,43.477500915527344,43.8125,43.400001525878906,43.70249938964844,97446000,40.71678161621094
2017-11-08,43.665000915527344,44.060001373291016,43.58250045776367,44.060001373291016,97638000,41.049861907958984
2017-11-09,43.77750015258789,44.025001525878906,43.28499984741211,43.970001220703125,117930400,40.96601486206055
2017-11-10,43.77750015258789,43.845001220703125,43.567501068115234,43.66749954223633,100582000,40.830421447753906
2017-11-13,43.375,43.625,43.349998474121094,43.49250030517578,67928400,40.66680145263672
2017-11-14,43.2599983215332,43.369998931884766,42.79499816894531,42.834999084472656,99130000,40.05201721191406
2017-11-15,42.49250030517578,42.58000183105469,42.095001220703125,42.27000045776367,116632400,39.52373123168945
2017-11-16,42.79499816894531,42.967498779296875,42.57500076293945,42.775001525878906,94550000,39.99592590332031
2017-11-17,42.7599983215332,42.84749984741211,42.40999984741211,42.537498474121094,87598000,39.77385330200195
2017-11-20,42.5724983215332,42.63999938964844,42.38999938964844,42.494998931884766,65049600,39.73410415649414
2017-11-21,42.69499969482422,43.42499923706055,42.69499969482422,43.28499984741211,100525200,40.47278594970703
2017-11-22,43.34000015258789,43.75,43.26250076293945,43.7400016784668,102355600,40.89821243286133
2017-11-24,43.775001525878906,43.875,43.662498474121094,43.74250030517578,56106800,40.90055465698242
2017-11-27,43.76250076293945,43.77000045776367,43.334999084472656,43.522499084472656,82867200,40.694854736328125
2017-11-28,43.57500076293945,43.717498779296875,42.96500015258789,43.26750183105469,105715200,40.4564208984375
2017-11-29,43.157501220703125,43.22999954223633,41.790000915527344,42.369998931884766,166665600,39.61722183227539
2017-11-30,42.60749816894531,43.03499984741211,42.11000061035156,42.962501525878906,166108800,40.17123794555664
2017-12-01,42.48749923706055,42.91749954223633,42.125,42.76250076293945,159037200,39.98423767089844
2017-12-04,43.119998931884766,43.154998779296875,42.407501220703125,42.45000076293945,130169600,39.69203186035156
2017-12-05,42.26499938964844,42.880001068115234,42.099998474121094,42.40999984741211,109400800,39.65463638305664
2017-12-06,41.875,42.54999923706055,41.6150016784668,42.252498626708984,114240000,39.50736999511719
2017-12-07,42.25749969482422,42.61000061035156,42.227500915527344,42.33000183105469,102693200,39.57981872558594
2017-12-08,42.622501373291016,42.75,42.20500183105469,42.342498779296875,93420800,39.59151077270508
2017-12-11,42.29999923706055,43.22249984741211,42.1974983215332,43.16749954223633,141095200,40.3629150390625
2017-12-12,43.037498474121094,43.09749984741211,42.8650016784668,42.92499923706055,77636800,40.13616943359375
2017-12-13,43.125,43.3849983215332,43,43.067501068115234,95273600,40.2694206237793
2017-12-14,43.099998474121094,43.282501220703125,42.912498474121094,43.05500030517578,81906000,40.257728576660156
2017-12-15,43.407501220703125,43.54249954223633,43.1150016784668,43.49250030517578,160677200,40.66680145263672
2017-12-18,43.720001220703125,44.29999923706055,43.71500015258789,44.10499954223633,117684400,41.239505767822266
2017-12-19,43.75749969482422,43.84749984741211,43.522499084472656,43.6349983215332,109745600,40.800045013427734
2017-12-20,43.717498779296875,43.85499954223633,43.3125,43.587501525878906,93902400,40.75562286376953
2017-12-21,43.54249954223633,44.005001068115234,43.525001525878906,43.752498626708984,83799600,40.90990447998047
2017-12-22,43.66999816894531,43.85499954223633,43.625,43.752498626708984,65397600,40.90990447998047
2017-12-26,42.70000076293945,42.86750030517578,42.41999816894531,42.64250183105469,132742000,39.87203598022461
2017-12-27,42.525001525878906,42.69499969482422,42.4275016784668,42.650001525878906,85992800,39.8790397644043
2017-12-28,42.75,42.962501525878906,42.619998931884766,42.77000045776367,65920800,39.99123764038086
2017-12-29,42.630001068115234,42.647499084472656,42.30500030517578,42.307498931884766,103999600,39.55879592895508
2018-01-02,42.540000915527344,43.07500076293945,42.314998626708984,43.064998626708984,102223600,40.267066955566406
2018-01-03,43.13249969482422,43.63750076293945,42.9900016784668,43.057498931884766,118071600,40.26006317138672
2018-01-04,43.1349983215332,43.36750030517578,43.02000045776367,43.25749969482422,89738400,40.447059631347656
2018-01-05,43.36000061035156,43.842498779296875,43.26250076293945,43.75,94640000,40.90757369995117
2018-01-08,43.587501525878906,43.90250015258789,43.48249816894531,43.587501525878906,82271200,40.75562286376953
2018-01-09,43.63750076293945,43.76499938964844,43.352500915527344,43.58250045776367,86336000,40.75096130371094
2018-01-10,43.290000915527344,43.57500076293945,43.25,43.5724983215332,95839600,40.741615295410156
2018-01-11,43.647499084472656,43.872501373291016,43.622501373291016,43.81999969482422,74670800,40.973026275634766
2018-01-12,44.04499816894531,44.34000015258789,43.912498474121094,44.272499084472656,101672400,41.3961181640625
2018-01-16,44.474998474121094,44.84749984741211,44.03499984741211,44.04750061035156,118263600,41.18574142456055
2018-01-17,44.037498474121094,44.8125,43.76750183105469,44.775001525878906,137547200,41.865962982177734
2018-01-18,44.842498779296875,45.025001525878906,44.5625,44.814998626708984,124773600,41.903377532958984
2018-01-19,44.65250015258789,44.89500045776367,44.352500915527344,44.6150016784668,129700400,41.71638107299805
2018-01-22,44.32500076293945,44.44499969482422,44.150001525878906,44.25,108434400,41.375091552734375
2018-01-23,44.32500076293945,44.86000061035156,44.20500183105469,44.2599983215332,130756400,41.38444137573242
2018-01-24,44.3125,44.32500076293945,43.29999923706055,43.55500030517578,204420400,40.7252311706543
2018-01-25,43.627498626708984,43.73749923706055,42.63249969482422,42.77750015258789,166116000,39.99824523925781
2018-01-26,43,43,42.51499938964844,42.877498626708984,156572000,40.091758728027344
2018-01-29,42.540000915527344,42.540000915527344,41.76750183105469,41.9900016784668,202561600,39.26191711425781
2018-01-30,41.38249969482422,41.842498779296875,41.17499923706055,41.74250030517578,184192800,39.03048324584961
2018-01-31,41.717498779296875,42.11000061035156,41.625,41.85749816894531,129915600,39.138031005859375
2018-02-01,41.79249954223633,42.154998779296875,41.689998626708984,41.94499969482422,188923200,39.21984100341797
2018-02-02,41.5,41.70000076293945,40.025001525878906,40.125,346375200,37.51808547973633
2018-02-05,39.775001525878906,40.970001220703125,39,39.122501373291016,290954000,36.580718994140625
2018-02-06,38.70750045776367,40.93000030517578,38.5,40.75749969482422,272975200,38.10950469970703
2018-02-07,40.772499084472656,40.849998474121094,39.76750183105469,39.8849983215332,206434400,37.29368591308594
2018-02-08,40.0724983215332,40.25,38.75749969482422,38.787498474121094,217562000,36.267486572265625
2018-02-09,39.26750183105469,39.47249984741211,37.560001373291016,39.102500915527344,282690400,36.71108627319336
2018-02-12,39.625,40.97249984741211,39.377498626708984,40.6775016784668,243278000,38.18976974487305
2018-02-13,40.48749923706055,41.1875,40.412498474121094,41.084999084472656,130196800,38.57233810424805
2018-02-14,40.7599983215332,41.8849983215332,40.720001220703125,41.842498779296875,162579600,39.28350067138672
2018-02-15,42.4474983215332,43.272499084472656,42.25,43.247501373291016,204588800,40.60260009765625
2018-02-16,43.09000015258789,43.70500183105469,42.942501068115234,43.10749816894531,160704400,40.47115707397461
2018-02-20,43.01250076293945,43.564998626708984,42.85499954223633,42.962501525878906,135722000,40.33502197265625
2018-02-21,43.20750045776367,43.529998779296875,42.752498626708984,42.76750183105469,149886400,40.15193557739258
2018-02-22,42.95000076293945,43.48749923706055,42.9275016784668,43.125,123967600,40.487586975097656
2018-02-23,43.41749954223633,43.912498474121094,43.3849983215332,43.875,135249600,41.191715240478516
2018-02-26,44.087501525878906,44.84749984741211,44.0525016784668,44.74250030517578,152648800,42.00616455078125
2018-02-27,44.775001525878906,45.119998931884766,44.540000915527344,44.59749984741211,155712400,41.87002944946289
2018-02-28,44.814998626708984,45.154998779296875,44.51250076293945,44.529998779296875,151128400,41.80665588378906
2018-03-01,44.6349983215332,44.94499969482422,43.165000915527344,43.75,195208000,41.07435989379883
2018-03-02,43.20000076293945,44.07500076293945,43.11249923706055,44.0525016784668,153816000,41.35836410522461
2018-03-05,43.8025016784668,44.435001373291016,43.630001068115234,44.20500183105469,113605600,41.50153350830078
2018-03-06,44.477500915527344,44.5625,44.032501220703125,44.16749954223633,95154000,41.46631622314453
2018-03-07,43.73500061035156,43.962501525878906,43.567501068115234,43.75749969482422,126814000,41.0814094543457
2018-03-08,43.869998931884766,44.279998779296875,43.76750183105469,44.23500061035156,95096400,41.52969741821289
2018-03-09,44.4900016784668,45,44.34749984741211,44.994998931884766,128740800,42.24321746826172
2018-03-12,45.0724983215332,45.59749984741211,45.0525016784668,45.43000030517578,128828400,42.651611328125
2018-03-13,45.647499084472656,45.875,44.810001373291016,44.99250030517578,126774000,42.240867614746094
2018-03-14,45.08000183105469,45.130001068115234,44.45249938964844,44.61000061035156,117473600,41.88176345825195
2018-03-15,44.625,45.060001373291016,44.51750183105469,44.662498474121094,90975200,41.93106460571289
2018-03-16,44.662498474121094,44.779998779296875,44.404998779296875,44.505001068115234,157618800,41.78318786621094
2018-03-19,44.33000183105469,44.36750030517578,43.415000915527344,43.82500076293945,133787200,41.14476013183594
2018-03-20,43.810001373291016,44.20000076293945,43.73500061035156,43.810001373291016,78597600,41.13069534301758
2018-03-21,43.7599983215332,43.772499084472656,42.814998626708984,42.817501068115234,148219600,40.19888687133789
2018-03-22,42.5,43.16999816894531,42.150001525878906,42.212501525878906,165963200,39.63088607788086
2018-03-23,42.09749984741211,42.47999954223633,41.23500061035156,41.23500061035156,164115200,38.71316146850586
2018-03-26,42.01750183105469,43.275001525878906,41.61000061035156,43.192501068115234,150164800,40.55096435546875
2018-03-27,43.41999816894531,43.787498474121094,41.72999954223633,42.084999084472656,163690400,39.51118850708008
2018-03-28,41.8125,42.505001068115234,41.29750061035156,41.619998931884766,166674000,39.07463073730469
2018-03-29,41.95249938964844,42.9375,41.724998474121094,41.94499969482422,153594000,39.37974548339844
2018-04-02,41.65999984741211,42.23500061035156,41.11750030517578,41.66999816894531,150347200,39.121559143066406
2018-04-03,41.90999984741211,42.1875,41.220001220703125,42.09749984741211,121112000,39.52291488647461
2018-04-04,41.220001220703125,43.002498626708984,41.192501068115234,42.90250015258789,138422000,40.278682708740234
2018-04-05,43.14500045776367,43.557498931884766,43.02000045776367,43.20000076293945,107732800,40.55799865722656
2018-04-06,42.74250030517578,43.119998931884766,42.04999923706055,42.095001220703125,140021200,39.52058792114258
2018-04-09,42.470001220703125,43.272499084472656,42.462501525878906,42.51250076293945,116070800,39.91254425048828
2018-04-10,43.25,43.5,42.88249969482422,43.3125,113634400,40.66360855102539
2018-04-11,43.057498931884766,43.47999954223633,42.92499923706055,43.11000061035156,89726400,40.47349166870117
2018-04-12,43.352500915527344,43.75,43.2599983215332,43.53499984741211,91557200,40.87250900268555
2018-04-13,43.69499969482422,43.959999084472656,43.462501525878906,43.682498931884766,100497200,41.010990142822266
2018-04-16,43.75749969482422,44.04750061035156,43.70750045776367,43.95500183105469,86313600,41.26683044433594
2018-04-17,44.122501373291016,44.73500061035156,44.102500915527344,44.560001373291016,106421600,41.83482360839844
2018-04-18,44.45249938964844,44.70500183105469,44.220001220703125,44.459999084472656,83018000,41.740936279296875
2018-04-19,43.439998626708984,43.84749984741211,43.165000915527344,43.20000076293945,139235200,40.55799865722656
2018-04-20,42.650001525878906,42.80500030517578,41.35749816894531,41.43000030517578,261964400,38.896244049072266
2018-04-23,41.70750045776367,41.72999954223633,41.022499084472656,41.310001373291016,146062000,38.78358840942383
2018-04-24,41.41749954223633,41.58250045776367,40.30500030517578,40.73500061035156,134768000,38.24374771118164
2018-04-25,40.654998779296875,41.35499954223633,40.602500915527344,40.912498474121094,113528400,38.41038131713867
2018-04-26,41.029998779296875,41.432498931884766,40.842498779296875,41.05500030517578,111852000,38.544166564941406
2018-04-27,41,41.08250045776367,40.157501220703125,40.58000183105469,142623200,38.09822082519531
2018-04-30,40.532501220703125,41.814998626708984,40.459999084472656,41.314998626708984,169709600,38.78827667236328
2018-05-01,41.602500915527344,42.29999923706055,41.317501068115234,42.275001525878906,214277600,39.68955993652344
2018-05-02,43.807498931884766,44.4375,43.45000076293945,44.14250183105469,266157600,41.44285202026367
2018-05-03,43.970001220703125,44.375,43.61000061035156,44.22249984741211,136272800,41.51795959472656
2018-05-04,44.5625,46.0625,44.54249954223633,45.95750045776367,224805200,43.1468505859375
2018-05-07,46.29499816894531,46.91749954223633,46.1875,46.290000915527344,169805600,43.45901107788086
2018-05-08,46.247501373291016,46.55500030517578,45.91749954223633,46.51250076293945,113611200,43.66791534423828
2018-05-09,46.63750076293945,46.849998474121094,46.30500030517578,46.84000015258789,92844800,43.975379943847656
2018-05-10,46.935001373291016,47.592498779296875,46.912498474121094,47.5099983215332,111957200,44.604400634765625
2018-05-11,47.372501373291016,47.51499938964844,46.86249923706055,47.147499084472656,104848800,44.43476486206055
2018-05-14,47.252498626708984,47.38249969482422,46.96500015258789,47.037498474121094,83115200,44.331092834472656
2018-05-15,46.69499969482422,46.76750183105469,46.275001525878906,46.61000061035156,94780800,43.928192138671875
2018-05-16,46.51750183105469,47.1150016784668,46.5,47.04499816894531,76732400,44.33815383911133
2018-05-17,47,47.227500915527344,46.59000015258789,46.747501373291016,69176000,44.057777404785156
2018-05-18,46.79750061035156,46.95249938964844,46.532501220703125,46.57749938964844,73190800,43.897552490234375
2018-05-21,47,47.317501068115234,46.727500915527344,46.907501220703125,73603200,44.20856857299805
2018-05-22,47.095001220703125,47.220001220703125,46.69499969482422,46.790000915527344,60962800,44.09783935546875
2018-05-23,46.587501525878906,47.125,46.439998626708984,47.09000015258789,80233600,44.38057327270508
2018-05-24,47.192501068115234,47.209999084472656,46.5525016784668,47.037498474121094,92936000,44.331092834472656
2018-05-25,47.057498931884766,47.412498474121094,46.912498474121094,47.14500045776367,69844000,44.432411193847656
2018-05-29,46.900001525878906,47.1875,46.717498779296875,46.974998474121094,90056400,44.27219009399414
2018-05-30,46.93000030517578,47,46.69499969482422,46.875,74762000,44.17794418334961
2018-05-31,46.80500030517578,47.057498931884766,46.53499984741211,46.717498779296875,109931200,44.029502868652344
2018-06-01,46.997501373291016,47.564998626708984,46.9375,47.560001373291016,93770000,44.82353973388672
2018-06-04,47.90999984741211,48.35499954223633,47.837501525878906,47.95750045776367,105064800,45.19815444946289
2018-06-05,48.26750183105469,48.48500061035156,48.09000015258789,48.32749938964844,86264000,45.5468635559082
2018-06-06,48.407501220703125,48.52000045776367,47.97999954223633,48.494998931884766,83734400,45.704734802246094
2018-06-07,48.53499984741211,48.54999923706055,48.084999084472656,48.3650016784668,85388800,45.58222198486328
2018-06-08,47.79249954223633,48,47.442501068115234,47.92499923706055,106627200,45.16752243041992
2018-06-11,47.837501525878906,47.99250030517578,47.5525016784668,47.807498931884766,73234000,45.05678939819336
2018-06-12,47.84749984741211,48.15250015258789,47.787498474121094,48.06999969482422,67644400,45.30419158935547
2018-06-13,48.10499954223633,48.220001220703125,47.61000061035156,47.67499923706055,86553600,44.93190383911133
2018-06-14,47.88750076293945,47.89250183105469,47.55500030517578,47.70000076293945,86440400,44.95547103881836
2018-06-15,47.50749969482422,47.540000915527344,47.064998626708984,47.209999084472656,246876800,44.49366760253906
2018-06-18,46.970001220703125,47.30500030517578,46.79999923706055,47.185001373291016,73939600,44.470096588134766
2018-06-19,46.28499984741211,46.58250045776367,45.86249923706055,46.42250061035156,134314000,43.75148010253906
2018-06-20,46.587501525878906,46.79999923706055,46.432498931884766,46.625,82514800,43.94232940673828
2018-06-21,46.8125,47.087501525878906,46.23500061035156,46.3650016784668,102847600,43.69728469848633
2018-06-22,46.529998779296875,46.537498474121094,46.17499923706055,46.22999954223633,108801600,43.57004928588867
2018-06-25,45.849998474121094,46.22999954223633,45.182498931884766,45.54249954223633,126652400,42.9221076965332
2018-06-26,45.747501373291016,46.63249969482422,45.6349983215332,46.10749816894531,98276800,43.4546012878418
2018-06-27,46.307498931884766,46.81999969482422,46.00749969482422,46.040000915527344,101141200,43.3909912109375
2018-06-28,46.025001525878906,46.5525016784668,45.95000076293945,46.375,69460800,43.70671081542969
2018-06-29,46.5724983215332,46.79750061035156,45.727500915527344,46.27750015258789,90950800,43.614810943603516
2018-07-02,45.95500183105469,46.82500076293945,45.85499954223633,46.79499816894531,70925200,44.1025390625
2018-07-03,46.9474983215332,46.98749923706055,45.8849983215332,45.97999954223633,55819200,43.33443832397461
2018-07-05,46.314998626708984,46.602500915527344,46.06999969482422,46.349998474121094,66416800,43.68314743041992
2018-07-06,46.35499954223633,47.10749816894531,46.29999923706055,46.99250030517578,69940800,44.2886848449707
2018-07-09,47.375,47.66999816894531,47.32500076293945,47.64500045776367,79026400,44.90363311767578
2018-07-10,47.6775016784668,47.81999969482422,47.54499816894531,47.587501525878906,63756400,44.84944534301758
2018-07-11,47.125,47.44499969482422,46.90250015258789,46.970001220703125,75326000,44.26747131347656
2018-07-12,47.38249969482422,47.852500915527344,47.32749938964844,47.75749969482422,72164400,45.00965118408203
2018-07-13,47.77000045776367,47.959999084472656,47.724998474121094,47.83250045776367,50055600,45.08035659790039
2018-07-16,47.880001068115234,48.162498474121094,47.60499954223633,47.727500915527344,60172400,44.98139190673828
2018-07-17,47.4375,47.967498779296875,47.29999923706055,47.86249923706055,62138000,45.108619689941406
2018-07-18,47.94499969482422,47.95000076293945,47.48249816894531,47.599998474121094,65573600,44.8612174987793
2018-07-19,47.42250061035156,48.13750076293945,47.42250061035156,47.970001220703125,81147200,45.209938049316406
2018-07-20,47.94499969482422,48.10749816894531,47.54249954223633,47.86000061035156,82704800,45.10626220703125
2018-07-23,47.66999816894531,47.9900016784668,47.38999938964844,47.90250015258789,63957600,45.14631271362305
2018-07-24,48.11249923706055,48.415000915527344,48.01250076293945,48.25,74791600,45.47383117675781
2018-07-25,48.26499938964844,48.712501525878906,48.10749816894531,48.70500183105469,66839600,45.90264129638672
2018-07-26,48.65250015258789,48.9900016784668,48.40250015258789,48.5525016784668,76304000,45.75892639160156
2018-07-27,48.747501373291016,48.79750061035156,47.525001525878906,47.744998931884766,96096000,44.99789047241211
2018-07-30,47.974998474121094,48.04999923706055,47.26750183105469,47.477500915527344,84118000,44.74577713012695
2018-07-31,47.57500076293945,48.03499984741211,47.334999084472656,47.5724983215332,157492000,44.83530807495117
2018-08-01,49.782501220703125,50.439998626708984,49.32749938964844,50.375,271742800,47.476558685302734
2018-08-02,50.14500045776367,52.095001220703125,50.087501525878906,51.84749984741211,249616000,48.86433410644531
2018-08-03,51.75749969482422,52.185001373291016,51.369998931884766,51.997501373291016,133789600,49.00570297241211
2018-08-06,52,52.3125,51.76750183105469,52.26750183105469,101701600,49.260169982910156
2018-08-07,52.33000183105469,52.375,51.689998626708984,51.77750015258789,102349600,48.79837417602539
2018-08-08,51.51250076293945,51.95249938964844,51.130001068115234,51.8125,90102000,48.83134460449219
2018-08-09,52.38249969482422,52.44499969482422,51.79999923706055,52.220001220703125,93970400,49.215396881103516
2018-08-10,51.84000015258789,52.275001525878906,51.66749954223633,51.88249969482422,98444800,49.068809509277344
2018-08-13,52.32749938964844,52.73749923706055,51.92499923706055,52.217498779296875,103563600,49.385650634765625
2018-08-14,52.540000915527344,52.63999938964844,52.064998626708984,52.4375,82992000,49.593719482421875
2018-08-15,52.30500030517578,52.685001373291016,52.08250045776367,52.560001373291016,115230400,49.70957565307617
2018-08-16,52.9375,53.45249938964844,52.86750030517578,53.33000183105469,114001600,50.43780517578125
2018-08-17,53.36000061035156,54.48749923706055,53.290000915527344,54.39500045776367,141708000,51.44505310058594
2018-08-20,54.525001525878906,54.79499816894531,53.77750015258789,53.8650016784668,121150800,50.94378662109375
2018-08-21,54.20000076293945,54.29750061035156,53.50749969482422,53.7599983215332,104639200,50.84449005126953
2018-08-22,53.525001525878906,54.09000015258789,53.459999084472656,53.76250076293945,76072400,50.84685516357422
2018-08-23,53.662498474121094,54.26250076293945,53.650001525878906,53.872501373291016,75532800,50.95088577270508
2018-08-24,54.150001525878906,54.224998474121094,53.77750015258789,54.040000915527344,73905600,51.10930633544922
2018-08-27,54.287498474121094,54.685001373291016,54.08250045776367,54.48500061035156,82100400,51.53017044067383
2018-08-28,54.752498626708984,55.1349983215332,54.72999954223633,54.92499923706055,91107200,51.94630813598633
2018-08-29,55.037498474121094,55.872501373291016,54.852500915527344,55.744998931884766,109019200,52.72183609008789
2018-08-30,55.8125,57.064998626708984,55.599998474121094,56.25749969482422,195175200,53.20655059814453
2018-08-31,56.627498626708984,57.217498779296875,56.5,56.907501220703125,173360400,53.82129669189453
2018-09-04,57.102500915527344,57.29499816894531,56.657501220703125,57.09000015258789,109560400,53.993896484375
2018-09-05,57.247501373291016,57.41749954223633,56.275001525878906,56.717498779296875,133332000,53.641605377197266
2018-09-06,56.557498931884766,56.837501525878906,55.32500076293945,55.775001525878906,137160000,52.750213623046875
2018-09-07,55.462501525878906,56.342498779296875,55.1775016784668,55.32500076293945,150479200,52.324623107910156
2018-09-10,55.23749923706055,55.462501525878906,54.11750030517578,54.58250045776367,158066000,51.62239456176758
2018-09-11,54.502498626708984,56.07500076293945,54.13999938964844,55.962501525878906,142996000,52.927547454833984
2018-09-12,56.23500061035156,56.25,54.959999084472656,55.26750183105469,197114800,52.27024459838867
2018-09-13,55.880001068115234,57.087501525878906,55.64250183105469,56.602500915527344,166825600,53.53284454345703
2018-09-14,56.4375,56.709999084472656,55.630001068115234,55.959999084472656,127997200,52.92518615722656
2018-09-17,55.537498474121094,55.73749923706055,54.317501068115234,54.470001220703125,148780400,51.5159912109375
2018-09-18,54.4474983215332,55.462501525878906,54.279998779296875,54.560001373291016,126286800,51.601097106933594
2018-09-19,54.625,54.904998779296875,53.82500076293945,54.592498779296875,108495200,51.631839752197266
2018-09-20,55.060001373291016,55.56999969482422,54.787498474121094,55.00749969482422,106435200,52.024330139160156
2018-09-21,55.19499969482422,55.34000015258789,54.3224983215332,54.415000915527344,384986800,51.46397018432617
2018-09-24,54.20500183105469,55.314998626708984,54.157501220703125,55.1974983215332,110773600,52.204017639160156
2018-09-25,54.9375,55.70500183105469,54.92499923706055,55.54750061035156,98217600,52.535037994384766
2018-09-26,55.25,55.9375,54.939998626708984,55.10499954223633,95938800,52.11655044555664
2018-09-27,55.95500183105469,56.61000061035156,55.8849983215332,56.23749923706055,120724800,53.1876220703125
2018-09-28,56.1974983215332,56.459999084472656,56.005001068115234,56.435001373291016,91717600,53.374420166015625
2018-10-01,56.98749923706055,57.35499954223633,56.587501525878906,56.814998626708984,94403200,53.73381423950195
2018-10-02,56.8125,57.5,56.657501220703125,57.31999969482422,99152800,54.21142578125
2018-10-03,57.51250076293945,58.36750030517578,57.44499969482422,58.01750183105469,114619200,54.87109375
2018-10-04,57.69499969482422,58.087501525878906,56.682498931884766,56.997501373291016,128168000,53.90641403198242
2018-10-05,56.9900016784668,57.102500915527344,55.14500045776367,56.0724983215332,134322000,53.03158187866211
2018-10-08,55.5525016784668,56.20000076293945,55.04999923706055,55.942501068115234,118655600,52.90861892700195
2018-10-09,55.90999984741211,56.817501068115234,55.5625,56.717498779296875,107564000,53.641605377197266
2018-10-10,56.3650016784668,56.587501525878906,54.01250076293945,54.09000015258789,167962400,51.15660095214844
2018-10-11,53.630001068115234,54.875,53.08000183105469,53.61249923706055,212497600,50.704986572265625
2018-10-12,55.10499954223633,55.720001220703125,54.209999084472656,55.52750015258789,161351600,52.51613235473633
2018-10-15,55.290000915527344,55.45750045776367,54.317501068115234,54.34000015258789,123164000,51.393035888671875
2018-10-16,54.73249816894531,55.747501373291016,54.189998626708984,55.537498474121094,116736000,52.52560043334961
2018-10-17,55.57500076293945,55.65999984741211,54.834999084472656,55.29750061035156,91541600,52.298614501953125
2018-10-18,54.46500015258789,54.935001373291016,53.25,54.005001068115234,130325200,51.076194763183594
2018-10-19,54.51499938964844,55.314998626708984,54.35749816894531,54.82749938964844,132314800,51.85409927368164
2018-10-22,54.9474983215332,55.84000015258789,54.73500061035156,55.162498474121094,115168400,52.17093276977539
2018-10-23,53.95750045776367,55.8125,53.67499923706055,55.682498931884766,155071200,52.662723541259766
2018-10-24,55.650001525878906,56.057498931884766,53.6349983215332,53.772499084472656,163702000,50.8563117980957
2018-10-25,54.4275016784668,55.345001220703125,54.1875,54.95000076293945,119423200,51.969947814941406
2018-10-26,53.974998474121094,55.04750061035156,53.16749954223633,54.07500076293945,189033600,51.14240646362305
2018-10-29,54.79750061035156,54.92250061035156,51.522499084472656,53.060001373291016,183742000,50.182464599609375
2018-10-30,52.787498474121094,53.79499816894531,52.317501068115234,53.32500076293945,146640000,50.43307876586914
2018-10-31,54.220001220703125,55.11249923706055,54.154998779296875,54.71500015258789,153435600,51.74769592285156
2018-11-01,54.76250076293945,55.59000015258789,54.20249938964844,55.55500030517578,233292800,52.542144775390625
2018-11-02,52.38750076293945,53.412498474121094,51.35749816894531,51.869998931884766,365314800,49.056983947753906
2018-11-05,51.07500076293945,51.09749984741211,49.54249954223633,50.397499084472656,264654800,47.66434860229492
2018-11-06,50.47999954223633,51.18000030517578,50.42250061035156,50.942501068115234,127531600,48.17978286743164
2018-11-07,51.49250030517578,52.51499938964844,51.032501220703125,52.48749923706055,133697600,49.64099884033203
2018-11-08,52.494998931884766,52.529998779296875,51.6875,52.122501373291016,101450400,49.46779251098633
2018-11-09,51.38750076293945,51.502498626708984,50.5625,51.11750030517578,137463200,48.513980865478516
2018-11-12,49.75,49.962501525878906,48.4474983215332,48.54249954223633,204542000,46.070133209228516
2018-11-13,47.907501220703125,49.29499816894531,47.86249923706055,48.057498931884766,187531600,45.60982894897461
2018-11-14,48.474998474121094,48.619998931884766,46.48249816894531,46.70000076293945,243204000,44.32147979736328
2018-11-15,47.09749984741211,47.99250030517578,46.724998474121094,47.852500915527344,185915200,45.415279388427734
2018-11-16,47.625,48.74250030517578,47.3650016784668,48.38249969482422,147713200,45.91828918457031
2018-11-19,47.5,47.67499923706055,46.247501373291016,46.46500015258789,167701200,44.098445892333984
2018-11-20,44.592498779296875,45.36750030517578,43.877498626708984,44.244998931884766,271300800,41.99150466918945
2018-11-21,44.932498931884766,45.067501068115234,44.13750076293945,44.19499969482422,124496800,41.944068908691406
2018-11-23,43.73500061035156,44.150001525878906,43.025001525878906,43.0724983215332,94496000,40.87873458862305
2018-11-26,43.560001373291016,43.73749923706055,42.564998626708984,43.654998779296875,179994000,41.43156814575195
2018-11-27,42.877498626708984,43.692501068115234,42.720001220703125,43.560001373291016,165549600,41.34140396118164
2018-11-28,44.182498931884766,45.3224983215332,43.73249816894531,45.23500061035156,184250000,42.93109893798828
2018-11-29,45.665000915527344,45.70000076293945,44.42499923706055,44.88750076293945,167080000,42.601295471191406
2018-11-30,45.0724983215332,45.08250045776367,44.25749969482422,44.64500045776367,158126000,42.37113952636719
2018-12-03,46.1150016784668,46.23500061035156,45.3025016784668,46.20500183105469,163210000,43.8516731262207
2018-12-04,45.23749923706055,45.59749984741211,44.067501068115234,44.17250061035156,165377200,41.92271041870117
2018-12-06,42.939998626708984,43.69499969482422,42.60499954223633,43.68000030517578,172393600,41.455291748046875
2018-12-07,43.372501373291016,43.622501373291016,42.07500076293945,42.122501373291016,169126400,39.977108001708984
2018-12-10,41.25,42.522499084472656,40.83250045776367,42.400001525878906,248104000,40.24048614501953
2018-12-11,42.915000915527344,42.9474983215332,41.75,42.157501220703125,189126800,40.01033401489258
2018-12-12,42.599998474121094,42.97999954223633,42.255001068115234,42.275001525878906,142510800,40.12185287475586
2018-12-13,42.622501373291016,43.14250183105469,42.38750076293945,42.73749923706055,127594400,40.5608024597168
2018-12-14,42.25,42.27000045776367,41.31999969482422,41.369998931884766,162814800,39.262943267822266
2018-12-17,41.36249923706055,42.087501525878906,40.682498931884766,40.98500061035156,177151600,38.897544860839844
2018-12-18,41.345001220703125,41.88249969482422,41.09749984741211,41.51750183105469,135366000,39.402931213378906
2018-12-19,41.5,41.86249923706055,39.772499084472656,40.22249984741211,196189200,38.173885345458984
2018-12-20,40.099998474121094,40.52750015258789,38.82500076293945,39.20750045776367,259092000,37.210575103759766
2018-12-21,39.21500015258789,39.540000915527344,37.407501220703125,37.682498931884766,382978400,35.76326370239258
2018-12-24,37.037498474121094,37.88750076293945,36.647499084472656,36.70750045776367,148676800,34.83790588378906
2018-12-26,37.07500076293945,39.307498931884766,36.68000030517578,39.29249954223633,234330000,37.291259765625
2018-12-27,38.959999084472656,39.192501068115234,37.51750183105469,39.037498474121094,212468400,37.04923629760742
2018-12-28,39.375,39.630001068115234,38.63750076293945,39.057498931884766,169165600,37.06821823120117
2018-12-31,39.63249969482422,39.84000015258789,39.119998931884766,39.435001373291016,140014000,37.42649459838867
2019-01-02,38.72249984741211,39.712501525878906,38.557498931884766,39.47999954223633,148158800,37.46919631958008
2019-01-03,35.994998931884766,36.43000030517578,35.5,35.54750061035156,365248800,33.737003326416016
2019-01-04,36.13249969482422,37.13750076293945,35.95000076293945,37.064998626708984,234428400,35.177207946777344
2019-01-07,37.17499923706055,37.20750045776367,36.474998474121094,36.98249816894531,219111200,35.098907470703125
2019-01-08,37.38999938964844,37.95500183105469,37.130001068115234,37.6875,164101200,35.768001556396484
2019-01-09,37.8224983215332,38.63249969482422,37.407501220703125,38.32749938964844,180396400,36.37539291381836
2019-01-10,38.125,38.49250030517578,37.71500015258789,38.45000076293945,143122800,36.49165725708008
2019-01-11,38.220001220703125,38.42499923706055,37.877498626708984,38.0724983215332,108092800,36.13339614868164
2019-01-14,37.712501525878906,37.817501068115234,37.30500030517578,37.5,129756800,35.59004211425781
2019-01-15,37.567501068115234,38.34749984741211,37.51250076293945,38.26750183105469,114843600,36.318458557128906
2019-01-16,38.27000045776367,38.970001220703125,38.25,38.73500061035156,122278800,36.76215744018555
2019-01-17,38.54999923706055,39.415000915527344,38.314998626708984,38.96500015258789,119284800,36.98043441772461
2019-01-18,39.375,39.470001220703125,38.994998931884766,39.20500183105469,135004000,37.208221435546875
2019-01-22,39.102500915527344,39.182498931884766,38.154998779296875,38.32500076293945,121576000,36.37302780151367
2019-01-23,38.537498474121094,38.78499984741211,37.92499923706055,38.47999954223633,92522400,36.520137786865234
2019-01-24,38.52750015258789,38.619998931884766,37.935001373291016,38.17499923706055,101766000,36.23067092895508
2019-01-25,38.869998931884766,39.532501220703125,38.58000183105469,39.439998626708984,134142000,37.431236267089844
2019-01-28,38.9474983215332,39.08250045776367,38.415000915527344,39.07500076293945,104768400,37.0848274230957
2019-01-29,39.0625,39.532501220703125,38.52750015258789,38.66999816894531,166348800,36.70046615600586
2019-01-30,40.8125,41.537498474121094,40.057498931884766,41.3125,244439200,39.2083625793457
2019-01-31,41.52750015258789,42.25,41.13999938964844,41.61000061035156,162958400,39.490718841552734
2019-02-01,41.7400016784668,42.244998931884766,41.48249816894531,41.630001068115234,130672400,39.50968933105469
2019-02-04,41.852500915527344,42.915000915527344,41.81999969482422,42.8125,125982000,40.63197708129883
2019-02-05,43.21500015258789,43.77000045776367,43.087501525878906,43.54499816894531,144406400,41.32716369628906
2019-02-06,43.662498474121094,43.89250183105469,43.212501525878906,43.560001373291016,112958400,41.34140396118164
2019-02-07,43.099998474121094,43.48500061035156,42.584999084472656,42.73500061035156,126966800,40.55842971801758
2019-02-08,42.247501373291016,42.665000915527344,42.10499954223633,42.602500915527344,95280000,40.6060791015625
2019-02-11,42.76250076293945,42.8025016784668,42.3125,42.35749816894531,83973600,40.37255859375
2019-02-12,42.525001525878906,42.75,42.42499923706055,42.72249984741211,89134000,40.72045135498047
2019-02-13,42.84749984741211,43.119998931884766,42.47999954223633,42.54499816894531,89960800,40.551265716552734
2019-02-14,42.4275016784668,42.814998626708984,42.345001220703125,42.70000076293945,87342800,40.699012756347656
2019-02-15,42.8125,42.92499923706055,42.4375,42.60499954223633,98507200,40.60845947265625
2019-02-19,42.4275016784668,42.86000061035156,42.372501373291016,42.73249816894531,75891200,40.7299919128418
2019-02-20,42.79750061035156,43.33000183105469,42.747501373291016,43.00749969482422,104457600,40.992095947265625
2019-02-21,42.95000076293945,43.092498779296875,42.57500076293945,42.76499938964844,68998800,40.76096725463867
2019-02-22,42.89500045776367,43.25,42.845001220703125,43.24250030517578,75652800,41.21609115600586
2019-02-25,43.540000915527344,43.967498779296875,43.48749923706055,43.557498931884766,87493600,41.51633071899414
2019-02-26,43.4275016784668,43.82500076293945,43.29249954223633,43.58250045776367,68280800,41.54014587402344
2019-02-27,43.3025016784668,43.75,43.182498931884766,43.717498779296875,111341600,41.668827056884766
2019-02-28,43.58000183105469,43.727500915527344,43.22999954223633,43.287498474121094,112861600,41.258968353271484
2019-03-01,43.56999969482422,43.787498474121094,43.22249984741211,43.74250030517578,103544800,41.69266891479492
2019-03-04,43.92250061035156,44.4375,43.49250030517578,43.962501525878906,109744800,41.90234375
2019-03-05,43.98500061035156,44,43.6349983215332,43.88249969482422,78949600,41.826087951660156
2019-03-06,43.66749954223633,43.872501373291016,43.48500061035156,43.630001068115234,83241600,41.585418701171875
2019-03-07,43.467498779296875,43.61000061035156,43.005001068115234,43.125,99185600,41.104095458984375
2019-03-08,42.58000183105469,43.26750183105469,42.375,43.227500915527344,95997600,41.201786041259766
2019-03-11,43.872501373291016,44.779998779296875,43.837501525878906,44.724998474121094,128044000,42.62911605834961
2019-03-12,45,45.66749954223633,44.842498779296875,45.227500915527344,129870400,43.10807418823242
2019-03-13,45.5625,45.82500076293945,45.22999954223633,45.4275016784668,124130000,43.29869079589844
2019-03-14,45.974998474121094,46.025001525878906,45.63999938964844,45.932498931884766,94318000,43.780033111572266
2019-03-15,46.212501525878906,46.83250045776367,45.935001373291016,46.529998779296875,156171600,44.349517822265625
2019-03-18,46.45000076293945,47.09749984741211,46.4474983215332,47.005001068115234,104879200,44.802268981933594
2019-03-19,47.087501525878906,47.247501373291016,46.47999954223633,46.63249969482422,126585600,44.44722366333008
2019-03-20,46.557498931884766,47.372501373291016,46.182498931884766,47.040000915527344,124140800,44.83563232421875
2019-03-21,47.505001068115234,49.08250045776367,47.45249938964844,48.772499084472656,204136800,46.486942291259766
2019-03-22,48.834999084472656,49.42250061035156,47.69499969482422,47.76250076293945,169630800,45.524269104003906
2019-03-25,47.877498626708984,47.994998931884766,46.650001525878906,47.185001373291016,175381200,44.973846435546875
2019-03-26,47.915000915527344,48.220001220703125,46.14500045776367,46.6974983215332,199202000,44.50917053222656
2019-03-27,47.1875,47.439998626708984,46.63750076293945,47.11750030517578,119393600,44.90950012207031
2019-03-28,47.23749923706055,47.38999938964844,46.88249969482422,47.18000030517578,83121600,44.96907043457031
2019-03-29,47.45750045776367,47.52000045776367,47.1349983215332,47.48749923706055,94256000,45.26215362548828
2019-04-01,47.90999984741211,47.91999816894531,47.095001220703125,47.810001373291016,111448000,45.569541931152344
2019-04-02,47.772499084472656,48.6150016784668,47.76250076293945,48.505001068115234,91062800,46.231971740722656
2019-04-03,48.3125,49.125,48.287498474121094,48.837501525878906,93087200,46.54890060424805
2019-04-04,48.6974983215332,49.092498779296875,48.28499984741211,48.92250061035156,76457200,46.62990951538086
2019-04-05,49.11249923706055,49.275001525878906,48.98249816894531,49.25,74106400,46.94205093383789
2019-04-08,49.10499954223633,50.057498931884766,49.084999084472656,50.025001525878906,103526800,47.680755615234375
2019-04-09,50.08000183105469,50.712501525878906,49.807498931884766,49.875,143072800,47.53778076171875
2019-04-10,49.66999816894531,50.185001373291016,49.54499816894531,50.154998779296875,86781200,47.80465316772461
2019-04-11,50.212501525878906,50.25,49.61000061035156,49.73749923706055,83603200,47.40672302246094
2019-04-12,49.79999923706055,50.03499984741211,49.0525016784668,49.717498779296875,111042800,47.38764190673828
2019-04-15,49.64500045776367,49.962501525878906,49.502498626708984,49.807498931884766,70146400,47.47344207763672
2019-04-16,49.8650016784668,50.342498779296875,49.63999938964844,49.8125,102785600,47.47821807861328
2019-04-17,49.8849983215332,50.845001220703125,49.65250015258789,50.782501220703125,115627200,48.40275573730469
2019-04-18,50.779998779296875,51.037498474121094,50.630001068115234,50.96500015258789,96783200,48.57669448852539
2019-04-22,50.70750045776367,51.23500061035156,50.584999084472656,51.13249969482422,77758000,48.73634338378906
2019-04-23,51.10749816894531,51.9375,50.974998474121094,51.869998931884766,93292000,49.439292907714844
2019-04-24,51.84000015258789,52.119998931884766,51.76250076293945,51.790000915527344,70162400,49.363037109375
2019-04-25,51.70750045776367,51.939998626708984,51.279998779296875,51.31999969482422,74172800,48.915061950683594
2019-04-26,51.224998474121094,51.25,50.529998779296875,51.07500076293945,74596400,48.68155288696289
2019-04-29,51.099998474121094,51.49250030517578,50.96500015258789,51.15250015258789,88818800,48.75541687011719
2019-04-30,50.76499938964844,50.849998474121094,49.77750015258789,50.16749954223633,186139600,47.81657409667969
2019-05-01,52.470001220703125,53.82749938964844,52.307498931884766,52.630001068115234,259309200,50.16368103027344
2019-05-02,52.459999084472656,53.162498474121094,52.032501220703125,52.287498474121094,127985200,49.837223052978516
2019-05-03,52.72249984741211,52.959999084472656,52.557498931884766,52.9375,83569600,50.456756591796875
2019-05-06,51.0724983215332,52.209999084472656,50.875,52.119998931884766,129772400,49.67757034301758
2019-05-07,51.470001220703125,51.85499954223633,50.20750045776367,50.71500015258789,155054800,48.33840560913086
2019-05-08,50.474998474121094,51.334999084472656,50.4375,50.724998474121094,105358000,48.347930908203125
2019-05-09,50.099998474121094,50.41999816894531,49.165000915527344,50.18000030517578,139634400,47.828487396240234
2019-05-10,49.35499954223633,49.712501525878906,48.192501068115234,49.29499816894531,164834800,47.16588592529297
2019-05-13,46.9275016784668,47.369998931884766,45.712501525878906,46.43000030517578,229722400,44.424644470214844
2019-05-14,46.602500915527344,47.42499923706055,46.352500915527344,47.165000915527344,146118800,45.12790298461914
2019-05-15,46.567501068115234,47.9375,46.505001068115234,47.72999954223633,106178800,45.668495178222656
2019-05-16,47.477500915527344,48.11750030517578,47.209999084472656,47.52000045776367,132125600,45.46757125854492
2019-05-17,46.73249816894531,47.724998474121094,46.689998626708984,47.25,131516400,45.2092170715332
2019-05-20,45.880001068115234,46.087501525878906,45.06999969482422,45.772499084472656,154449200,43.79552459716797
2019-05-21,46.30500030517578,47,46.17499923706055,46.650001525878906,113459200,44.635135650634766
2019-05-22,46.165000915527344,46.4275016784668,45.63750076293945,45.69499969482422,118994400,43.72138214111328
2019-05-23,44.95000076293945,45.1349983215332,44.45249938964844,44.915000915527344,146118800,42.975074768066406
2019-05-24,45.04999923706055,45.53499984741211,44.654998779296875,44.74250030517578,94858800,42.81002426147461
2019-05-28,44.72999954223633,45.147499084472656,44.477500915527344,44.557498931884766,111792800,42.63301467895508
2019-05-29,44.10499954223633,44.837501525878906,44,44.345001220703125,113924800,42.429683685302734
2019-05-30,44.48749923706055,44.807498931884766,44.16749954223633,44.57500076293945,84873600,42.64975357055664
2019-05-31,44.057498931884766,44.497501373291016,43.747501373291016,43.76750183105469,108174400,41.877140045166016
2019-06-03,43.900001525878906,44.47999954223633,42.567501068115234,43.32500076293945,161584400,41.453739166259766
2019-06-04,43.86000061035156,44.95750045776367,43.630001068115234,44.90999984741211,123872000,42.97028350830078
2019-06-05,46.06999969482422,46.247501373291016,45.28499984741211,45.6349983215332,119093600,43.66396713256836
2019-06-06,45.77000045776367,46.36750030517578,45.537498474121094,46.30500030517578,90105200,44.30503845214844
2019-06-07,46.627498626708984,47.97999954223633,46.442501068115234,47.537498474121094,122737600,45.48430633544922
2019-06-10,47.95249938964844,48.842498779296875,47.904998779296875,48.14500045776367,104883600,46.065574645996094
2019-06-11,48.71500015258789,49,48.400001525878906,48.70249938964844,107731600,46.59897994995117
2019-06-12,48.48749923706055,48.99250030517578,48.34749984741211,48.54750061035156,73012800,46.45068359375
2019-06-13,48.67499923706055,49.1974983215332,48.400001525878906,48.537498474121094,86698400,46.44110107421875
2019-06-14,47.88750076293945,48.397499084472656,47.57500076293945,48.185001373291016,75046000,46.103843688964844
2019-06-17,48.224998474121094,48.7400016784668,48.04249954223633,48.47249984741211,58676400,46.37891387939453
2019-06-18,49.01250076293945,50.0724983215332,48.8025016784668,49.61249923706055,106204000,47.46967697143555
2019-06-19,49.91999816894531,49.970001220703125,49.32749938964844,49.467498779296875,84496800,47.33094787597656
2019-06-20,50.092498779296875,50.15250015258789,49.50749969482422,49.8650016784668,86056000,47.71128463745117
2019-06-21,49.70000076293945,50.212501525878906,49.537498474121094,49.69499969482422,191202400,47.548622131347656
2019-06-24,49.6349983215332,50.040000915527344,49.54249954223633,49.64500045776367,72881600,47.50078582763672
2019-06-25,49.60749816894531,49.814998626708984,48.8224983215332,48.89250183105469,84281200,46.78078842163086
2019-06-26,49.442501068115234,50.247501373291016,49.337501525878906,49.95000076293945,104270000,47.792606353759766
2019-06-27,50.0724983215332,50.39250183105469,49.89250183105469,49.935001373291016,83598800,47.778255462646484
2019-06-28,49.66999816894531,49.875,49.26250076293945,49.47999954223633,124442400,47.34290313720703
2019-07-01,50.79249954223633,51.122501373291016,50.162498474121094,50.38750076293945,109012000,48.21120071411133
2019-07-02,50.352500915527344,50.782501220703125,50.34000015258789,50.682498931884766,67740800,48.49345779418945
2019-07-03,50.81999969482422,51.11000061035156,50.67250061035156,51.102500915527344,45448000,48.895328521728516
2019-07-05,50.837501525878906,51.27000045776367,50.724998474121094,51.057498931884766,69062000,48.85226821899414
2019-07-08,50.20249938964844,50.349998474121094,49.602500915527344,50.005001068115234,101354400,47.84523391723633
2019-07-09,49.79999923706055,50.377498626708984,49.70249938964844,50.310001373291016,82312000,48.13704299926758
2019-07-10,50.462501525878906,50.932498931884766,50.38999938964844,50.807498931884766,71588400,48.613075256347656
2019-07-11,50.82749938964844,51.09749984741211,50.4275016784668,50.4375,80767200,48.2590446472168
2019-07-12,50.61249923706055,51,50.54999923706055,50.82500076293945,70380800,48.62981414794922
2019-07-15,51.022499084472656,51.467498779296875,51,51.3025016784668,67789600,49.08668518066406
2019-07-16,51.147499084472656,51.52750015258789,50.875,51.125,67467200,48.91685485839844
2019-07-17,51.01250076293945,51.272499084472656,50.817501068115234,50.837501525878906,56430000,48.641780853271484
2019-07-18,51,51.470001220703125,50.92499923706055,51.415000915527344,74162400,49.19432830810547
2019-07-19,51.4474983215332,51.625,50.59000015258789,50.647499084472656,83717200,48.45996856689453
2019-07-22,50.912498474121094,51.807498931884766,50.90250015258789,51.80500030517578,89111600,49.56748580932617
2019-07-23,52.1150016784668,52.227500915527344,51.8224983215332,52.209999084472656,73420800,49.954986572265625
2019-07-24,51.91749954223633,52.287498474121094,51.79249954223633,52.16749954223633,59966400,49.9143180847168
2019-07-25,52.22249984741211,52.310001373291016,51.682498931884766,51.755001068115234,55638400,49.51964569091797
2019-07-26,51.869998931884766,52.432498931884766,51.78499984741211,51.935001373291016,70475600,49.69187545776367
2019-07-29,52.1150016784668,52.65999984741211,52.11000061035156,52.41999816894531,86693600,50.15591812133789
2019-07-30,52.189998626708984,52.540000915527344,51.82749938964844,52.19499969482422,135742800,49.94063949584961
2019-07-31,54.10499954223633,55.342498779296875,52.82500076293945,53.2599983215332,277125600,50.95964431762695
2019-08-01,53.474998474121094,54.50749969482422,51.685001373291016,52.10749816894531,216071600,49.8569221496582
2019-08-02,51.38249969482422,51.60749816894531,50.407501220703125,51.005001068115234,163448400,48.802040100097656
2019-08-05,49.497501373291016,49.662498474121094,48.14500045776367,48.334999084472656,209572000,46.247352600097656
2019-08-06,49.07749938964844,49.51750183105469,48.5099983215332,49.25,143299200,47.122833251953125
2019-08-07,48.852500915527344,49.88999938964844,48.45500183105469,49.7599983215332,133457600,47.610801696777344
2019-08-08,50.04999923706055,50.88249969482422,49.84749984741211,50.85749816894531,108038000,48.6609001159668
2019-08-09,50.32500076293945,50.689998626708984,49.8224983215332,50.247501373291016,98478800,48.25993347167969
2019-08-12,49.904998779296875,50.51250076293945,49.787498474121094,50.119998931884766,89927600,48.1374626159668
2019-08-13,50.255001068115234,53.03499984741211,50.119998931884766,52.24250030517578,188874000,50.1760139465332
2019-08-14,50.790000915527344,51.61000061035156,50.647499084472656,50.6875,146189600,48.68251037597656
2019-08-15,50.8650016784668,51.28499984741211,49.91749954223633,50.435001373291016,108909600,48.439998626708984
2019-08-16,51.06999969482422,51.790000915527344,50.959999084472656,51.625,110481600,49.58293151855469
2019-08-19,52.654998779296875,53.182498931884766,52.50749969482422,52.587501525878906,97654400,50.507354736328125
2019-08-20,52.720001220703125,53.337501525878906,52.58000183105469,52.59000015258789,107537200,50.509761810302734
2019-08-21,53.247501373291016,53.412498474121094,52.900001525878906,53.15999984741211,86141600,51.05721664428711
2019-08-22,53.29750061035156,53.61000061035156,52.6875,53.1150016784668,89014800,51.013999938964844
2019-08-23,52.35749816894531,53.01250076293945,50.25,50.65999984741211,187272000,48.65611267089844
2019-08-26,51.46500015258789,51.79750061035156,51.26499938964844,51.622501373291016,104174400,49.58053970336914
2019-08-27,51.96500015258789,52.13750076293945,50.88249969482422,51.040000915527344,103493200,49.02107620239258
2019-08-28,51.025001525878906,51.43000030517578,50.83000183105469,51.38249969482422,63755200,49.35003662109375
2019-08-29,52.125,52.33000183105469,51.665000915527344,52.252498626708984,83962000,50.18559646606445
2019-08-30,52.540000915527344,52.61249923706055,51.79999923706055,52.185001373291016,84573600,50.12078094482422
2019-09-03,51.60749816894531,51.744998931884766,51.05500030517578,51.42499923706055,80092000,49.390838623046875
2019-09-04,52.09749984741211,52.369998931884766,51.83000183105469,52.29750061035156,76752400,50.22882843017578
2019-09-05,53,53.49250030517578,52.877498626708984,53.31999969482422,95654800,51.21088790893555
2019-09-06,53.51250076293945,53.60499954223633,53.127498626708984,53.314998626708984,77449200,51.206085205078125
2019-09-09,53.709999084472656,54.11000061035156,52.76750183105469,53.54249954223633,109237600,51.42457962036133
2019-09-10,53.46500015258789,54.19499969482422,52.9275016784668,54.17499923706055,127111600,52.03207015991211
2019-09-11,54.51750183105469,55.9275016784668,54.432498931884766,55.897499084472656,177158400,53.68643569946289
2019-09-12,56.20000076293945,56.60499954223633,55.71500015258789,55.772499084472656,128906800,53.566368103027344
2019-09-13,55,55.1974983215332,54.255001068115234,54.6875,159053200,52.524295806884766
2019-09-16,54.432498931884766,55.032501220703125,54.38999938964844,54.974998474121094,84632400,52.8004264831543
2019-09-17,54.9900016784668,55.20500183105469,54.779998779296875,55.17499923706055,73274800,52.992515563964844
2019-09-18,55.26499938964844,55.712501525878906,54.86000061035156,55.692501068115234,101360000,53.48954391479492
2019-09-19,55.502498626708984,55.939998626708984,55.092498779296875,55.2400016784668,88242400,53.0549430847168
2019-09-20,55.345001220703125,55.63999938964844,54.36750030517578,54.432498931884766,221652400,52.279380798339844
2019-09-23,54.73749923706055,54.959999084472656,54.412498474121094,54.68000030517578,76662000,52.517093658447266
2019-09-24,55.25749969482422,55.622501373291016,54.29750061035156,54.41999816894531,124763200,52.26736831665039
2019-09-25,54.63750076293945,55.375,54.28499984741211,55.25749969482422,87613600,53.07175064086914
2019-09-26,55,55.23500061035156,54.70750045776367,54.97249984741211,75334000,52.79802322387695
2019-09-27,55.1349983215332,55.2400016784668,54.31999969482422,54.70500183105469,101408000,52.541107177734375
2019-09-30,55.224998474121094,56.14500045776367,55.1974983215332,55.99250030517578,103909600,53.77766418457031
2019-10-01,56.26750183105469,57.05500030517578,56.04999923706055,56.147499084472656,139223200,53.926544189453125
2019-10-02,55.76499938964844,55.89500045776367,54.48249816894531,54.7400016784668,138449200,52.574710845947266
2019-10-03,54.60749816894531,55.2400016784668,53.782501220703125,55.20500183105469,114426000,53.02132797241211
2019-10-04,56.40999984741211,56.872501373291016,55.97249984741211,56.752498626708984,138478800,54.507606506347656
2019-10-07,56.567501068115234,57.48249816894531,56.459999084472656,56.76499938964844,122306000,54.51961135864258
2019-10-08,56.45500183105469,57.01499938964844,56.08250045776367,56.099998474121094,111820000,53.880924224853516
2019-10-09,56.75749969482422,56.9474983215332,56.40999984741211,56.75749969482422,74770400,54.512413024902344
2019-10-10,56.98249816894531,57.61000061035156,56.82500076293945,57.522499084472656,113013600,55.24714660644531
2019-10-11,58.23749923706055,59.40999984741211,58.07749938964844,59.0525016784668,166795600,56.71662521362305
2019-10-14,58.724998474121094,59.532501220703125,58.66749954223633,58.967498779296875,96427600,56.6349983215332
2019-10-15,59.09749984741211,59.412498474121094,58.720001220703125,58.83000183105469,87360000,56.5029296875
2019-10-16,58.342498779296875,58.810001373291016,58.29999923706055,58.592498779296875,73903200,56.27482223510742
2019-10-17,58.772499084472656,59.037498474121094,58.380001068115234,58.81999969482422,67585200,56.49333572387695
2019-10-18,58.647499084472656,59.39500045776367,58.5724983215332,59.102500915527344,97433600,56.7646598815918
2019-10-21,59.380001068115234,60.247501373291016,59.33000183105469,60.127498626708984,87247200,57.74911880493164
2019-10-22,60.290000915527344,60.54999923706055,59.904998779296875,59.9900016784668,82293600,57.61703872680664
2019-10-23,60.525001525878906,60.810001373291016,60.30500030517578,60.79499816894531,75828800,58.39020919799805
2019-10-24,61.127498626708984,61.20000076293945,60.45249938964844,60.89500045776367,69275200,58.48625946044922
2019-10-25,60.790000915527344,61.682498931884766,60.720001220703125,61.64500045776367,73477200,59.20659637451172
2019-10-28,61.85499954223633,62.3125,61.68000030517578,62.26250076293945,96572800,59.79964828491211
2019-10-29,62.24250030517578,62.4375,60.64250183105469,60.8224983215332,142839600,58.4166259765625
2019-10-30,61.189998626708984,61.32500076293945,60.3025016784668,60.814998626708984,124522000,58.40941619873047
2019-10-31,61.810001373291016,62.29249954223633,59.314998626708984,62.189998626708984,139162000,59.73003005981445
2019-11-01,62.3849983215332,63.98249816894531,62.290000915527344,63.95500183105469,151125200,61.425209045410156
2019-11-04,64.3324966430664,64.4625015258789,63.845001220703125,64.375,103272000,61.82860565185547
2019-11-05,64.26249694824219,64.54750061035156,64.08000183105469,64.282501220703125,79897600,61.73974609375
2019-11-06,64.19249725341797,64.37249755859375,63.842498779296875,64.30999755859375,75864400,61.76616668701172
2019-11-07,64.68499755859375,65.0875015258789,64.527496337890625,64.85749816894531,94940400,62.47903060913086
2019-11-08,64.67250061035156,65.11000061035156,64.2125015258789,65.035003662109375,69986400,62.6500358581543
2019-11-11,64.57499694824219,65.61750030517578,64.56999969482422,65.55000305175781,81821200,63.14612579345703
2019-11-12,65.38749694824219,65.69750213623047,65.2300033569336,65.48999786376953,87388800,63.08833312988281
2019-11-13,65.282501220703125,66.19499969482422,65.26750183105469,66.11750030517578,102734400,63.692832946777344
2019-11-14,65.9375,66.220001220703125,65.5250015258789,65.660003662109375,89182800,63.252098083496094
2019-11-15,65.91999816894531,66.44499969482422,65.75250244140625,66.44000244140625,100206400,64.00350189208984
2019-11-18,66.44999694824219,66.85749816894531,66.05750274658203,66.7750015258789,86703200,64.32621002197266
2019-11-19,66.9749984741211,67,66.347503662109375,66.57250213623047,76167200,64.13114166259766
2019-11-20,66.38500213623047,66.5199966430664,65.0999984741211,65.79750061035156,106234400,63.384544372558594
2019-11-21,65.92250061035156,66.00250244140625,65.29499816894531,65.50250244140625,121395200,63.10036849975586
2019-11-22,65.64749908447266,65.79499816894531,65.20999908447266,65.44499969482422,65325200,63.044986724853516
2019-11-25,65.67749786376953,66.61000061035156,65.62999725341797,66.592498779296875,84020400,64.150390625
2019-11-26,66.73500061035156,66.79000091552734,65.625,66.07250213623047,105207600,63.64946365356445
2019-11-27,66.3949966430664,66.99500274658203,66.32749938964844,66.95999908447266,65235600,64.504425048828125
2019-11-29,66.6500015258789,67,66.4749984741211,66.8125,46617600,64.362335205078125
2019-12-02,66.81749725341797,67.0625,65.86250305175781,66.04000091552734,94487200,63.6181755065918
2019-12-03,64.57749938964844,64.88249969482422,64.07250213623047,64.86250305175781,114430400,62.483856201171875
2019-12-04,65.26750183105469,65.82749938964844,65.16999816894531,65.43499755859375,67181600,63.03535079956055
2019-12-05,65.94750213623047,66.472503662109375,65.68250274658203,66.3949966430664,74424400,63.96013259887695
2019-12-06,66.87000274658203,67.75,66.82499694824219,67.67749786376953,106075600,65.19561767578125
2019-12-09,67.5,67.69999694824219,66.22750091552734,66.7300033569336,128042400,64.28285217285156
2019-12-10,67.1500015258789,67.51750183105469,66.464996337890625,67.12000274658203,90420400,64.65856170654297
2019-12-11,67.20249938964844,67.7750015258789,67.125,67.69249725341797,78756800,65.210052490234375
2019-12-12,66.94499969482422,68.13999938964844,66.83000183105469,67.86499786376953,137310400,65.37622833251953
2019-12-13,67.86499786376953,68.82499694824219,67.73249816894531,68.7874984741211,133587600,66.264892578125
2019-12-16,69.25,70.19750213623047,69.24500274658203,69.964996337890625,128186000,67.39922332763672
2019-12-17,69.89250183105469,70.44249725341797,69.69999694824219,70.10250091552734,114158400,67.53170013427734
2019-12-18,69.94999694824219,70.4749984741211,69.779998779296875,69.93499755859375,116028400,67.37032318115234
2019-12-19,69.875,70.29499816894531,69.73750305175781,70.00499725341797,98369200,67.43775939941406
2019-12-20,70.55750274658203,70.6624984741211,69.63999938964844,69.86000061035156,275978000,67.298065185546875
2019-12-23,70.13249969482422,71.0625,70.092498779296875,71,98572000,68.39625549316406
2019-12-24,71.17250061035156,71.222503662109375,70.7300033569336,71.06749725341797,48478800,68.46128845214844
2019-12-26,71.20500183105469,72.49500274658203,71.17500305175781,72.47750091552734,93121200,69.819580078125
2019-12-27,72.779998779296875,73.49250030517578,72.029998779296875,72.44999694824219,146266000,69.79309844970703
2019-12-30,72.36499786376953,73.17250061035156,71.30500030517578,72.87999725341797,144114400,70.20732879638672
2019-12-31,72.48249816894531,73.41999816894531,72.37999725341797,73.4124984741211,100805600,70.72029113769531
2020-01-02,74.05999755859375,75.1500015258789,73.79750061035156,75.0875015258789,135480400,72.3338623046875
2020-01-03,74.2874984741211,75.1449966430664,74.125,74.35749816894531,146322800,71.63065338134766
2020-01-06,73.44750213623047,74.98999786376953,73.1875,74.94999694824219,118387200,72.20142364501953
2020-01-07,74.95999908447266,75.2249984741211,74.37000274658203,74.597503662109375,108872000,71.86183166503906
2020-01-08,74.29000091552734,76.11000061035156,74.29000091552734,75.79750061035156,132079200,73.01783752441406
2020-01-09,76.80999755859375,77.60749816894531,76.55000305175781,77.407501220703125,170108400,74.56878662109375
2020-01-10,77.6500015258789,78.1675033569336,77.0625,77.5824966430664,140644800,74.73738098144531
2020-01-13,77.910003662109375,79.26750183105469,77.7874984741211,79.23999786376953,121532000,76.33409118652344
2020-01-14,79.17500305175781,79.39250183105469,78.0425033569336,78.16999816894531,161954400,75.30329895019531
2020-01-15,77.9625015258789,78.875,77.38749694824219,77.83499908447266,121923600,74.980621337890625
2020-01-16,78.39749908447266,78.92500305175781,78.02249908447266,78.80999755859375,108829200,75.91986846923828
2020-01-17,79.06749725341797,79.68499755859375,78.75,79.68250274658203,137816400,76.76036834716797
2020-01-21,79.29750061035156,79.75499725341797,79,79.14250183105469,110843200,76.24016571044922
2020-01-22,79.6449966430664,79.99749755859375,79.32749938964844,79.42500305175781,101832400,76.512298583984375
2020-01-23,79.4800033569336,79.88999938964844,78.9124984741211,79.80750274658203,104472000,76.88077545166016
2020-01-24,80.0625,80.8324966430664,79.37999725341797,79.57749938964844,146537600,76.65921783447266
2020-01-27,77.51499938964844,77.94249725341797,76.220001220703125,77.23750305175781,161940000,74.405029296875
2020-01-28,78.1500015258789,79.5999984741211,78.04750061035156,79.42250061035156,162234000,76.50989532470703
2020-01-29,81.11250305175781,81.9625015258789,80.345001220703125,81.08499908447266,216229200,78.11144256591797
2020-01-30,80.13500213623047,81.02249908447266,79.6875,80.967498779296875,126743200,77.99825286865234
2020-01-31,80.23249816894531,80.66999816894531,77.07250213623047,77.37750244140625,199588400,74.5398941040039
2020-02-03,76.07499694824219,78.37249755859375,75.55500030517578,77.16500091552734,173788400,74.335174560546875
2020-02-04,78.82749938964844,79.910003662109375,78.407501220703125,79.7125015258789,136616400,76.789276123046875
2020-02-05,80.87999725341797,81.19000244140625,79.73750305175781,80.36250305175781,118826800,77.415435791015625
2020-02-06,80.64250183105469,81.30500030517578,80.06500244140625,81.30249786376953,105425600,78.32096099853516
2020-02-07,80.592498779296875,80.8499984741211,79.5,80.00749969482422,117684000,77.25635528564453
2020-02-10,78.54499816894531,80.38749694824219,78.4625015258789,80.38749694824219,109348800,77.623291015625
2020-02-11,80.9000015258789,80.9749984741211,79.67749786376953,79.902496337890625,94323200,77.15495300292969
2020-02-12,80.36750030517578,81.80500030517578,80.36750030517578,81.80000305175781,113730400,78.98724365234375
2020-02-13,81.04750061035156,81.55500030517578,80.8375015258789,81.217498779296875,94747600,78.424774169921875
2020-02-14,81.18499755859375,81.49500274658203,80.7125015258789,81.23750305175781,80113600,78.4440689086914
2020-02-18,78.839996337890625,79.9375,78.652496337890625,79.75,152531200,77.0077133178711
2020-02-19,80,81.14250183105469,80,80.904998779296875,93984000,78.123016357421875
2020-02-20,80.657501220703125,81.1624984741211,79.55249786376953,80.07499694824219,100566000,77.32154846191406
2020-02-21,79.654998779296875,80.11250305175781,77.625,78.26249694824219,129554000,75.57136535644531
2020-02-24,74.31500244140625,76.04499816894531,72.30750274658203,74.54499816894531,222195200,71.98170471191406
2020-02-25,75.23750305175781,75.63249969482422,71.532501220703125,72.0199966430664,230673600,69.54351806640625
2020-02-26,71.63249969482422,74.470001220703125,71.625,73.1624984741211,198054800,70.646728515625
2020-02-27,70.2750015258789,71.5,68.23999786376953,68.37999725341797,320605600,66.02869415283203
2020-02-28,64.31500244140625,69.60250091552734,64.092498779296875,68.339996337890625,426510000,65.99006652832031
2020-03-02,70.56999969482422,75.36000061035156,69.43000030517578,74.70249938964844,341397200,72.13378143310547
2020-03-03,75.9175033569336,76,71.44999694824219,72.33000183105469,319475600,69.842864990234375
2020-03-04,74.11000061035156,75.8499984741211,73.282501220703125,75.68499755859375,219178400,73.08247375488281
2020-03-05,73.87999725341797,74.88749694824219,72.85250091552734,73.2300033569336,187572800,70.71190643310547
2020-03-06,70.5,72.70500183105469,70.30750274658203,72.25749969482422,226176800,69.77284240722656
2020-03-09,65.9375,69.52249908447266,65.75,66.5425033569336,286744800,64.25438690185547
2020-03-10,69.285003662109375,71.61000061035156,67.342498779296875,71.33499908447266,285290000,68.88207244873047
2020-03-11,69.347503662109375,70.30500030517578,67.964996337890625,68.85749816894531,255598800,66.48975372314453
2020-03-12,63.98500061035156,67.5,62,62.057498931884766,418474000,59.92359161376953
2020-03-13,66.222503662109375,69.9800033569336,63.23749923706055,69.49250030517578,370732000,67.102935791015625
2020-03-16,60.48749923706055,64.7699966430664,60,60.5525016784668,322423600,58.47035217285156
2020-03-17,61.877498626708984,64.402496337890625,59.599998474121094,63.21500015258789,324056000,61.041290283203125
2020-03-18,59.942501068115234,62.5,59.279998779296875,61.66749954223633,300233600,59.54700469970703
2020-03-19,61.84749984741211,63.209999084472656,60.65250015258789,61.19499969482422,271857200,59.09074401855469
2020-03-20,61.79499816894531,62.95750045776367,57,57.310001373291016,401693200,55.33932876586914
2020-03-23,57.02000045776367,57.125,53.15250015258789,56.092498779296875,336752800,54.163700103759766
2020-03-24,59.09000015258789,61.92250061035156,58.57500076293945,61.720001220703125,287531200,59.59770202636719
2020-03-25,62.6875,64.5625,61.07500076293945,61.380001068115234,303602000,59.26938247680664
2020-03-26,61.630001068115234,64.66999816894531,61.59000015258789,64.61000061035156,252087200,62.38832473754883
2020-03-27,63.1875,63.967498779296875,61.76250076293945,61.935001373291016,204216800,59.8053092956543
2020-03-30,62.685001373291016,63.880001068115234,62.349998474121094,63.70249938964844,167976400,61.51203536987305
2020-03-31,63.900001525878906,65.62249755859375,63,63.5724983215332,197002000,61.38649368286133
2020-04-01,61.625,62.18000030517578,59.782501220703125,60.227500915527344,176218400,58.15650939941406
2020-04-02,60.084999084472656,61.287498474121094,59.224998474121094,61.23249816894531,165934000,59.1269645690918
2020-04-03,60.70000076293945,61.42499923706055,59.74250030517578,60.352500915527344,129880000,58.277217864990234
2020-04-06,62.724998474121094,65.777496337890625,62.345001220703125,65.61750030517578,201820400,63.361167907714844
2020-04-07,67.69999694824219,67.92500305175781,64.75,64.85749816894531,202887200,62.62731170654297
2020-04-08,65.68499755859375,66.842498779296875,65.30750274658203,66.51750183105469,168895200,64.23023986816406
2020-04-09,67.17500305175781,67.51750183105469,66.17500305175781,66.99749755859375,161834800,64.69371032714844
2020-04-13,67.07749938964844,68.42500305175781,66.4574966430664,68.3125,131022800,65.96351623535156
2020-04-14,70,72.0625,69.51249694824219,71.76249694824219,194994800,69.294891357421875
2020-04-15,70.5999984741211,71.5824966430664,70.157501220703125,71.10749816894531,131154400,68.66239166259766
2020-04-16,71.845001220703125,72.05000305175781,70.5875015258789,71.67250061035156,157125200,69.20796966552734
2020-04-17,71.17250061035156,71.73750305175781,69.214996337890625,70.69999694824219,215250000,68.26891326904297
2020-04-20,69.48750305175781,70.41999816894531,69.2125015258789,69.23249816894531,130015200,66.85189056396484
2020-04-21,69.06999969482422,69.3125,66.35749816894531,67.092498779296875,180991600,64.78543853759766
2020-04-22,68.402496337890625,69.4749984741211,68.05000305175781,69.0250015258789,116862400,66.651519775390625
2020-04-23,68.967498779296875,70.4375,68.717498779296875,68.75749969482422,124814400,66.39320373535156
2020-04-24,69.30000305175781,70.75250244140625,69.25,70.74250030517578,126161200,68.30995178222656
2020-04-27,70.44999694824219,71.13500213623047,69.98750305175781,70.7925033569336,117087600,68.35823822021484
2020-04-28,71.2699966430664,71.4574966430664,69.55000305175781,69.6449966430664,112004800,67.25016784667969
2020-04-29,71.18250274658203,72.4175033569336,70.972503662109375,71.93250274658203,137280800,69.45903015136719
2020-04-30,72.48999786376953,73.63249969482422,72.0875015258789,73.44999694824219,183064000,70.92433166503906
2020-05-01,71.5625,74.75,71.4625015258789,72.26750183105469,240616800,69.782501220703125
2020-05-04,72.2925033569336,73.42250061035156,71.58000183105469,73.29000091552734,133568000,70.76984405517578
2020-05-05,73.76499938964844,75.25,73.61499786376953,74.38999938964844,147751200,71.8320083618164
2020-05-06,75.11499786376953,75.80999755859375,74.717498779296875,75.157501220703125,142333600,72.5731430053711
2020-05-07,75.80500030517578,76.2925033569336,75.49250030517578,75.93499755859375,115215200,73.32389068603516
2020-05-08,76.410003662109375,77.5875015258789,76.07250213623047,77.532501220703125,133838400,75.06914520263672
2020-05-11,77.0250015258789,79.26249694824219,76.80999755859375,78.75250244140625,145946400,76.25038146972656
2020-05-12,79.4574966430664,79.92250061035156,77.72750091552734,77.85250091552734,162301200,75.37896728515625
2020-05-13,78.0374984741211,78.98750305175781,75.80249786376953,76.9124984741211,200622400,74.468841552734375
2020-05-14,76.12750244140625,77.44750213623047,75.38249969482422,77.38500213623047,158929200,74.92633819580078
2020-05-15,75.0875015258789,76.9749984741211,75.05249786376953,76.92749786376953,166348400,74.48336029052734
2020-05-18,78.2925033569336,79.125,77.58000183105469,78.73999786376953,135178400,76.23826599121094
2020-05-19,78.75749969482422,79.62999725341797,78.25250244140625,78.285003662109375,101729600,75.79772186279297
2020-05-20,79.16999816894531,79.87999725341797,79.12999725341797,79.80750274658203,111504800,77.2718505859375
2020-05-21,79.66500091552734,80.222503662109375,78.967498779296875,79.2125015258789,102688800,76.69576263427734
2020-05-22,78.94249725341797,79.80750274658203,78.8375015258789,79.722503662109375,81803200,77.18958282470703
2020-05-26,80.875,81.05999755859375,79.125,79.18250274658203,125522000,76.66670227050781
2020-05-27,79.035003662109375,79.67749786376953,78.27249908447266,79.527496337890625,112945200,77.00072479248047
2020-05-28,79.19249725341797,80.86000061035156,78.907501220703125,79.5625,133560800,77.0346450805664
2020-05-29,79.8125,80.2874984741211,79.11750030517578,79.48500061035156,153532400,76.9595947265625
2020-06-01,79.4375,80.5875015258789,79.30249786376953,80.4625015258789,80791200,77.90601348876953
2020-06-02,80.1875,80.86000061035156,79.73249816894531,80.83499908447266,87642800,78.2667007446289
2020-06-03,81.16500091552734,81.55000305175781,80.57499694824219,81.279998779296875,104491200,78.69758605957031
2020-06-04,81.097503662109375,81.404998779296875,80.19499969482422,80.58000183105469,87560400,78.01979064941406
2020-06-05,80.8375015258789,82.9375,80.80750274658203,82.875,137250400,80.24188232421875
2020-06-08,82.5625,83.4000015258789,81.83000183105469,83.36499786376953,95654400,80.71631622314453
2020-06-09,83.035003662109375,86.402496337890625,83.00250244140625,85.99749755859375,147712400,83.26518249511719
2020-06-10,86.9749984741211,88.69249725341797,86.52249908447266,88.20999908447266,166651600,85.40739440917969
2020-06-11,87.32749938964844,87.76499938964844,83.87000274658203,83.9749984741211,201662400,81.30695343017578
2020-06-12,86.18000030517578,86.94999694824219,83.55500030517578,84.69999694824219,200146000,82.0089111328125
2020-06-15,83.3125,86.41999816894531,83.1449966430664,85.74749755859375,138808800,83.02313232421875
2020-06-16,87.86499786376953,88.30000305175781,86.18000030517578,88.0199966430664,165428800,85.223419189453125
2020-06-17,88.7874984741211,88.8499984741211,87.77249908447266,87.89749908447266,114406400,85.10480499267578
2020-06-18,87.85250091552734,88.36250305175781,87.30500030517578,87.93250274658203,96820400,85.138702392578125
2020-06-19,88.660003662109375,89.13999938964844,86.2874984741211,87.43000030517578,264476000,84.65216827392578
2020-06-22,87.83499908447266,89.86499786376953,87.7874984741211,89.717498779296875,135445200,86.86698150634766
2020-06-23,91,93.095001220703125,90.56749725341797,91.63249969482422,212155600,88.72114562988281
2020-06-24,91.25,92.19750213623047,89.62999725341797,90.01499938964844,192623200,87.15503692626953
2020-06-25,90.17500305175781,91.25,89.39250183105469,91.20999908447266,137522400,88.31206512451172
2020-06-26,91.10250091552734,91.33000183105469,88.25499725341797,88.407501220703125,205256800,85.59859466552734
2020-06-29,88.3125,90.5425033569336,87.81999969482422,90.44499969482422,130646000,87.57135772705078
2020-06-30,90.0199966430664,91.49500274658203,90,91.19999694824219,140223200,88.30237579345703
2020-07-01,91.279998779296875,91.839996337890625,90.97750091552734,91.027496337890625,110737200,88.1353759765625
2020-07-02,91.9625015258789,92.61750030517578,90.910003662109375,91.027496337890625,114041600,88.1353759765625
2020-07-06,92.5,93.94499969482422,92.467498779296875,93.4625015258789,118655600,90.493011474609375
2020-07-07,93.85250091552734,94.654998779296875,93.05750274658203,93.17250061035156,112424400,90.21221923828125
2020-07-08,94.18000030517578,95.375,94.089996337890625,95.342498779296875,117092000,92.31327819824219
2020-07-09,96.26249694824219,96.31749725341797,94.67250061035156,95.75250244140625,125642800,92.71025085449219
2020-07-10,95.33499908447266,95.9800033569336,94.70500183105469,95.91999816894531,90257200,92.87242126464844
2020-07-13,97.26499938964844,99.95500183105469,95.25749969482422,95.47750091552734,191649200,92.4439926147461
2020-07-14,94.839996337890625,97.25499725341797,93.87750244140625,97.05750274658203,170989200,93.97377014160156
2020-07-15,98.98999786376953,99.24749755859375,96.48999786376953,97.7249984741211,153198000,94.62007904052734
2020-07-16,96.5625,97.404998779296875,95.904998779296875,96.52249908447266,110577600,93.45579528808594
2020-07-17,96.98750305175781,97.14749908447266,95.839996337890625,96.32749938964844,92186800,93.2669677734375
2020-07-20,96.4175033569336,98.5,96.0625,98.35749816894531,90318000,95.23246765136719
2020-07-21,99.17250061035156,99.25,96.74250030517578,97,103433200,93.91809844970703
2020-07-22,96.69249725341797,97.9749984741211,96.60250091552734,97.27249908447266,89001600,94.18193817138672
2020-07-23,96.99749755859375,97.07749938964844,92.01000213623047,92.845001220703125,197004400,89.8951187133789
2020-07-24,90.98750305175781,92.970001220703125,89.1449966430664,92.61499786376953,185438800,89.67242431640625
2020-07-27,93.70999908447266,94.904998779296875,93.4800033569336,94.80999755859375,121214000,91.79767608642578
2020-07-28,94.36750030517578,94.55000305175781,93.24749755859375,93.25250244140625,103625600,90.28968811035156
2020-07-29,93.75,95.2300033569336,93.7125015258789,95.04000091552734,90329200,92.02039337158203
2020-07-30,94.1875,96.29750061035156,93.76750183105469,96.19000244140625,158130000,93.13384246826172
2020-07-31,102.88500213623047,106.41500091552734,100.82499694824219,106.26000213623047,374336800,102.8839111328125
2020-08-03,108.19999694824219,111.63749694824219,107.89250183105469,108.9375,308151200,105.476318359375
2020-08-04,109.13249969482422,110.79000091552734,108.38749694824219,109.66500091552734,173071600,106.18070983886719
2020-08-05,109.37750244140625,110.39250183105469,108.89749908447266,110.0625,121776800,106.56558227539062
2020-08-06,110.40499877929688,114.4124984741211,109.79750061035156,113.90249633789062,202428800,110.28356170654297
2020-08-07,113.20500183105469,113.67500305175781,110.2925033569336,111.11250305175781,198045600,107.77619934082031
2020-08-10,112.5999984741211,113.7750015258789,110,112.72750091552734,212403600,109.34272003173828
2020-08-11,111.97000122070312,112.48249816894531,109.10749816894531,109.375,187902400,106.09087371826172
2020-08-12,110.49749755859375,113.2750015258789,110.29750061035156,113.01000213623047,165598000,109.61672973632812
2020-08-13,114.43000030517578,116.0425033569336,113.92749786376953,115.01000213623047,210082000,111.5566635131836
2020-08-14,114.83000183105469,115,113.04499816894531,114.90750122070312,165565200,111.45724487304688
2020-08-17,116.0625,116.0875015258789,113.9625015258789,114.60749816894531,119561600,111.16625213623047
2020-08-18,114.35250091552734,116,114.00749969482422,115.5625,105633600,112.09256744384766
2020-08-19,115.98249816894531,117.1624984741211,115.61000061035156,115.7074966430664,145538000,112.23320007324219
2020-08-20,115.75,118.39250183105469,115.73249816894531,118.2750015258789,126907200,114.7236099243164
2020-08-21,119.26249694824219,124.86750030517578,119.25,124.37000274658203,338054800,120.6356430053711
2020-08-24,128.69749450683594,128.78500366210938,123.9375,125.85749816894531,345937600,122.07845306396484
2020-08-25,124.69750213623047,125.18000030517578,123.05249786376953,124.82499694824219,211495600,121.07696533203125
2020-08-26,126.18000030517578,126.99250030517578,125.0824966430664,126.52249908447266,163022400,122.72349548339844
2020-08-27,127.14250183105469,127.48500061035156,123.8324966430664,125.01000213623047,155552400,121.25640869140625
2020-08-28,126.01249694824219,126.44249725341797,124.57749938964844,124.80750274658203,187630000,121.05998229980469
2020-08-31,127.58000183105469,131,126,129.0399932861328,225702700,125.1654052734375
2020-09-01,132.75999450683594,134.8000030517578,130.52999877929688,134.17999267578125,151948100,130.15109252929688
2020-09-02,137.58999633789062,137.97999572753906,127,131.39999389648438,200119000,127.45455169677734
2020-09-03,126.91000366210938,128.83999633789062,120.5,120.87999725341797,257599600,117.25039672851562
2020-09-04,120.06999969482422,123.69999694824219,110.88999938964844,120.95999908447266,332607200,117.32799530029297
2020-09-08,113.94999694824219,118.98999786376953,112.68000030517578,112.81999969482422,231366600,109.43243408203125
2020-09-09,117.26000213623047,119.13999938964844,115.26000213623047,117.31999969482422,176940500,113.79727935791016
2020-09-10,120.36000061035156,120.5,112.5,113.48999786376953,182274400,110.08232116699219
2020-09-11,114.56999969482422,115.2300033569336,110,112,180860300,108.63702392578125
2020-09-14,114.72000122070312,115.93000030517578,112.80000305175781,115.36000061035156,140150100,111.89617919921875
2020-09-15,118.33000183105469,118.83000183105469,113.61000061035156,115.54000091552734,184642000,112.07074737548828
2020-09-16,115.2300033569336,116,112.04000091552734,112.12999725341797,154679000,108.76316833496094
2020-09-17,109.72000122070312,112.19999694824219,108.70999908447266,110.33999633789062,178011000,107.0268783569336
2020-09-18,110.4000015258789,110.87999725341797,106.08999633789062,106.83999633789062,287104900,103.63198852539062
2020-09-21,104.54000091552734,110.19000244140625,103.0999984741211,110.08000183105469,195713800,106.77468872070312
2020-09-22,112.68000030517578,112.86000061035156,109.16000366210938,111.80999755859375,183055400,108.45272827148438
2020-09-23,111.62000274658203,112.11000061035156,106.7699966430664,107.12000274658203,150718700,103.9035873413086
2020-09-24,105.16999816894531,110.25,105,108.22000122070312,167743300,104.97055053710938
2020-09-25,108.43000030517578,112.44000244140625,107.66999816894531,112.27999877929688,149981400,108.90863037109375
2020-09-28,115.01000213623047,115.31999969482422,112.77999877929688,114.95999908447266,137672400,111.50817108154297
2020-09-29,114.55000305175781,115.30999755859375,113.56999969482422,114.08999633789062,99382200,110.6642837524414
2020-09-30,113.79000091552734,117.26000213623047,113.62000274658203,115.80999755859375,142675200,112.33264923095703
2020-10-01,117.63999938964844,117.72000122070312,115.83000183105469,116.79000091552734,116120400,113.2832260131836
2020-10-02,112.88999938964844,115.37000274658203,112.22000122070312,113.0199966430664,144712000,109.62641906738281
2020-10-05,113.91000366210938,116.6500015258789,113.55000305175781,116.5,106243800,113.00191497802734
2020-10-06,115.69999694824219,116.12000274658203,112.25,113.16000366210938,161498200,109.76220703125
2020-10-07,114.62000274658203,115.55000305175781,114.12999725341797,115.08000183105469,96849000,111.62456512451172
2020-10-08,116.25,116.4000015258789,114.58999633789062,114.97000122070312,83477200,111.51786804199219
2020-10-09,115.27999877929688,117,114.91999816894531,116.97000122070312,100506900,113.45782470703125
2020-10-12,120.05999755859375,125.18000030517578,119.27999877929688,124.4000015258789,240226800,120.66471099853516
2020-10-13,125.2699966430664,125.38999938964844,119.6500015258789,121.0999984741211,262330500,117.46379852294922
2020-10-14,121,123.02999877929688,119.62000274658203,121.19000244140625,150712000,117.55109405517578
2020-10-15,118.72000122070312,121.19999694824219,118.1500015258789,120.70999908447266,112559200,117.08549499511719
2020-10-16,121.27999877929688,121.55000305175781,118.80999755859375,119.0199966430664,115393800,115.4462661743164
2020-10-19,119.95999908447266,120.41999816894531,115.66000366210938,115.9800033569336,120639300,112.49755096435547
2020-10-20,116.19999694824219,118.9800033569336,115.62999725341797,117.51000213623047,124423700,113.98160552978516
2020-10-21,116.66999816894531,118.70999908447266,116.44999694824219,116.87000274658203,89946000,113.3608169555664
2020-10-22,117.44999694824219,118.04000091552734,114.58999633789062,115.75,101988000,112.2744369506836
2020-10-23,116.38999938964844,116.55000305175781,114.27999877929688,115.04000091552734,82572600,111.58576202392578
2020-10-26,114.01000213623047,116.55000305175781,112.87999725341797,115.05000305175781,111850700,111.595458984375
2020-10-27,115.48999786376953,117.27999877929688,114.54000091552734,116.5999984741211,92276800,113.09892272949219
2020-10-28,115.05000305175781,115.43000030517578,111.0999984741211,111.19999694824219,143937800,107.86106872558594
2020-10-29,112.37000274658203,116.93000030517578,112.19999694824219,115.31999969482422,146129200,111.85736083984375
2020-10-30,111.05999755859375,111.98999786376953,107.72000122070312,108.86000061035156,190272600,105.59131622314453
2020-11-02,109.11000061035156,110.68000030517578,107.31999969482422,108.7699966430664,122866900,105.50402069091797
2020-11-03,109.66000366210938,111.48999786376953,108.7300033569336,110.44000244140625,107624400,107.12388610839844
2020-11-04,114.13999938964844,115.58999633789062,112.3499984741211,114.94999694824219,138235500,111.49845886230469
2020-11-05,117.94999694824219,119.62000274658203,116.87000274658203,119.02999877929688,126387100,115.4559555053711
2020-11-06,118.31999969482422,119.19999694824219,116.12999725341797,118.69000244140625,114457900,115.32478332519531
2020-11-09,120.5,121.98999786376953,116.05000305175781,116.31999969482422,154515300,113.0219955444336
2020-11-10,115.55000305175781,117.58999633789062,114.12999725341797,115.97000122070312,138023400,112.68191528320312
2020-11-11,117.19000244140625,119.62999725341797,116.44000244140625,119.48999786376953,112295000,116.10211181640625
2020-11-12,119.62000274658203,120.52999877929688,118.56999969482422,119.20999908447266,103162300,115.83003997802734
2020-11-13,119.44000244140625,119.66999816894531,117.87000274658203,119.26000213623047,81581900,115.87863159179688
2020-11-16,118.91999816894531,120.98999786376953,118.1500015258789,120.30000305175781,91183000,116.88915252685547
2020-11-17,119.55000305175781,120.66999816894531,118.95999908447266,119.38999938964844,74271000,116.00495147705078
2020-11-18,118.61000061035156,119.81999969482422,118,118.02999877929688,76322100,114.68350219726562
2020-11-19,117.58999633789062,119.05999755859375,116.80999755859375,118.63999938964844,74113000,115.27619934082031
2020-11-20,118.63999938964844,118.7699966430664,117.29000091552734,117.33999633789062,73604300,114.01307678222656
2020-11-23,117.18000030517578,117.62000274658203,113.75,113.8499984741211,127959300,110.62203979492188
2020-11-24,113.91000366210938,115.8499984741211,112.58999633789062,115.16999816894531,113874200,111.90460205078125
2020-11-25,115.55000305175781,116.75,115.16999816894531,116.02999877929688,76499200,112.74020385742188
2020-11-27,116.56999969482422,117.48999786376953,116.22000122070312,116.58999633789062,46691300,113.28433227539062
2020-11-30,116.97000122070312,120.97000122070312,116.80999755859375,119.05000305175781,169410200,115.67459106445312
2020-12-01,121.01000213623047,123.47000122070312,120.01000213623047,122.72000122070312,127728200,119.24052429199219
2020-12-02,122.0199966430664,123.37000274658203,120.88999938964844,123.08000183105469,89004200,119.59033203125
2020-12-03,123.5199966430664,123.77999877929688,122.20999908447266,122.94000244140625,78967600,119.45429229736328
2020-12-04,122.5999984741211,122.86000061035156,121.5199966430664,122.25,78260400,118.78386688232422
2020-12-07,122.30999755859375,124.56999969482422,122.25,123.75,86712000,120.24131774902344
2020-12-08,124.37000274658203,124.9800033569336,123.08999633789062,124.37999725341797,82225500,120.85346984863281
2020-12-09,124.52999877929688,125.94999694824219,121,121.77999877929688,115089200,118.3271713256836
2020-12-10,120.5,123.87000274658203,120.1500015258789,123.23999786376953,81312200,119.74577331542969
2020-12-11,122.43000030517578,122.76000213623047,120.55000305175781,122.41000366210938,86939800,118.9393310546875
2020-12-14,122.5999984741211,123.3499984741211,121.54000091552734,121.77999877929688,79184500,118.3271713256836
2020-12-15,124.33999633789062,127.9000015258789,124.12999725341797,127.87999725341797,157243700,124.25420379638672
2020-12-16,127.41000366210938,128.3699951171875,126.55999755859375,127.80999755859375,98208600,124.18624114990234
2020-12-17,128.89999389648438,129.5800018310547,128.0399932861328,128.6999969482422,94359800,125.05098724365234
2020-12-18,128.9600067138672,129.10000610351562,126.12000274658203,126.66000366210938,192541500,123.06881713867188
2020-12-21,125.0199966430664,128.30999755859375,123.44999694824219,128.22999572753906,121251600,124.59428405761719
2020-12-22,131.61000061035156,134.41000366210938,129.64999389648438,131.8800048828125,168904800,128.1408233642578
2020-12-23,132.16000366210938,132.42999267578125,130.77999877929688,130.9600067138672,88223700,127.24691009521484
2020-12-24,131.32000732421875,133.4600067138672,131.10000610351562,131.97000122070312,54930100,128.22825622558594
2020-12-28,133.99000549316406,137.33999633789062,133.50999450683594,136.69000244140625,124486200,132.81443786621094
2020-12-29,138.0500030517578,138.7899932861328,134.33999633789062,134.8699951171875,121047300,131.0460205078125
2020-12-30,135.5800018310547,135.99000549316406,133.39999389648438,133.72000122070312,96452100,129.92861938476562
2020-12-31,134.0800018310547,134.74000549316406,131.72000122070312,132.69000244140625,99116600,128.92784118652344
2021-01-04,133.52000427246094,133.61000061035156,126.76000213623047,129.41000366210938,143301900,125.74089050292969
2021-01-05,128.88999938964844,131.74000549316406,128.42999267578125,131.00999450683594,97664900,127.29546356201172
2021-01-06,127.72000122070312,131.0500030517578,126.37999725341797,126.5999984741211,155088000,123.01052856445312
2021-01-07,128.36000061035156,131.6300048828125,127.86000061035156,130.9199981689453,109578200,127.20806121826172
2021-01-08,132.42999267578125,132.6300048828125,130.22999572753906,132.0500030517578,105158200,128.30599975585938
2021-01-11,129.19000244140625,130.1699981689453,128.5,128.97999572753906,100384500,125.32303619384766
2021-01-12,128.5,129.69000244140625,126.86000061035156,128.8000030517578,91951100,125.14813232421875
2021-01-13,128.75999450683594,131.4499969482422,128.49000549316406,130.88999938964844,88636800,127.17889404296875
2021-01-14,130.8000030517578,131,128.75999450683594,128.91000366210938,90221800,125.2550277709961
2021-01-15,128.77999877929688,130.22000122070312,127,127.13999938964844,111598500,123.53520202636719
2021-01-19,127.77999877929688,128.7100067138672,126.94000244140625,127.83000183105469,90757300,124.20562744140625
2021-01-20,128.66000366210938,132.49000549316406,128.5500030517578,132.02999877929688,104319500,128.2865753173828
2021-01-21,133.8000030517578,139.6699981689453,133.58999633789062,136.8699951171875,120150900,132.9893341064453
2021-01-22,136.27999877929688,139.85000610351562,135.02000427246094,139.07000732421875,114459400,135.12696838378906
2021-01-25,143.07000732421875,145.08999633789062,136.5399932861328,142.9199981689453,157611700,138.86782836914062
2021-01-26,143.60000610351562,144.3000030517578,141.3699951171875,143.16000366210938,98390600,139.1009979248047
2021-01-27,143.42999267578125,144.3000030517578,140.41000366210938,142.05999755859375,140843800,138.03221130371094
2021-01-28,139.52000427246094,141.99000549316406,136.6999969482422,137.08999633789062,142621100,133.203125
2021-01-29,135.8300018310547,136.74000549316406,130.2100067138672,131.9600067138672,177523800,128.2185516357422
2021-02-01,133.75,135.3800048828125,130.92999267578125,134.13999938964844,106239800,130.3367462158203
2021-02-02,135.72999572753906,136.30999755859375,134.61000061035156,134.99000549316406,83305400,131.1626434326172
2021-02-03,135.75999450683594,135.77000427246094,133.61000061035156,133.94000244140625,89880900,130.1423797607422
2021-02-04,136.3000030517578,137.39999389648438,134.58999633789062,137.38999938964844,84183100,133.49459838867188
2021-02-05,137.35000610351562,137.4199981689453,135.86000061035156,136.75999450683594,75693800,133.0810089111328
2021-02-08,136.02999877929688,136.9600067138672,134.9199981689453,136.91000366210938,71297200,133.2269744873047
2021-02-09,136.6199951171875,137.8800048828125,135.85000610351562,136.00999450683594,76774200,132.35118103027344
2021-02-10,136.47999572753906,136.99000549316406,134.39999389648438,135.38999938964844,73046600,131.74786376953125
2021-02-11,135.89999389648438,136.38999938964844,133.77000427246094,135.1300048828125,64280000,131.494873046875
2021-02-12,134.35000610351562,135.52999877929688,133.69000244140625,135.3699951171875,60145100,131.72845458984375
2021-02-16,135.49000549316406,136.00999450683594,132.7899932861328,133.19000244140625,80576300,129.6070556640625
2021-02-17,131.25,132.22000122070312,129.47000122070312,130.83999633789062,97918500,127.32026672363281
2021-02-18,129.1999969482422,130,127.41000366210938,129.7100067138672,96856700,126.22068786621094
2021-02-19,130.24000549316406,130.7100067138672,128.8000030517578,129.8699951171875,87668800,126.3763427734375
2021-02-22,128.00999450683594,129.72000122070312,125.5999984741211,126,103916400,122.61050415039062
2021-02-23,123.76000213623047,126.70999908447266,118.38999938964844,125.86000061035156,158273000,122.47425079345703
2021-02-24,124.94000244140625,125.55999755859375,122.2300033569336,125.3499984741211,111039900,121.97795104980469
2021-02-25,124.68000030517578,126.45999908447266,120.54000091552734,120.98999786376953,148199500,117.7352523803711
2021-02-26,122.58999633789062,124.8499984741211,121.19999694824219,121.26000213623047,164560400,117.99798583984375
2021-03-01,123.75,127.93000030517578,122.79000091552734,127.79000091552734,116307900,124.35232543945312
2021-03-02,128.41000366210938,128.72000122070312,125.01000213623047,125.12000274658203,102260900,121.75416564941406
2021-03-03,124.80999755859375,125.70999908447266,121.83999633789062,122.05999755859375,112966300,118.77647399902344
2021-03-04,121.75,123.5999984741211,118.62000274658203,120.12999725341797,178155000,116.89838409423828
2021-03-05,120.9800033569336,121.94000244140625,117.56999969482422,121.41999816894531,153766600,118.1536865234375
2021-03-08,120.93000030517578,121,116.20999908447266,116.36000061035156,154376600,113.22981262207031
2021-03-09,119.02999877929688,122.05999755859375,118.79000091552734,121.08999633789062,129525800,117.83257293701172
2021-03-10,121.69000244140625,122.16999816894531,119.44999694824219,119.9800033569336,111943300,116.75243377685547
2021-03-11,122.54000091552734,123.20999908447266,121.26000213623047,121.95999908447266,103026500,118.67914581298828
2021-03-12,120.4000015258789,121.16999816894531,119.16000366210938,121.02999877929688,88105100,117.774169921875
2021-03-15,121.41000366210938,124,120.41999816894531,123.98999786376953,92403800,120.65455627441406
2021-03-16,125.69999694824219,127.22000122070312,124.72000122070312,125.56999969482422,115227900,122.1920394897461
2021-03-17,124.05000305175781,125.86000061035156,122.33999633789062,124.76000213623047,111932600,121.40383911132812
2021-03-18,122.87999725341797,123.18000030517578,120.31999969482422,120.52999877929688,121229700,117.28759765625
2021-03-19,119.9000015258789,121.43000030517578,119.68000030517578,119.98999786376953,185549500,116.76217651367188
2021-03-22,120.33000183105469,123.87000274658203,120.26000213623047,123.38999938964844,111912300,120.07069396972656
2021-03-23,123.33000183105469,124.23999786376953,122.13999938964844,122.54000091552734,95467100,119.24356079101562
2021-03-24,122.81999969482422,122.9000015258789,120.06999969482422,120.08999633789062,88530500,116.85948181152344
2021-03-25,119.54000091552734,121.66000366210938,119,120.58999633789062,98844700,117.34600830078125
2021-03-26,120.3499984741211,121.4800033569336,118.91999816894531,121.20999908447266,94071200,117.94932556152344
2021-03-29,121.6500015258789,122.58000183105469,120.7300033569336,121.38999938964844,80819200,118.12449645996094
2021-03-30,120.11000061035156,120.4000015258789,118.86000061035156,119.9000015258789,85671900,116.67459106445312
2021-03-31,121.6500015258789,123.5199966430664,121.1500015258789,122.1500015258789,118323800,118.86404418945312
2021-04-01,123.66000366210938,124.18000030517578,122.48999786376953,123,75089100,119.69117736816406
2021-04-05,123.87000274658203,126.16000366210938,123.06999969482422,125.9000015258789,88651200,122.5131607055664
2021-04-06,126.5,127.12999725341797,125.6500015258789,126.20999908447266,80171300,122.8148193359375
2021-04-07,125.83000183105469,127.91999816894531,125.13999938964844,127.9000015258789,83466700,124.45935821533203
2021-04-08,128.9499969482422,130.38999938964844,128.52000427246094,130.36000061035156,88844600,126.85319519042969
2021-04-09,129.8000030517578,133.0399932861328,129.47000122070312,133,106686700,129.42214965820312
2021-04-12,132.52000427246094,132.85000610351562,130.6300048828125,131.24000549316406,91420000,127.70952606201172
2021-04-13,132.44000244140625,134.66000366210938,131.92999267578125,134.42999267578125,91266500,130.81370544433594
2021-04-14,134.94000244140625,135,131.66000366210938,132.02999877929688,87222800,128.47825622558594
2021-04-15,133.82000732421875,135,133.63999938964844,134.5,89347100,130.88182067871094
2021-04-16,134.3000030517578,134.6699981689453,133.27999877929688,134.16000366210938,84922400,130.5509796142578
2021-04-19,133.50999450683594,135.47000122070312,133.33999633789062,134.83999633789062,94264200,131.21266174316406
2021-04-20,135.02000427246094,135.52999877929688,131.80999755859375,133.11000061035156,94812300,129.52920532226562
2021-04-21,132.36000061035156,133.75,131.3000030517578,133.5,68847100,129.9087371826172
2021-04-22,133.0399932861328,134.14999389648438,131.41000366210938,131.94000244140625,84566500,128.3907012939453
2021-04-23,132.16000366210938,135.1199951171875,132.16000366210938,134.32000732421875,78657500,130.70664978027344
2021-04-26,134.8300018310547,135.05999755859375,133.55999755859375,134.72000122070312,66905100,131.09591674804688
2021-04-27,135.00999450683594,135.41000366210938,134.11000061035156,134.38999938964844,66015800,130.7747802734375
2021-04-28,134.30999755859375,135.02000427246094,133.0800018310547,133.5800018310547,107760100,129.986572265625
2021-04-29,136.47000122070312,137.07000732421875,132.4499969482422,133.47999572753906,151101000,129.88926696777344
2021-04-30,131.77999877929688,133.55999755859375,131.07000732421875,131.4600067138672,109839500,127.923583984375
2021-05-03,132.0399932861328,134.07000732421875,131.8300018310547,132.5399932861328,75135100,128.9745330810547
2021-05-04,131.19000244140625,131.49000549316406,126.69999694824219,127.8499984741211,137564700,124.41073608398438
2021-05-05,129.1999969482422,130.4499969482422,127.97000122070312,128.10000610351562,84000900,124.65399932861328
2021-05-06,127.88999938964844,129.75,127.12999725341797,129.74000549316406,78128300,126.2498779296875
2021-05-07,130.85000610351562,131.25999450683594,129.47999572753906,130.2100067138672,78973300,126.92243194580078
2021-05-10,129.41000366210938,129.5399932861328,126.80999755859375,126.8499984741211,88071200,123.64727783203125
2021-05-11,123.5,126.2699966430664,122.7699966430664,125.91000366210938,126142800,122.73098754882812
2021-05-12,123.4000015258789,124.63999938964844,122.25,122.7699966430664,112172300,119.6702880859375
2021-05-13,124.58000183105469,126.1500015258789,124.26000213623047,124.97000122070312,105861300,121.81475067138672
2021-05-14,126.25,127.88999938964844,125.8499984741211,127.44999694824219,81918000,124.23213195800781
2021-05-17,126.81999969482422,126.93000030517578,125.16999816894531,126.2699966430664,74244600,123.08192443847656
2021-05-18,126.55999755859375,126.98999786376953,124.77999877929688,124.8499984741211,63342900,121.69776153564453
2021-05-19,123.16000366210938,124.91999816894531,122.86000061035156,124.69000244140625,92612000,121.54180908203125
2021-05-20,125.2300033569336,127.72000122070312,125.0999984741211,127.30999755859375,76857100,124.09567260742188
2021-05-21,127.81999969482422,128,125.20999908447266,125.43000030517578,79295400,122.26313018798828
2021-05-24,126.01000213623047,127.94000244140625,125.94000244140625,127.0999984741211,63092900,123.89096069335938
2021-05-25,127.81999969482422,128.32000732421875,126.31999969482422,126.9000015258789,72009500,123.6960220336914
2021-05-26,126.95999908447266,127.38999938964844,126.41999816894531,126.8499984741211,56575900,123.64727783203125
2021-05-27,126.44000244140625,127.63999938964844,125.08000183105469,125.27999877929688,94625600,122.1169204711914
2021-05-28,125.56999969482422,125.80000305175781,124.55000305175781,124.61000061035156,71311100,121.4638442993164
2021-06-01,125.08000183105469,125.3499984741211,123.94000244140625,124.27999877929688,67637100,121.14217376708984
2021-06-02,124.27999877929688,125.23999786376953,124.05000305175781,125.05999755859375,59278900,121.90245819091797
2021-06-03,124.68000030517578,124.8499984741211,123.12999725341797,123.54000091552734,76229200,120.42085266113281
2021-06-04,124.06999969482422,126.16000366210938,123.8499984741211,125.88999938964844,75169300,122.71150207519531
2021-06-07,126.16999816894531,126.31999969482422,124.83000183105469,125.9000015258789,71057600,122.72126770019531
2021-06-08,126.5999984741211,128.4600067138672,126.20999908447266,126.73999786376953,74403800,123.5400619506836
2021-06-09,127.20999908447266,127.75,126.5199966430664,127.12999725341797,56877900,123.9201889038086
2021-06-10,127.0199966430664,128.19000244140625,125.94000244140625,126.11000061035156,71186400,122.92596435546875
2021-06-11,126.52999877929688,127.44000244140625,126.0999984741211,127.3499984741211,53522400,124.13465118408203
2021-06-14,127.81999969482422,130.5399932861328,127.06999969482422,130.47999572753906,96906500,127.18563079833984
2021-06-15,129.94000244140625,130.60000610351562,129.38999938964844,129.63999938964844,62746300,126.36685943603516
2021-06-16,130.3699951171875,130.88999938964844,128.4600067138672,130.14999389648438,91815000,126.86393737792969
2021-06-17,129.8000030517578,132.5500030517578,129.64999389648438,131.7899932861328,96721700,128.46253967285156
2021-06-18,130.7100067138672,131.50999450683594,130.24000549316406,130.4600067138672,108953300,127.1661605834961
2021-06-21,130.3000030517578,132.41000366210938,129.2100067138672,132.3000030517578,79663300,128.9596710205078
2021-06-22,132.1300048828125,134.0800018310547,131.6199951171875,133.97999572753906,74783600,130.5972442626953
2021-06-23,133.77000427246094,134.32000732421875,133.22999572753906,133.6999969482422,60214200,130.32432556152344
2021-06-24,134.4499969482422,134.63999938964844,132.92999267578125,133.41000366210938,68711000,130.04165649414062
2021-06-25,133.4600067138672,133.88999938964844,132.80999755859375,133.11000061035156,70783700,129.74925231933594
2021-06-28,133.41000366210938,135.25,133.35000610351562,134.77999877929688,62111300,131.3770294189453
2021-06-29,134.8000030517578,136.49000549316406,134.35000610351562,136.3300018310547,64556100,132.887939453125
2021-06-30,136.1699981689453,137.41000366210938,135.8699951171875,136.9600067138672,63261400,133.5020294189453
2021-07-01,136.60000610351562,137.3300018310547,135.75999450683594,137.27000427246094,52485800,133.80419921875
2021-07-02,137.89999389648438,140,137.75,139.9600067138672,78852600,136.42626953125
2021-07-06,140.07000732421875,143.14999389648438,140.07000732421875,142.02000427246094,108181800,138.43426513671875
2021-07-07,143.5399932861328,144.88999938964844,142.66000366210938,144.57000732421875,104911600,140.91989135742188
2021-07-08,141.5800018310547,144.05999755859375,140.6699981689453,143.24000549316406,105575500,139.6234893798828
2021-07-09,142.75,145.64999389648438,142.64999389648438,145.11000061035156,99890800,141.4462432861328
2021-07-12,146.2100067138672,146.32000732421875,144,144.5,76299700,140.8516082763672
2021-07-13,144.02999877929688,147.4600067138672,143.6300048828125,145.63999938964844,100827100,141.9628448486328
2021-07-14,148.10000610351562,149.57000732421875,147.67999267578125,149.14999389648438,127050800,145.38427734375
2021-07-15,149.24000549316406,150,147.08999633789062,148.47999572753906,106820300,144.73117065429688
2021-07-16,148.4600067138672,149.75999450683594,145.8800048828125,146.38999938964844,93251400,142.69393920898438
2021-07-19,143.75,144.07000732421875,141.6699981689453,142.4499969482422,121434600,138.8533935546875
2021-07-20,143.4600067138672,147.10000610351562,142.9600067138672,146.14999389648438,96350000,142.45994567871094
2021-07-21,145.52999877929688,146.1300048828125,144.6300048828125,145.39999389648438,74993500,141.72894287109375
2021-07-22,145.94000244140625,148.1999969482422,145.80999755859375,146.8000030517578,77338200,143.0935821533203
2021-07-23,147.5500030517578,148.72000122070312,146.9199981689453,148.55999755859375,71447400,144.80914306640625
2021-07-26,148.27000427246094,149.8300018310547,147.6999969482422,148.99000549316406,72434100,145.22828674316406
2021-07-27,149.1199951171875,149.2100067138672,145.5500030517578,146.77000427246094,104818600,143.0643310546875
2021-07-28,144.80999755859375,146.97000122070312,142.5399932861328,144.97999572753906,118931200,141.3195037841797
2021-07-29,144.69000244140625,146.5500030517578,144.5800018310547,145.63999938964844,56699500,141.9628448486328
2021-07-30,144.3800048828125,146.3300018310547,144.11000061035156,145.86000061035156,70440600,142.17727661132812
2021-08-02,146.36000061035156,146.9499969482422,145.25,145.52000427246094,62880000,141.84593200683594
2021-08-03,145.80999755859375,148.0399932861328,145.17999267578125,147.36000061035156,64786600,143.63943481445312
2021-08-04,147.27000427246094,147.7899932861328,146.27999877929688,146.9499969482422,56368300,143.2397918701172
2021-08-05,146.97999572753906,147.83999633789062,146.1699981689453,147.05999755859375,46397700,143.3469696044922
2021-08-06,146.35000610351562,147.11000061035156,145.6300048828125,146.13999938964844,54126800,142.6636199951172
2021-08-09,146.1999969482422,146.6999969482422,145.52000427246094,146.08999633789062,48908700,142.6148681640625
2021-08-10,146.44000244140625,147.7100067138672,145.3000030517578,145.60000610351562,69023100,142.1365203857422
2021-08-11,146.0500030517578,146.72000122070312,145.52999877929688,145.86000061035156,48493500,142.3903045654297
2021-08-12,146.19000244140625,149.0500030517578,145.83999633789062,148.88999938964844,72282600,145.34828186035156
2021-08-13,148.97000122070312,149.44000244140625,148.27000427246094,149.10000610351562,59375000,145.55325317382812
2021-08-16,148.5399932861328,151.19000244140625,146.47000122070312,151.1199951171875,103296000,147.52523803710938
2021-08-17,150.22999572753906,151.67999267578125,149.08999633789062,150.19000244140625,92229700,146.61734008789062
2021-08-18,149.8000030517578,150.72000122070312,146.14999389648438,146.36000061035156,86326000,142.87844848632812
2021-08-19,145.02999877929688,148,144.5,146.6999969482422,86960300,143.21031188964844
2021-08-20,147.44000244140625,148.5,146.77999877929688,148.19000244140625,60549600,144.66493225097656
2021-08-23,148.30999755859375,150.19000244140625,147.88999938964844,149.7100067138672,60131800,146.14874267578125
2021-08-24,149.4499969482422,150.86000061035156,149.14999389648438,149.6199951171875,48606400,146.0608673095703
2021-08-25,149.80999755859375,150.32000732421875,147.8000030517578,148.36000061035156,58991300,144.83087158203125
2021-08-26,148.35000610351562,149.1199951171875,147.50999450683594,147.5399932861328,48597200,144.03036499023438
2021-08-27,147.47999572753906,148.75,146.8300018310547,148.60000610351562,55802400,145.06517028808594
2021-08-30,149,153.49000549316406,148.61000061035156,153.1199951171875,90956700,149.47763061523438
2021-08-31,152.66000366210938,152.8000030517578,151.2899932861328,151.8300018310547,86453100,148.2183380126953
2021-09-01,152.8300018310547,154.97999572753906,152.33999633789062,152.50999450683594,80313700,148.8821258544922
2021-09-02,153.8699951171875,154.72000122070312,152.39999389648438,153.64999389648438,71115500,149.9950408935547
2021-09-03,153.75999450683594,154.6300048828125,153.08999633789062,154.3000030517578,57808700,150.62957763671875
2021-09-07,154.97000122070312,157.25999450683594,154.38999938964844,156.69000244140625,82278300,152.9627227783203
2021-09-08,156.97999572753906,157.0399932861328,153.97999572753906,155.11000061035156,74420200,151.42027282714844
2021-09-09,155.49000549316406,156.11000061035156,153.9499969482422,154.07000732421875,57305700,150.40504455566406
2021-09-10,155,155.47999572753906,148.6999969482422,148.97000122070312,140893200,145.4263458251953
2021-09-13,150.6300048828125,151.4199981689453,148.75,149.5500030517578,102404300,145.9925537109375
2021-09-14,150.35000610351562,151.07000732421875,146.91000366210938,148.1199951171875,109296300,144.5966033935547
2021-09-15,148.55999755859375,149.44000244140625,146.3699951171875,149.02999877929688,83281300,145.48492431640625
2021-09-16,148.44000244140625,148.97000122070312,147.22000122070312,148.7899932861328,68034100,145.25062561035156
2021-09-17,148.82000732421875,148.82000732421875,145.75999450683594,146.05999755859375,129868800,142.58555603027344
2021-09-20,143.8000030517578,144.83999633789062,141.27000427246094,142.94000244140625,123478900,139.539794921875
2021-09-21,143.92999267578125,144.60000610351562,142.77999877929688,143.42999267578125,75834000,140.0181121826172
2021-09-22,144.4499969482422,146.42999267578125,143.6999969482422,145.85000610351562,76404300,142.38058471679688
2021-09-23,146.64999389648438,147.0800018310547,145.63999938964844,146.8300018310547,64838200,143.33724975585938
2021-09-24,145.66000366210938,147.47000122070312,145.55999755859375,146.9199981689453,53477900,143.42515563964844
2021-09-27,145.47000122070312,145.9600067138672,143.82000732421875,145.3699951171875,74150700,141.9119873046875
2021-09-28,143.25,144.75,141.69000244140625,141.91000366210938,108972300,138.53428649902344
2021-09-29,142.47000122070312,144.4499969482422,142.02999877929688,142.8300018310547,74602000,139.43240356445312
2021-09-30,143.66000366210938,144.3800048828125,141.27999877929688,141.5,89056700,138.13404846191406
2021-10-01,141.89999389648438,142.9199981689453,139.11000061035156,142.64999389648438,94639600,139.25668334960938
2021-10-04,141.75999450683594,142.2100067138672,138.27000427246094,139.13999938964844,98322000,135.83018493652344
2021-10-05,139.49000549316406,142.24000549316406,139.36000061035156,141.11000061035156,80861100,137.75331115722656
2021-10-06,139.47000122070312,142.14999389648438,138.3699951171875,142,83221100,138.62213134765625
2021-10-07,143.05999755859375,144.22000122070312,142.72000122070312,143.2899932861328,61732700,139.88145446777344
2021-10-08,144.02999877929688,144.17999267578125,142.55999755859375,142.89999389648438,58773200,139.50076293945312
2021-10-11,142.27000427246094,144.80999755859375,141.80999755859375,142.80999755859375,64452200,139.4128875732422
2021-10-12,143.22999572753906,143.25,141.0399932861328,141.50999450683594,73035900,138.14381408691406
2021-10-13,141.24000549316406,141.39999389648438,139.1999969482422,140.91000366210938,78762700,137.55810546875
2021-10-14,142.11000061035156,143.8800048828125,141.50999450683594,143.75999450683594,69907100,140.3402862548828
2021-10-15,143.77000427246094,144.89999389648438,143.50999450683594,144.83999633789062,67940300,141.3946075439453
2021-10-18,143.4499969482422,146.83999633789062,143.16000366210938,146.5500030517578,85589200,143.0638885498047
2021-10-19,147.00999450683594,149.1699981689453,146.5500030517578,148.75999450683594,76378900,145.22132873535156
2021-10-20,148.6999969482422,149.75,148.1199951171875,149.25999450683594,58418800,145.70944213867188
2021-10-21,148.80999755859375,149.63999938964844,147.8699951171875,149.47999572753906,61421000,145.92422485351562
2021-10-22,149.69000244140625,150.17999267578125,148.63999938964844,148.69000244140625,58883400,145.15301513671875
2021-10-25,148.67999267578125,149.3699951171875,147.6199951171875,148.63999938964844,50720600,145.1042022705078
2021-10-26,149.3300018310547,150.83999633789062,149.00999450683594,149.32000732421875,60893400,145.76803588867188
2021-10-27,149.36000061035156,149.72999572753906,148.49000549316406,148.85000610351562,56094900,145.3092041015625
2021-10-28,149.82000732421875,153.1699981689453,149.72000122070312,152.57000732421875,100077900,148.94073486328125
2021-10-29,147.22000122070312,149.94000244140625,146.41000366210938,149.8000030517578,124953200,146.2366180419922
2021-11-01,148.99000549316406,149.6999969482422,147.8000030517578,148.9600067138672,74588300,145.41661071777344
2021-11-02,148.66000366210938,151.57000732421875,148.64999389648438,150.02000427246094,69122000,146.45138549804688
2021-11-03,150.38999938964844,151.97000122070312,149.82000732421875,151.49000549316406,54511500,147.88641357421875
2021-11-04,151.5800018310547,152.42999267578125,150.63999938964844,150.9600067138672,60394600,147.3689727783203
2021-11-05,151.88999938964844,152.1999969482422,150.05999755859375,151.27999877929688,65463900,147.89694213867188
2021-11-08,151.41000366210938,151.57000732421875,150.16000366210938,150.44000244140625,55020900,147.07571411132812
2021-11-09,150.1999969482422,151.42999267578125,150.05999755859375,150.80999755859375,56787900,147.43743896484375
2021-11-10,150.02000427246094,150.1300048828125,147.85000610351562,147.9199981689453,65187100,144.61209106445312
2021-11-11,148.9600067138672,149.42999267578125,147.67999267578125,147.8699951171875,41000000,144.5631866455078
2021-11-12,148.42999267578125,150.39999389648438,147.47999572753906,149.99000549316406,63804000,146.63575744628906
2021-11-15,150.3699951171875,151.8800048828125,149.42999267578125,150,59222800,146.6455535888672
2021-11-16,149.94000244140625,151.49000549316406,149.33999633789062,151,59256200,147.6232147216797
2021-11-17,151,155,150.99000549316406,153.49000549316406,88807000,150.0575408935547
2021-11-18,153.7100067138672,158.6699981689453,153.0500030517578,157.8699951171875,137827700,154.3395233154297
2021-11-19,157.64999389648438,161.02000427246094,156.52999877929688,160.5500030517578,117305600,156.95962524414062
2021-11-22,161.67999267578125,165.6999969482422,161,161.02000427246094,117467900,157.4191131591797
2021-11-23,161.1199951171875,161.8000030517578,159.05999755859375,161.41000366210938,96041900,157.8004150390625
2021-11-24,160.75,162.13999938964844,159.63999938964844,161.94000244140625,69463600,158.31857299804688
2021-11-26,159.57000732421875,160.4499969482422,156.36000061035156,156.80999755859375,76959800,153.30325317382812
2021-11-29,159.3699951171875,161.19000244140625,158.7899932861328,160.24000549316406,88748200,156.65658569335938
2021-11-30,159.99000549316406,165.52000427246094,159.9199981689453,165.3000030517578,174048100,161.60340881347656
2021-12-01,167.47999572753906,170.3000030517578,164.52999877929688,164.77000427246094,152052500,161.08526611328125
2021-12-02,158.74000549316406,164.1999969482422,157.8000030517578,163.75999450683594,136739200,160.0978546142578
2021-12-03,164.02000427246094,164.9600067138672,159.72000122070312,161.83999633789062,118023100,158.2207794189453
2021-12-06,164.2899932861328,167.8800048828125,164.27999877929688,165.32000732421875,107497000,161.6229705810547
2021-12-07,169.0800018310547,171.5800018310547,168.33999633789062,171.17999267578125,120405400,167.35195922851562
2021-12-08,172.1300048828125,175.9600067138672,170.6999969482422,175.0800018310547,116998900,171.1647186279297
2021-12-09,174.91000366210938,176.75,173.9199981689453,174.55999755859375,108923700,170.65638732910156
2021-12-10,175.2100067138672,179.6300048828125,174.69000244140625,179.4499969482422,115402700,175.43695068359375
2021-12-13,181.1199951171875,182.1300048828125,175.52999877929688,175.74000549316406,153237000,171.8099365234375
2021-12-14,175.25,177.74000549316406,172.2100067138672,174.3300018310547,139380400,170.43142700195312
2021-12-15,175.11000061035156,179.5,172.30999755859375,179.3000030517578,131063300,175.2903289794922
2021-12-16,179.27999877929688,181.13999938964844,170.75,172.25999450683594,150185800,168.40774536132812
2021-12-17,169.92999267578125,173.47000122070312,169.69000244140625,171.13999938964844,195432700,167.31280517578125
2021-12-20,168.27999877929688,170.5800018310547,167.4600067138672,169.75,107499100,165.95388793945312
2021-12-21,171.55999755859375,173.1999969482422,169.1199951171875,172.99000549316406,91185900,169.12142944335938
2021-12-22,173.0399932861328,175.86000061035156,172.14999389648438,175.63999938964844,92135300,171.71214294433594
2021-12-23,175.85000610351562,176.85000610351562,175.27000427246094,176.27999877929688,68356600,172.33787536621094
2021-12-27,177.08999633789062,180.4199981689453,177.07000732421875,180.3300018310547,74919600,176.2973175048828
2021-12-28,180.16000366210938,181.3300018310547,178.52999877929688,179.2899932861328,79144300,175.28054809570312
2021-12-29,179.3300018310547,180.6300048828125,178.13999938964844,179.3800048828125,62348900,175.36854553222656
2021-12-30,179.47000122070312,180.57000732421875,178.08999633789062,178.1999969482422,59773000,174.21493530273438
2021-12-31,178.08999633789062,179.22999572753906,177.25999450683594,177.57000732421875,64062300,173.5990447998047
2022-01-03,177.8300018310547,182.8800048828125,177.7100067138672,182.00999450683594,104487900,177.93972778320312
2022-01-04,182.6300048828125,182.94000244140625,179.1199951171875,179.6999969482422,99310400,175.681396484375
2022-01-05,179.61000061035156,180.1699981689453,174.63999938964844,174.9199981689453,94537600,171.00827026367188
2022-01-06,172.6999969482422,175.3000030517578,171.63999938964844,172,96904000,168.15357971191406
2022-01-07,172.88999938964844,174.13999938964844,171.02999877929688,172.1699981689453,86709100,168.3197784423828
2022-01-10,169.0800018310547,172.5,168.1699981689453,172.19000244140625,106765600,168.33934020996094
2022-01-11,172.32000732421875,175.17999267578125,170.82000732421875,175.0800018310547,76138300,171.1647186279297
2022-01-12,176.1199951171875,177.17999267578125,174.82000732421875,175.52999877929688,74805200,171.60464477539062
2022-01-13,175.77999877929688,176.6199951171875,171.7899932861328,172.19000244140625,84505800,168.33934020996094
2022-01-14,171.33999633789062,173.77999877929688,171.08999633789062,173.07000732421875,80440800,169.19964599609375
2022-01-18,171.50999450683594,172.5399932861328,169.41000366210938,169.8000030517578,90956700,166.00279235839844
2022-01-19,170,171.0800018310547,165.94000244140625,166.22999572753906,94815000,162.51260375976562
2022-01-20,166.97999572753906,169.67999267578125,164.17999267578125,164.50999450683594,91420500,160.83108520507812
2022-01-21,164.4199981689453,166.3300018310547,162.3000030517578,162.41000366210938,122848900,158.77804565429688
2022-01-24,160.02000427246094,162.3000030517578,154.6999969482422,161.6199951171875,162294600,158.00570678710938
2022-01-25,158.97999572753906,162.75999450683594,157.02000427246094,159.77999877929688,115798400,156.2068328857422
2022-01-26,163.5,164.38999938964844,157.82000732421875,159.69000244140625,108275300,156.1188507080078
2022-01-27,162.4499969482422,163.83999633789062,158.27999877929688,159.22000122070312,121954600,155.65939331054688
2022-01-28,165.7100067138672,170.35000610351562,162.8000030517578,170.3300018310547,179935700,166.5209197998047
2022-01-31,170.16000366210938,175,169.50999450683594,174.77999877929688,115541600,170.87139892578125
2022-02-01,174.00999450683594,174.83999633789062,172.30999755859375,174.61000061035156,86213900,170.70516967773438
2022-02-02,174.75,175.8800048828125,173.3300018310547,175.83999633789062,84914300,171.90769958496094
2022-02-03,174.47999572753906,176.24000549316406,172.1199951171875,172.89999389648438,89418100,169.03341674804688
2022-02-04,171.67999267578125,174.10000610351562,170.67999267578125,172.38999938964844,82465400,168.74957275390625
2022-02-07,172.86000061035156,173.9499969482422,170.9499969482422,171.66000366210938,77251200,168.03500366210938
2022-02-08,171.72999572753906,175.35000610351562,171.42999267578125,174.8300018310547,74829200,171.1380615234375
2022-02-09,176.0500030517578,176.64999389648438,174.89999389648438,176.27999877929688,71285000,172.55743408203125
2022-02-10,174.13999938964844,175.47999572753906,171.5500030517578,172.1199951171875,90865900,168.4852752685547
2022-02-11,172.3300018310547,173.0800018310547,168.0399932861328,168.63999938964844,98670700,165.07875061035156
2022-02-14,167.3699951171875,169.5800018310547,166.55999755859375,168.8800048828125,86185500,165.31370544433594
2022-02-15,170.97000122070312,172.9499969482422,170.25,172.7899932861328,62527400,169.14114379882812
2022-02-16,171.85000610351562,173.33999633789062,170.0500030517578,172.5500030517578,61177400,168.9062042236328
2022-02-17,171.02999877929688,171.91000366210938,168.47000122070312,168.8800048828125,69589300,165.31370544433594
2022-02-18,169.82000732421875,170.5399932861328,166.19000244140625,167.3000030517578,82772700,163.76707458496094
2022-02-22,164.97999572753906,166.69000244140625,162.14999389648438,164.32000732421875,91162800,160.84999084472656
2022-02-23,165.5399932861328,166.14999389648438,159.75,160.07000732421875,90009200,156.6897430419922
2022-02-24,152.5800018310547,162.85000610351562,152,162.74000549316406,141147500,159.30337524414062
2022-02-25,163.83999633789062,165.1199951171875,160.8699951171875,164.85000610351562,91974200,161.3688201904297
2022-02-28,163.05999755859375,165.4199981689453,162.42999267578125,165.1199951171875,95056600,161.63308715820312
2022-03-01,164.6999969482422,166.60000610351562,161.97000122070312,163.1999969482422,83474400,159.753662109375
2022-03-02,164.38999938964844,167.36000061035156,162.9499969482422,166.55999755859375,79724800,163.04266357421875
2022-03-03,168.47000122070312,168.91000366210938,165.5500030517578,166.22999572753906,76678400,162.7196502685547
2022-03-04,164.49000549316406,165.5500030517578,162.10000610351562,163.1699981689453,83737200,159.72427368164062
2022-03-07,163.36000061035156,165.02000427246094,159.0399932861328,159.3000030517578,96418800,155.93605041503906
2022-03-08,158.82000732421875,162.8800048828125,155.8000030517578,157.44000244140625,131148300,154.11529541015625
2022-03-09,161.47999572753906,163.41000366210938,159.41000366210938,162.9499969482422,91454900,159.50894165039062
2022-03-10,160.1999969482422,160.38999938964844,155.97999572753906,158.52000427246094,105342000,155.17247009277344
2022-03-11,158.92999267578125,159.27999877929688,154.5,154.72999572753906,96970100,151.4625244140625
2022-03-14,151.4499969482422,154.1199951171875,150.10000610351562,150.6199951171875,108732100,147.4392852783203
2022-03-15,150.89999389648438,155.57000732421875,150.3800048828125,155.08999633789062,92964300,151.8148956298828
2022-03-16,157.0500030517578,160,154.4600067138672,159.58999633789062,102300200,156.21983337402344
2022-03-17,158.61000061035156,161,157.6300048828125,160.6199951171875,75615400,157.22813415527344
2022-03-18,160.50999450683594,164.47999572753906,159.75999450683594,163.97999572753906,123511700,160.51718139648438
2022-03-21,163.50999450683594,166.35000610351562,163.00999450683594,165.3800048828125,95811400,161.8876495361328
2022-03-22,165.50999450683594,169.4199981689453,164.91000366210938,168.82000732421875,81532000,165.25497436523438
2022-03-23,167.99000549316406,172.63999938964844,167.64999389648438,170.2100067138672,98062700,166.6156005859375
2022-03-24,171.05999755859375,174.13999938964844,170.2100067138672,174.07000732421875,90131400,170.39410400390625
2022-03-25,173.8800048828125,175.27999877929688,172.75,174.72000122070312,80546200,171.03036499023438
2022-03-28,172.1699981689453,175.72999572753906,172,175.60000610351562,90371900,171.89181518554688
2022-03-29,176.69000244140625,179.00999450683594,176.33999633789062,178.9600067138672,100589400,175.1808319091797
2022-03-30,178.5500030517578,179.61000061035156,176.6999969482422,177.77000427246094,92633200,174.01597595214844
2022-03-31,177.83999633789062,178.02999877929688,174.39999389648438,174.61000061035156,103049300,170.9226837158203
2022-04-01,174.02999877929688,174.8800048828125,171.94000244140625,174.30999755859375,78751300,170.62904357910156
2022-04-04,174.57000732421875,178.49000549316406,174.44000244140625,178.44000244140625,76468400,174.67184448242188
2022-04-05,177.5,178.3000030517578,174.4199981689453,175.05999755859375,73401800,171.3632049560547
2022-04-06,172.36000061035156,173.6300048828125,170.1300048828125,171.8300018310547,89058800,168.20138549804688
2022-04-07,171.16000366210938,173.36000061035156,169.85000610351562,172.13999938964844,77594700,168.5048828125
2022-04-08,171.77999877929688,171.77999877929688,169.1999969482422,170.08999633789062,76575500,166.49815368652344
2022-04-11,168.7100067138672,169.02999877929688,165.5,165.75,72246700,162.24978637695312
2022-04-12,168.02000427246094,169.8699951171875,166.63999938964844,167.66000366210938,79265200,164.11944580078125
2022-04-13,167.38999938964844,171.0399932861328,166.77000427246094,170.39999389648438,70618900,166.80160522460938
2022-04-14,170.6199951171875,171.27000427246094,165.0399932861328,165.2899932861328,75329400,161.7994842529297
2022-04-18,163.9199981689453,166.60000610351562,163.57000732421875,165.07000732421875,69023900,161.5841522216797
2022-04-19,165.02000427246094,167.82000732421875,163.91000366210938,167.39999389648438,67723800,163.8649444580078
2022-04-20,168.75999450683594,168.8800048828125,166.10000610351562,167.22999572753906,67929800,163.69854736328125
2022-04-21,168.91000366210938,171.52999877929688,165.91000366210938,166.4199981689453,87227800,162.90567016601562
2022-04-22,166.4600067138672,167.8699951171875,161.5,161.7899932861328,84882400,158.3734130859375
2022-04-25,161.1199951171875,163.1699981689453,158.4600067138672,162.8800048828125,96046400,159.44041442871094
2022-04-26,162.25,162.33999633789062,156.72000122070312,156.8000030517578,95623200,153.4888153076172
2022-04-27,155.91000366210938,159.7899932861328,155.3800048828125,156.57000732421875,88063200,153.26368713378906
2022-04-28,159.25,164.52000427246094,158.92999267578125,163.63999938964844,130216800,160.18435668945312
2022-04-29,161.83999633789062,166.1999969482422,157.25,157.64999389648438,131747600,154.3208465576172
2022-05-02,156.7100067138672,158.22999572753906,153.27000427246094,157.9600067138672,123055300,154.62429809570312
2022-05-03,158.14999389648438,160.7100067138672,156.32000732421875,159.47999572753906,88966500,156.11221313476562
2022-05-04,159.6699981689453,166.47999572753906,159.25999450683594,166.02000427246094,108256500,162.51409912109375
2022-05-05,163.85000610351562,164.0800018310547,154.9499969482422,156.77000427246094,130525300,153.45945739746094
2022-05-06,156.00999450683594,159.44000244140625,154.17999267578125,157.27999877929688,116124600,154.1848907470703
2022-05-09,154.92999267578125,155.8300018310547,151.49000549316406,152.05999755859375,131577900,149.0675811767578
2022-05-10,155.52000427246094,156.74000549316406,152.92999267578125,154.50999450683594,115366700,151.4693603515625
2022-05-11,153.5,155.4499969482422,145.80999755859375,146.5,142689800,143.6169891357422
2022-05-12,142.77000427246094,146.1999969482422,138.8000030517578,142.55999755859375,182602000,139.75454711914062
2022-05-13,144.58999633789062,148.10000610351562,143.11000061035156,147.11000061035156,113990900,144.2150115966797
2022-05-16,145.5500030517578,147.52000427246094,144.17999267578125,145.5399932861328,86643800,142.67587280273438
2022-05-17,148.86000061035156,149.77000427246094,146.67999267578125,149.24000549316406,78336300,146.3031005859375
2022-05-18,146.85000610351562,147.36000061035156,139.89999389648438,140.82000732421875,109742900,138.0487823486328
2022-05-19,139.8800048828125,141.66000366210938,136.60000610351562,137.35000610351562,136095600,134.64710998535156
2022-05-20,139.08999633789062,140.6999969482422,132.61000061035156,137.58999633789062,137426100,134.88235473632812
2022-05-23,137.7899932861328,143.25999450683594,137.64999389648438,143.11000061035156,117726300,140.29371643066406
2022-05-24,140.80999755859375,141.97000122070312,137.3300018310547,140.36000061035156,104132700,137.5978240966797
2022-05-25,138.42999267578125,141.7899932861328,138.33999633789062,140.52000427246094,92482700,137.7547149658203
2022-05-26,137.38999938964844,144.33999633789062,137.13999938964844,143.77999877929688,90601500,140.95053100585938
2022-05-27,145.38999938964844,149.67999267578125,145.25999450683594,149.63999938964844,90978500,146.69520568847656
2022-05-31,149.07000732421875,150.66000366210938,146.83999633789062,148.83999633789062,103718400,145.9109344482422
2022-06-01,149.89999389648438,151.74000549316406,147.67999267578125,148.7100067138672,74286600,145.78350830078125
2022-06-02,147.8300018310547,151.27000427246094,146.86000061035156,151.2100067138672,72348100,148.2342987060547
2022-06-03,146.89999389648438,147.97000122070312,144.4600067138672,145.3800048828125,88570300,142.51907348632812
2022-06-06,147.02999877929688,148.57000732421875,144.89999389648438,146.13999938964844,71598400,143.26409912109375
2022-06-07,144.35000610351562,149,144.10000610351562,148.7100067138672,67808200,145.78350830078125
2022-06-08,148.5800018310547,149.8699951171875,147.4600067138672,147.9600067138672,53950200,145.04827880859375
2022-06-09,147.0800018310547,147.9499969482422,142.52999877929688,142.63999938964844,69473000,139.83297729492188
2022-06-10,140.27999877929688,140.75999450683594,137.05999755859375,137.1300048828125,91437900,134.43141174316406
2022-06-13,132.8699951171875,135.1999969482422,131.44000244140625,131.8800048828125,122207100,129.2847137451172
2022-06-14,133.1300048828125,133.88999938964844,131.47999572753906,132.75999450683594,84784300,130.14736938476562
2022-06-15,134.2899932861328,137.33999633789062,132.16000366210938,135.42999267578125,91533000,132.7648468017578
2022-06-16,132.0800018310547,132.38999938964844,129.0399932861328,130.05999755859375,108123900,127.50051879882812
2022-06-17,130.07000732421875,133.0800018310547,129.80999755859375,131.55999755859375,134520300,128.9710235595703
2022-06-21,133.4199981689453,137.05999755859375,133.32000732421875,135.8699951171875,81000500,133.19619750976562
2022-06-22,134.7899932861328,137.75999450683594,133.91000366210938,135.35000610351562,73409200,132.68643188476562
2022-06-23,136.82000732421875,138.58999633789062,135.6300048828125,138.27000427246094,72433800,135.54896545410156
2022-06-24,139.89999389648438,141.91000366210938,139.77000427246094,141.66000366210938,89116800,138.87229919433594
2022-06-27,142.6999969482422,143.49000549316406,140.97000122070312,141.66000366210938,70207900,138.87229919433594
2022-06-28,142.1300048828125,143.4199981689453,137.32000732421875,137.44000244140625,67083400,134.73532104492188
2022-06-29,137.4600067138672,140.6699981689453,136.6699981689453,139.22999572753906,66242400,136.4900665283203
2022-06-30,137.25,138.3699951171875,133.77000427246094,136.72000122070312,98964500,134.02947998046875
2022-07-01,136.0399932861328,139.0399932861328,135.66000366210938,138.92999267578125,71051600,136.19595336914062
2022-07-05,137.77000427246094,141.61000061035156,136.92999267578125,141.55999755859375,73353800,138.7742156982422
2022-07-06,141.35000610351562,144.1199951171875,141.0800018310547,142.9199981689453,74064300,140.10743713378906
2022-07-07,143.2899932861328,146.5500030517578,143.27999877929688,146.35000610351562,66253700,143.4699249267578
2022-07-08,145.25999450683594,147.5500030517578,145,147.0399932861328,64547800,144.14637756347656
2022-07-11,145.6699981689453,146.63999938964844,143.77999877929688,144.8699951171875,63141600,142.0190887451172
2022-07-12,145.75999450683594,148.4499969482422,145.0500030517578,145.86000061035156,77588800,142.98959350585938
2022-07-13,142.99000549316406,146.4499969482422,142.1199951171875,145.49000549316406,71185600,142.6268768310547
2022-07-14,144.0800018310547,148.9499969482422,143.25,148.47000122070312,78140700,145.54823303222656
2022-07-15,149.77999877929688,150.86000061035156,148.1999969482422,150.1699981689453,76259900,147.2147979736328
2022-07-18,150.74000549316406,151.57000732421875,146.6999969482422,147.07000732421875,81420900,144.17576599121094
2022-07-19,147.9199981689453,151.22999572753906,146.91000366210938,151,82982400,148.02845764160156
2022-07-20,151.1199951171875,153.72000122070312,150.3699951171875,153.0399932861328,64823400,150.02830505371094
2022-07-21,154.5,155.57000732421875,151.94000244140625,155.35000610351562,65086600,152.29286193847656
2022-07-22,155.38999938964844,156.27999877929688,153.41000366210938,154.08999633789062,66675400,151.05764770507812
2022-07-25,154.00999450683594,155.0399932861328,152.27999877929688,152.9499969482422,53623900,149.94007873535156
2022-07-26,152.25999450683594,153.08999633789062,150.8000030517578,151.60000610351562,55138700,148.61666870117188
2022-07-27,152.5800018310547,157.3300018310547,152.16000366210938,156.7899932861328,78620700,153.7045135498047
2022-07-28,156.97999572753906,157.63999938964844,154.41000366210938,157.35000610351562,81378700,154.2534942626953
2022-07-29,161.24000549316406,163.6300048828125,159.5,162.50999450683594,101786900,159.3119354248047
2022-08-01,161.00999450683594,163.58999633789062,160.88999938964844,161.50999450683594,67829400,158.3316192626953
2022-08-02,160.10000610351562,162.41000366210938,159.6300048828125,160.00999450683594,59907000,156.86109924316406
2022-08-03,160.83999633789062,166.58999633789062,160.75,166.1300048828125,82507500,162.86070251464844
2022-08-04,166.00999450683594,167.19000244140625,164.42999267578125,165.80999755859375,55474100,162.5469970703125
2022-08-05,163.2100067138672,165.85000610351562,163,165.35000610351562,56697000,162.32119750976562
2022-08-08,166.3699951171875,167.80999755859375,164.1999969482422,164.8699951171875,60276900,161.8500213623047
2022-08-09,164.02000427246094,165.82000732421875,163.25,164.9199981689453,63135500,161.89907836914062
2022-08-10,167.67999267578125,169.33999633789062,166.89999389648438,169.24000549316406,70170500,166.1399688720703
2022-08-11,170.05999755859375,170.99000549316406,168.19000244140625,168.49000549316406,57149200,165.40371704101562
2022-08-12,169.82000732421875,172.1699981689453,169.39999389648438,172.10000610351562,68039400,168.9476318359375
2022-08-15,171.52000427246094,173.38999938964844,171.35000610351562,173.19000244140625,54091700,170.01763916015625
2022-08-16,172.77999877929688,173.7100067138672,171.66000366210938,173.02999877929688,56377100,169.8605499267578
2022-08-17,172.77000427246094,176.14999389648438,172.57000732421875,174.5500030517578,79542000,171.35269165039062
2022-08-18,173.75,174.89999389648438,173.1199951171875,174.14999389648438,62290100,170.96002197265625
2022-08-19,173.02999877929688,173.74000549316406,171.30999755859375,171.52000427246094,70346300,168.3782196044922
2022-08-22,169.69000244140625,169.86000061035156,167.13999938964844,167.57000732421875,69026800,164.5005645751953
2022-08-23,167.0800018310547,168.7100067138672,166.64999389648438,167.22999572753906,54147100,164.16676330566406
2022-08-24,167.32000732421875,168.11000061035156,166.25,167.52999877929688,53841500,164.46128845214844
2022-08-25,168.77999877929688,170.13999938964844,168.35000610351562,170.02999877929688,51218200,166.9154815673828
2022-08-26,170.57000732421875,171.0500030517578,163.55999755859375,163.6199951171875,78961000,160.62289428710938
2022-08-29,161.14999389648438,162.89999389648438,159.82000732421875,161.3800048828125,73314000,158.4239501953125
2022-08-30,162.1300048828125,162.55999755859375,157.72000122070312,158.91000366210938,77906200,155.99916076660156
2022-08-31,160.30999755859375,160.5800018310547,157.13999938964844,157.22000122070312,87991100,154.3401641845703
2022-09-01,156.63999938964844,158.4199981689453,154.6699981689453,157.9600067138672,74229900,155.0666046142578
2022-09-02,159.75,160.36000061035156,154.97000122070312,155.80999755859375,76957800,152.95596313476562
2022-09-06,156.47000122070312,157.08999633789062,153.69000244140625,154.52999877929688,73714800,151.69940185546875
2022-09-07,154.82000732421875,156.6699981689453,153.61000061035156,155.9600067138672,87449600,153.10324096679688
2022-09-08,154.63999938964844,156.36000061035156,152.67999267578125,154.4600067138672,84923800,151.63072204589844
2022-09-09,155.47000122070312,157.82000732421875,154.75,157.3699951171875,68028800,154.48736572265625
2022-09-12,159.58999633789062,164.25999450683594,159.3000030517578,163.42999267578125,104956000,160.4363555908203
2022-09-13,159.89999389648438,160.5399932861328,153.3699951171875,153.83999633789062,122656600,151.02203369140625
2022-09-14,154.7899932861328,157.10000610351562,153.61000061035156,155.30999755859375,87965400,152.46511840820312
2022-09-15,154.64999389648438,155.24000549316406,151.3800048828125,152.3699951171875,90481100,149.57894897460938
2022-09-16,151.2100067138672,151.35000610351562,148.3699951171875,150.6999969482422,162278800,147.93954467773438
2022-09-19,149.30999755859375,154.55999755859375,149.10000610351562,154.47999572753906,81474200,151.6503143310547
2022-09-20,153.39999389648438,158.0800018310547,153.0800018310547,156.89999389648438,107689800,154.0260009765625
2022-09-21,157.33999633789062,158.74000549316406,153.60000610351562,153.72000122070312,101696800,150.9042510986328
2022-09-22,152.3800048828125,154.47000122070312,150.91000366210938,152.74000549316406,86652500,149.94219970703125
2022-09-23,151.19000244140625,151.47000122070312,148.55999755859375,150.42999267578125,96029900,147.6745147705078
2022-09-26,149.66000366210938,153.77000427246094,149.63999938964844,150.77000427246094,93339400,148.00828552246094
2022-09-27,152.74000549316406,154.72000122070312,149.9499969482422,151.75999450683594,84442700,148.9801483154297
2022-09-28,147.63999938964844,150.63999938964844,144.83999633789062,149.83999633789062,146691400,147.0953369140625
2022-09-29,146.10000610351562,146.72000122070312,140.67999267578125,142.47999572753906,128138200,139.87013244628906
2022-09-30,141.27999877929688,143.10000610351562,138,138.1999969482422,124925300,135.6685333251953
2022-10-03,138.2100067138672,143.07000732421875,137.69000244140625,142.4499969482422,114311700,139.8406982421875
2022-10-04,145.02999877929688,146.22000122070312,144.25999450683594,146.10000610351562,87830100,143.423828125
2022-10-05,144.07000732421875,147.3800048828125,143.00999450683594,146.39999389648438,79471000,143.7183380126953
2022-10-06,145.80999755859375,147.5399932861328,145.22000122070312,145.42999267578125,68402200,142.76609802246094
2022-10-07,142.5399932861328,143.10000610351562,139.4499969482422,140.08999633789062,85925600,137.52389526367188
2022-10-10,140.4199981689453,141.88999938964844,138.57000732421875,140.4199981689453,74899000,137.847900390625
2022-10-11,139.89999389648438,141.35000610351562,138.22000122070312,138.97999572753906,77033700,136.43421936035156
2022-10-12,139.1300048828125,140.36000061035156,138.16000366210938,138.33999633789062,70433700,135.80593872070312
2022-10-13,134.99000549316406,143.58999633789062,134.3699951171875,142.99000549316406,113224000,140.3708038330078
2022-10-14,144.30999755859375,144.52000427246094,138.19000244140625,138.3800048828125,88598000,135.84524536132812
2022-10-17,141.07000732421875,142.89999389648438,140.27000427246094,142.41000366210938,85250900,139.8014373779297
2022-10-18,145.49000549316406,146.6999969482422,140.61000061035156,143.75,99136600,141.11685180664062
2022-10-19,141.69000244140625,144.9499969482422,141.5,143.86000061035156,61758300,141.224853515625
2022-10-20,143.02000427246094,145.88999938964844,142.64999389648438,143.38999938964844,64522000,140.7635040283203
2022-10-21,142.8699951171875,147.85000610351562,142.64999389648438,147.27000427246094,86548600,144.57241821289062
2022-10-24,147.19000244140625,150.22999572753906,146,149.4499969482422,75981900,146.71241760253906
2022-10-25,150.08999633789062,152.49000549316406,149.36000061035156,152.33999633789062,74732300,149.54953002929688
2022-10-26,150.9600067138672,151.99000549316406,148.0399932861328,149.35000610351562,88194300,146.61428833007812
2022-10-27,148.07000732421875,149.0500030517578,144.1300048828125,144.8000030517578,109180200,142.14767456054688
2022-10-28,148.1999969482422,157.5,147.82000732421875,155.74000549316406,164762400,152.8872528076172
2022-10-31,153.16000366210938,154.24000549316406,151.9199981689453,153.33999633789062,97943200,150.5312042236328
2022-11-01,155.0800018310547,155.4499969482422,149.1300048828125,150.64999389648438,80379300,147.8905029296875
2022-11-02,148.9499969482422,152.1699981689453,145,145.02999877929688,93604600,142.3734130859375
2022-11-03,142.05999755859375,142.8000030517578,138.75,138.8800048828125,97918500,136.33609008789062
2022-11-04,142.08999633789062,142.6699981689453,134.3800048828125,138.3800048828125,140814800,136.0706024169922
2022-11-07,137.11000061035156,139.14999389648438,135.6699981689453,138.9199981689453,83374600,136.60159301757812
2022-11-08,140.41000366210938,141.42999267578125,137.49000549316406,139.5,89908500,137.17185974121094
2022-11-09,138.5,138.5500030517578,134.58999633789062,134.8699951171875,74917800,132.61917114257812
2022-11-10,141.24000549316406,146.8699951171875,139.5,146.8699951171875,118854000,144.41888427734375
2022-11-11,145.82000732421875,150.00999450683594,144.3699951171875,149.6999969482422,93979700,147.20164489746094
2022-11-14,148.97000122070312,150.27999877929688,147.42999267578125,148.27999877929688,73374100,145.8053436279297
2022-11-15,152.22000122070312,153.58999633789062,148.55999755859375,150.0399932861328,89868300,147.53599548339844
2022-11-16,149.1300048828125,149.8699951171875,147.2899932861328,148.7899932861328,64218300,146.30685424804688
2022-11-17,146.42999267578125,151.47999572753906,146.14999389648438,150.72000122070312,80389400,148.20465087890625
2022-11-18,152.30999755859375,152.6999969482422,149.97000122070312,151.2899932861328,74829600,148.76512145996094
2022-11-21,150.16000366210938,150.3699951171875,147.72000122070312,148.00999450683594,58724100,145.5398406982422
2022-11-22,148.1300048828125,150.4199981689453,146.92999267578125,150.17999267578125,51804100,147.6736297607422
2022-11-23,149.4499969482422,151.8300018310547,149.33999633789062,151.07000732421875,58301400,148.54884338378906
2022-11-25,148.30999755859375,148.8800048828125,147.1199951171875,148.11000061035156,35195900,145.6382293701172
2022-11-28,145.13999938964844,146.63999938964844,143.3800048828125,144.22000122070312,69246000,141.81312561035156
2022-11-29,144.2899932861328,144.80999755859375,140.35000610351562,141.1699981689453,83763800,138.81405639648438
2022-11-30,141.39999389648438,148.72000122070312,140.5500030517578,148.02999877929688,111380900,145.55955505371094
2022-12-01,148.2100067138672,149.1300048828125,146.61000061035156,148.30999755859375,71250400,145.83486938476562
2022-12-02,145.9600067138672,148,145.64999389648438,147.80999755859375,65447400,145.34320068359375
2022-12-05,147.77000427246094,150.9199981689453,145.77000427246094,146.6300048828125,68826400,144.1829071044922
2022-12-06,147.07000732421875,147.3000030517578,141.9199981689453,142.91000366210938,64727200,140.52499389648438
2022-12-07,142.19000244140625,143.3699951171875,140,140.94000244140625,69721100,138.58787536621094
2022-12-08,142.36000061035156,143.52000427246094,141.10000610351562,142.64999389648438,62128300,140.26931762695312
2022-12-09,142.33999633789062,145.57000732421875,140.89999389648438,142.16000366210938,76097000,139.78750610351562
2022-12-12,142.6999969482422,144.5,141.05999755859375,144.49000549316406,70462700,142.07862854003906
2022-12-13,149.5,149.97000122070312,144.24000549316406,145.47000122070312,93886200,143.04225158691406
2022-12-14,145.35000610351562,146.66000366210938,141.16000366210938,143.2100067138672,82291200,140.8199920654297
2022-12-15,141.11000061035156,141.8000030517578,136.02999877929688,136.5,98931900,134.2219696044922
2022-12-16,136.69000244140625,137.64999389648438,133.72999572753906,134.50999450683594,160156900,132.26516723632812
2022-12-19,135.11000061035156,135.1999969482422,131.32000732421875,132.3699951171875,79592600,130.160888671875
2022-12-20,131.38999938964844,133.25,129.88999938964844,132.3000030517578,77432800,130.09205627441406
2022-12-21,132.97999572753906,136.80999755859375,132.75,135.4499969482422,85928000,133.18946838378906
2022-12-22,134.35000610351562,134.55999755859375,130.3000030517578,132.22999572753906,77852100,130.02320861816406
2022-12-23,130.9199981689453,132.4199981689453,129.63999938964844,131.86000061035156,63814900,129.65939331054688
2022-12-27,131.3800048828125,131.41000366210938,128.72000122070312,130.02999877929688,69007800,127.85994720458984
2022-12-28,129.6699981689453,131.02999877929688,125.87000274658203,126.04000091552734,85438400,123.9365234375
2022-12-29,127.98999786376953,130.47999572753906,127.7300033569336,129.61000061035156,75703700,127.44693756103516
2022-12-30,128.41000366210938,129.9499969482422,127.43000030517578,129.92999267578125,77034200,127.76161193847656
2023-01-03,130.27999877929688,130.89999389648438,124.16999816894531,125.06999969482422,112117500,122.98273468017578
2023-01-04,126.88999938964844,128.66000366210938,125.08000183105469,126.36000061035156,89113600,124.25120544433594
2023-01-05,127.12999725341797,127.7699966430664,124.76000213623047,125.0199966430664,80962700,122.93354797363281
2023-01-06,126.01000213623047,130.2899932861328,124.88999938964844,129.6199951171875,87754700,127.45674896240234
2023-01-09,130.47000122070312,133.41000366210938,129.88999938964844,130.14999389648438,70790800,127.97794342041016
2023-01-10,130.25999450683594,131.25999450683594,128.1199951171875,130.72999572753906,63896200,128.54823303222656
2023-01-11,131.25,133.50999450683594,130.4600067138672,133.49000549316406,69458900,131.26222229003906
2023-01-12,133.8800048828125,134.25999450683594,131.44000244140625,133.41000366210938,71379600,131.1835174560547
2023-01-13,132.02999877929688,134.9199981689453,131.66000366210938,134.75999450683594,57809700,132.510986328125
2023-01-17,134.8300018310547,137.2899932861328,134.1300048828125,135.94000244140625,63646600,133.67132568359375
2023-01-18,136.82000732421875,138.61000061035156,135.02999877929688,135.2100067138672,69672800,132.9534912109375
2023-01-19,134.0800018310547,136.25,133.77000427246094,135.27000427246094,58280400,133.0125274658203
2023-01-20,135.27999877929688,138.02000427246094,134.22000122070312,137.8699951171875,80223600,135.569091796875
2023-01-23,138.1199951171875,143.32000732421875,137.89999389648438,141.11000061035156,81760300,138.75502014160156
2023-01-24,140.30999755859375,143.16000366210938,140.3000030517578,142.52999877929688,66435100,140.1513214111328
2023-01-25,140.88999938964844,142.42999267578125,138.80999755859375,141.86000061035156,65799300,139.49252319335938
2023-01-26,143.1699981689453,144.25,141.89999389648438,143.9600067138672,54105100,141.55746459960938
2023-01-27,143.16000366210938,147.22999572753906,143.0800018310547,145.92999267578125,70555800,143.49456787109375
2023-01-30,144.9600067138672,145.5500030517578,142.85000610351562,143,64015300,140.61346435546875
2023-01-31,142.6999969482422,144.33999633789062,142.27999877929688,144.2899932861328,65874500,141.88197326660156
2023-02-01,143.97000122070312,146.61000061035156,141.32000732421875,145.42999267578125,77663600,143.00291442871094
2023-02-02,148.89999389648438,151.17999267578125,148.1699981689453,150.82000732421875,118339000,148.302978515625
2023-02-03,148.02999877929688,157.3800048828125,147.8300018310547,154.5,154357300,151.9215545654297
2023-02-06,152.57000732421875,153.10000610351562,150.77999877929688,151.72999572753906,69858300,149.19778442382812
2023-02-07,150.63999938964844,155.22999572753906,150.63999938964844,154.64999389648438,83322600,152.06906127929688
2023-02-08,153.8800048828125,154.5800018310547,151.1699981689453,151.9199981689453,64120100,149.38462829589844
2023-02-09,153.77999877929688,154.3300018310547,150.4199981689453,150.8699951171875,56007100,148.3521270751953
2023-02-10,149.4600067138672,151.33999633789062,149.22000122070312,151.00999450683594,57450700,148.7165069580078
2023-02-13,150.9499969482422,154.25999450683594,150.9199981689453,153.85000610351562,62199000,151.51341247558594
2023-02-14,152.1199951171875,153.77000427246094,150.86000061035156,153.1999969482422,61707600,150.8732452392578
2023-02-15,153.11000061035156,155.5,152.8800048828125,155.3300018310547,65573800,152.97091674804688
2023-02-16,153.50999450683594,156.3300018310547,153.35000610351562,153.7100067138672,68167900,151.3755340576172
2023-02-17,152.35000610351562,153,150.85000610351562,152.5500030517578,59144100,150.23316955566406
2023-02-21,150.1999969482422,151.3000030517578,148.41000366210938,148.47999572753906,58867200,146.2249298095703
2023-02-22,148.8699951171875,149.9499969482422,147.16000366210938,148.91000366210938,51011300,146.64842224121094
2023-02-23,150.08999633789062,150.33999633789062,147.24000549316406,149.39999389648438,48394200,147.13095092773438
2023-02-24,147.11000061035156,147.19000244140625,145.72000122070312,146.7100067138672,55469600,144.4818115234375
2023-02-27,147.7100067138672,149.1699981689453,147.4499969482422,147.9199981689453,44998500,145.67344665527344
2023-02-28,147.0500030517578,149.0800018310547,146.8300018310547,147.41000366210938,50547000,145.17120361328125
2023-03-01,146.8300018310547,147.22999572753906,145.00999450683594,145.30999755859375,55479000,143.10308837890625
2023-03-02,144.3800048828125,146.7100067138672,143.89999389648438,145.91000366210938,52238100,143.6940155029297
2023-03-03,148.0399932861328,151.11000061035156,147.3300018310547,151.02999877929688,70732300,148.73623657226562
2023-03-06,153.7899932861328,156.3000030517578,153.4600067138672,153.8300018310547,87558000,151.49371337890625
2023-03-07,153.6999969482422,154.02999877929688,151.1300048828125,151.60000610351562,56182000,149.29757690429688
2023-03-08,152.80999755859375,153.47000122070312,151.8300018310547,152.8699951171875,47204800,150.5482635498047
2023-03-09,153.55999755859375,154.5399932861328,150.22999572753906,150.58999633789062,53833600,148.30288696289062
2023-03-10,150.2100067138672,150.94000244140625,147.61000061035156,148.5,68572400,146.24465942382812
2023-03-13,147.80999755859375,153.13999938964844,147.6999969482422,150.47000122070312,84457100,148.18472290039062
2023-03-14,151.27999877929688,153.39999389648438,150.10000610351562,152.58999633789062,73695900,150.27249145507812
2023-03-15,151.19000244140625,153.25,149.9199981689453,152.99000549316406,77167900,150.66644287109375
2023-03-16,152.16000366210938,156.4600067138672,151.63999938964844,155.85000610351562,76161100,153.48304748535156
2023-03-17,156.0800018310547,156.74000549316406,154.27999877929688,155,98944600,152.6459197998047
2023-03-20,155.07000732421875,157.82000732421875,154.14999389648438,157.39999389648438,73641400,155.0094757080078
2023-03-21,157.32000732421875,159.39999389648438,156.5399932861328,159.27999877929688,73938300,156.8609161376953
2023-03-22,159.3000030517578,162.13999938964844,157.80999755859375,157.8300018310547,75701800,155.43295288085938
2023-03-23,158.8300018310547,161.5500030517578,157.67999267578125,158.92999267578125,67622100,156.5162353515625
2023-03-24,158.86000061035156,160.33999633789062,157.85000610351562,160.25,59196500,157.8162078857422
2023-03-27,159.94000244140625,160.77000427246094,157.8699951171875,158.27999877929688,52390300,155.8760986328125
2023-03-28,157.97000122070312,158.49000549316406,155.97999572753906,157.64999389648438,45992200,155.2556610107422
2023-03-29,159.3699951171875,161.0500030517578,159.35000610351562,160.77000427246094,51305700,158.3282928466797
2023-03-30,161.52999877929688,162.47000122070312,161.27000427246094,162.36000061035156,49501700,159.8941650390625
2023-03-31,162.44000244140625,165,161.91000366210938,164.89999389648438,68749800,162.39556884765625
2023-04-03,164.27000427246094,166.2899932861328,164.22000122070312,166.1699981689453,56976200,163.6462860107422
2023-04-04,166.60000610351562,166.83999633789062,165.11000061035156,165.6300048828125,46278300,163.114501953125
2023-04-05,164.74000549316406,165.0500030517578,161.8000030517578,163.75999450683594,51511700,161.2728729248047
2023-04-06,162.42999267578125,164.9600067138672,162,164.66000366210938,45390100,162.15924072265625
2023-04-10,161.4199981689453,162.02999877929688,160.0800018310547,162.02999877929688,47716900,159.56918334960938
2023-04-11,162.35000610351562,162.36000061035156,160.50999450683594,160.8000030517578,47644200,158.35784912109375
2023-04-12,161.22000122070312,162.05999755859375,159.77999877929688,160.10000610351562,50133100,157.66851806640625
2023-04-13,161.6300048828125,165.8000030517578,161.4199981689453,165.55999755859375,68445600,163.0455780029297
2023-04-14,164.58999633789062,166.32000732421875,163.82000732421875,165.2100067138672,49386500,162.7008514404297
2023-04-17,165.08999633789062,165.38999938964844,164.02999877929688,165.22999572753906,41516200,162.72056579589844
2023-04-18,166.10000610351562,167.41000366210938,165.64999389648438,166.47000122070312,49923000,163.94175720214844
2023-04-19,165.8000030517578,168.16000366210938,165.5399932861328,167.6300048828125,47720200,165.08413696289062
2023-04-20,166.08999633789062,167.8699951171875,165.55999755859375,166.64999389648438,52456400,164.1189727783203
2023-04-21,165.0500030517578,166.4499969482422,164.49000549316406,165.02000427246094,58337300,162.5137481689453
2023-04-24,165,165.60000610351562,163.88999938964844,165.3300018310547,41949600,162.8190460205078
2023-04-25,165.19000244140625,166.30999755859375,163.72999572753906,163.77000427246094,48714100,161.28271484375
2023-04-26,163.05999755859375,165.27999877929688,162.8000030517578,163.75999450683594,45498800,161.2728729248047
2023-04-27,165.19000244140625,168.55999755859375,165.19000244140625,168.41000366210938,64902300,165.85227966308594
2023-04-28,168.49000549316406,169.85000610351562,167.8800048828125,169.67999267578125,55275900,167.10293579101562
2023-05-01,169.27999877929688,170.4499969482422,168.63999938964844,169.58999633789062,52472900,167.0143280029297
2023-05-02,170.08999633789062,170.35000610351562,167.5399932861328,168.5399932861328,48425700,165.98028564453125
2023-05-03,169.5,170.9199981689453,167.16000366210938,167.4499969482422,65136000,164.9068603515625
2023-05-04,164.88999938964844,167.0399932861328,164.30999755859375,165.7899932861328,81235400,163.2720489501953
2023-05-05,170.97999572753906,174.3000030517578,170.75999450683594,173.57000732421875,113453200,170.9339141845703
2023-05-08,172.47999572753906,173.85000610351562,172.11000061035156,173.5,55962800,170.8649444580078
2023-05-09,173.0500030517578,173.5399932861328,171.60000610351562,171.77000427246094,45326900,169.16122436523438
2023-05-10,173.02000427246094,174.02999877929688,171.89999389648438,173.55999755859375,53724500,170.92405700683594
2023-05-11,173.85000610351562,174.58999633789062,172.1699981689453,173.75,49514700,171.11117553710938
2023-05-12,173.6199951171875,174.05999755859375,171,172.57000732421875,45533100,170.1841583251953
2023-05-15,173.16000366210938,173.2100067138672,171.47000122070312,172.07000732421875,37266700,169.69105529785156
2023-05-16,171.99000549316406,173.13999938964844,171.8000030517578,172.07000732421875,42110300,169.69105529785156
2023-05-17,171.7100067138672,172.92999267578125,170.4199981689453,172.69000244140625,57951600,170.302490234375
2023-05-18,173,175.24000549316406,172.5800018310547,175.0500030517578,65496700,172.62986755371094
2023-05-19,176.38999938964844,176.38999938964844,174.94000244140625,175.16000366210938,55809500,172.7383575439453
2023-05-22,173.97999572753906,174.7100067138672,173.4499969482422,174.1999969482422,43570900,171.79161071777344
2023-05-23,173.1300048828125,173.3800048828125,171.27999877929688,171.55999755859375,50747300,169.18812561035156
2023-05-24,171.08999633789062,172.4199981689453,170.52000427246094,171.83999633789062,45143500,169.4642333984375
2023-05-25,172.41000366210938,173.89999389648438,171.69000244140625,172.99000549316406,56058300,170.5983428955078
2023-05-26,173.32000732421875,175.77000427246094,173.11000061035156,175.42999267578125,54835000,173.00460815429688
2023-05-30,176.9600067138672,178.99000549316406,176.57000732421875,177.3000030517578,55964400,174.8487548828125
2023-05-31,177.3300018310547,179.35000610351562,176.75999450683594,177.25,99625300,174.79945373535156
2023-06-01,177.6999969482422,180.1199951171875,176.92999267578125,180.08999633789062,68901800,177.6001739501953
2023-06-02,181.02999877929688,181.77999877929688,179.25999450683594,180.9499969482422,61996900,178.4482879638672
2023-06-05,182.6300048828125,184.9499969482422,178.0399932861328,179.5800018310547,121946500,177.09722900390625
2023-06-06,179.97000122070312,180.1199951171875,177.42999267578125,179.2100067138672,64848400,176.7323455810547
2023-06-07,178.44000244140625,181.2100067138672,177.32000732421875,177.82000732421875,61944600,175.36155700683594
2023-06-08,177.89999389648438,180.83999633789062,177.4600067138672,180.57000732421875,50214900,178.0735321044922
2023-06-09,181.5,182.22999572753906,180.6300048828125,180.9600067138672,48900000,178.4581756591797
2023-06-12,181.27000427246094,183.88999938964844,180.97000122070312,183.7899932861328,54274900,181.2490234375
2023-06-13,182.8000030517578,184.14999389648438,182.44000244140625,183.30999755859375,54929100,180.77565002441406
2023-06-14,183.3699951171875,184.38999938964844,182.02000427246094,183.9499969482422,57462900,181.40684509277344
2023-06-15,183.9600067138672,186.52000427246094,183.77999877929688,186.00999450683594,65433200,183.43833923339844
2023-06-16,186.72999572753906,186.99000549316406,184.27000427246094,184.9199981689453,101256200,182.36341857910156
2023-06-20,184.41000366210938,186.10000610351562,184.41000366210938,185.00999450683594,49799100,182.45216369628906
2023-06-21,184.89999389648438,185.41000366210938,182.58999633789062,183.9600067138672,49515700,181.4166717529297
2023-06-22,183.74000549316406,187.0500030517578,183.6699981689453,187,51245300,184.41464233398438
2023-06-23,185.5500030517578,187.55999755859375,185.00999450683594,186.67999267578125,53117000,184.09906005859375
2023-06-26,186.8300018310547,188.0500030517578,185.22999572753906,185.27000427246094,48088700,182.70858764648438
2023-06-27,185.88999938964844,188.38999938964844,185.6699981689453,188.05999755859375,50730800,185.45997619628906
2023-06-28,187.92999267578125,189.89999389648438,187.60000610351562,189.25,51216800,186.633544921875
2023-06-29,189.0800018310547,190.07000732421875,188.94000244140625,189.58999633789062,46347300,186.96885681152344
2023-06-30,191.6300048828125,194.47999572753906,191.25999450683594,193.97000122070312,85213200,191.28831481933594
2023-07-03,193.77999877929688,193.8800048828125,191.75999450683594,192.4600067138672,31458200,189.79917907714844
2023-07-05,191.57000732421875,192.97999572753906,190.6199951171875,191.3300018310547,46920300,188.68479919433594
2023-07-06,189.83999633789062,192.02000427246094,189.1999969482422,191.80999755859375,45094300,189.15814208984375
2023-07-07,191.41000366210938,192.6699981689453,190.24000549316406,190.67999267578125,46815000,188.0437774658203
2023-07-10,189.25999450683594,189.99000549316406,187.0399932861328,188.61000061035156,59922200,186.00238037109375
2023-07-11,189.16000366210938,189.3000030517578,186.60000610351562,188.0800018310547,46638100,185.47972106933594
2023-07-12,189.67999267578125,191.6999969482422,188.47000122070312,189.77000427246094,60750200,187.1463623046875
2023-07-13,190.5,191.19000244140625,189.77999877929688,190.5399932861328,41342300,187.90570068359375
2023-07-14,190.22999572753906,191.17999267578125,189.6300048828125,190.69000244140625,41616200,188.0536346435547
2023-07-17,191.89999389648438,194.32000732421875,191.80999755859375,193.99000549316406,50520200,191.30804443359375
2023-07-18,193.35000610351562,194.3300018310547,192.4199981689453,193.72999572753906,48288200,191.0516357421875
2023-07-19,193.10000610351562,198.22999572753906,192.64999389648438,195.10000610351562,80507300,192.4026641845703
2023-07-20,195.08999633789062,196.47000122070312,192.5,193.1300048828125,59581200,190.45989990234375
2023-07-21,194.10000610351562,194.97000122070312,191.22999572753906,191.94000244140625,71951700,189.28636169433594
2023-07-24,193.41000366210938,194.91000366210938,192.25,192.75,45377800,190.08514404296875
2023-07-25,193.3300018310547,194.44000244140625,192.9199981689453,193.6199951171875,37283200,190.943115234375
2023-07-26,193.6699981689453,195.63999938964844,193.32000732421875,194.5,47471900,191.8109893798828
2023-07-27,196.02000427246094,197.1999969482422,192.5500030517578,193.22000122070312,47460200,190.5486602783203
2023-07-28,194.6699981689453,196.6300048828125,194.13999938964844,195.8300018310547,48291400,193.12257385253906
2023-07-31,196.05999755859375,196.49000549316406,195.25999450683594,196.4499969482422,38824100,193.73397827148438
2023-08-01,196.24000549316406,196.72999572753906,195.27999877929688,195.61000061035156,35175100,192.90562438964844
2023-08-02,195.0399932861328,195.17999267578125,191.85000610351562,192.5800018310547,50389300,189.91749572753906
2023-08-03,191.57000732421875,192.3699951171875,190.69000244140625,191.1699981689453,61235200,188.52699279785156
2023-08-04,185.52000427246094,187.3800048828125,181.9199981689453,181.99000549316406,115956800,179.4739227294922
2023-08-07,182.1300048828125,183.1300048828125,177.35000610351562,178.85000610351562,97576100,176.37733459472656
2023-08-08,179.69000244140625,180.27000427246094,177.5800018310547,179.8000030517578,67823000,177.31419372558594
2023-08-09,180.8699951171875,180.92999267578125,177.00999450683594,178.19000244140625,60378500,175.72645568847656
2023-08-10,179.47999572753906,180.75,177.60000610351562,177.97000122070312,54686900,175.50950622558594
2023-08-11,177.32000732421875,178.6199951171875,176.5500030517578,177.7899932861328,52036700,175.5687255859375
2023-08-14,177.97000122070312,179.69000244140625,177.30999755859375,179.4600067138672,43675600,177.2178955078125
2023-08-15,178.8800048828125,179.47999572753906,177.0500030517578,177.4499969482422,43622600,175.2329864501953
2023-08-16,177.1300048828125,178.5399932861328,176.5,176.57000732421875,46964900,174.36399841308594
2023-08-17,177.13999938964844,177.50999450683594,173.47999572753906,174,66062900,171.82611083984375
2023-08-18,172.3000030517578,175.10000610351562,171.9600067138672,174.49000549316406,61172200,172.3100128173828
2023-08-21,175.07000732421875,176.1300048828125,173.74000549316406,175.83999633789062,46311900,173.64309692382812
2023-08-22,177.05999755859375,177.67999267578125,176.25,177.22999572753906,42038900,175.01571655273438
2023-08-23,178.52000427246094,181.5500030517578,178.3300018310547,181.1199951171875,52722800,178.85716247558594
2023-08-24,180.6699981689453,181.10000610351562,176.00999450683594,176.3800048828125,54945800,174.17637634277344
2023-08-25,177.3800048828125,179.14999389648438,175.82000732421875,178.61000061035156,51449600,176.37850952148438
2023-08-28,180.08999633789062,180.58999633789062,178.5500030517578,180.19000244140625,43820700,177.93878173828125
2023-08-29,179.6999969482422,184.89999389648438,179.5,184.1199951171875,53003900,181.8196563720703
2023-08-30,184.94000244140625,187.85000610351562,184.74000549316406,187.64999389648438,60813900,185.30555725097656
2023-08-31,187.83999633789062,189.1199951171875,187.47999572753906,187.8699951171875,60794500,185.52281188964844
2023-09-01,189.49000549316406,189.9199981689453,188.27999877929688,189.4600067138672,45766500,187.09295654296875
2023-09-05,188.27999877929688,189.97999572753906,187.61000061035156,189.6999969482422,45280000,187.32994079589844
2023-09-06,188.39999389648438,188.85000610351562,181.47000122070312,182.91000366210938,81755800,180.62478637695312
2023-09-07,175.17999267578125,178.2100067138672,173.5399932861328,177.55999755859375,112488800,175.3416290283203
2023-09-08,178.35000610351562,180.24000549316406,177.7899932861328,178.17999267578125,65551300,175.953857421875
2023-09-11,180.07000732421875,180.3000030517578,177.33999633789062,179.36000061035156,58953100,177.11912536621094
2023-09-12,179.49000549316406,180.1300048828125,174.82000732421875,176.3000030517578,90370200,174.09739685058594
2023-09-13,176.50999450683594,177.3000030517578,173.97999572753906,174.2100067138672,84267900,172.03347778320312
2023-09-14,174,176.10000610351562,173.5800018310547,175.74000549316406,60895800,173.54437255859375
2023-09-15,176.47999572753906,176.5,173.82000732421875,175.00999450683594,109259500,172.82347106933594
2023-09-18,176.47999572753906,179.3800048828125,176.1699981689453,177.97000122070312,67257600,175.7465057373047
2023-09-19,177.52000427246094,179.6300048828125,177.1300048828125,179.07000732421875,51826900,176.83277893066406
2023-09-20,179.25999450683594,179.6999969482422,175.39999389648438,175.49000549316406,58436200,173.2974853515625
2023-09-21,174.5500030517578,176.3000030517578,173.86000061035156,173.92999267578125,63149100,171.75694274902344
2023-09-22,174.6699981689453,177.0800018310547,174.0500030517578,174.7899932861328,56725400,172.60621643066406
2023-09-25,174.1999969482422,176.97000122070312,174.14999389648438,176.0800018310547,46172700,173.88011169433594
2023-09-26,174.82000732421875,175.1999969482422,171.66000366210938,171.9600067138672,64588900,169.8115997314453
2023-09-27,172.6199951171875,173.0399932861328,169.0500030517578,170.42999267578125,66921800,168.30068969726562
2023-09-28,169.33999633789062,172.02999877929688,167.6199951171875,170.69000244140625,56294400,168.55746459960938
2023-09-29,172.02000427246094,173.07000732421875,170.33999633789062,171.2100067138672,51861100,169.0709686279297
2023-10-02,171.22000122070312,174.3000030517578,170.92999267578125,173.75,52164500,171.57919311523438
2023-10-03,172.25999450683594,173.6300048828125,170.82000732421875,172.39999389648438,49594600,170.24610900878906
2023-10-04,171.08999633789062,174.2100067138672,170.97000122070312,173.66000366210938,53020300,171.4903564453125
2023-10-05,173.7899932861328,175.4499969482422,172.67999267578125,174.91000366210938,48527900,172.7247314453125
2023-10-06,173.8000030517578,177.99000549316406,173.17999267578125,177.49000549316406,57266700,175.2725067138672
2023-10-09,176.80999755859375,179.0500030517578,175.8000030517578,178.99000549316406,42390800,176.75376892089844
2023-10-10,178.10000610351562,179.72000122070312,177.9499969482422,178.38999938964844,43698000,176.16127014160156
2023-10-11,178.1999969482422,179.85000610351562,177.60000610351562,179.8000030517578,47551100,177.5536346435547
2023-10-12,180.07000732421875,182.33999633789062,179.0399932861328,180.7100067138672,56743100,178.4522705078125
2023-10-13,181.4199981689453,181.92999267578125,178.13999938964844,178.85000610351562,51427100,176.61553955078125
2023-10-16,176.75,179.0800018310547,176.50999450683594,178.72000122070312,52517000,176.4871368408203
2023-10-17,176.64999389648438,178.4199981689453,174.8000030517578,177.14999389648438,57549400,174.9367218017578
2023-10-18,175.5800018310547,177.5800018310547,175.11000061035156,175.83999633789062,54764400,173.64309692382812
2023-10-19,176.0399932861328,177.83999633789062,175.19000244140625,175.4600067138672,59302900,173.2678680419922
2023-10-20,175.30999755859375,175.4199981689453,172.63999938964844,172.8800048828125,64244000,170.7200927734375
2023-10-23,170.91000366210938,174.00999450683594,169.92999267578125,173,55980100,170.83859252929688
2023-10-24,173.0500030517578,173.6699981689453,171.4499969482422,173.44000244140625,43816600,171.27310180664062
2023-10-25,171.8800048828125,173.05999755859375,170.64999389648438,171.10000610351562,57157000,168.9623260498047
2023-10-26,170.3699951171875,171.3800048828125,165.6699981689453,166.88999938964844,70625300,164.80496215820312
2023-10-27,166.91000366210938,168.9600067138672,166.8300018310547,168.22000122070312,58499100,166.11830139160156
2023-10-30,169.02000427246094,171.1699981689453,168.8699951171875,170.2899932861328,51131000,168.16244506835938
2023-10-31,169.35000610351562,170.89999389648438,167.89999389648438,170.77000427246094,44846000,168.63645935058594
2023-11-01,171,174.22999572753906,170.1199951171875,173.97000122070312,56934900,171.79647827148438
2023-11-02,175.52000427246094,177.77999877929688,175.4600067138672,177.57000732421875,77334800,175.35150146484375
2023-11-03,174.24000549316406,176.82000732421875,173.35000610351562,176.64999389648438,79829200,174.44297790527344
2023-11-06,176.3800048828125,179.42999267578125,176.2100067138672,179.22999572753906,63841300,176.9907684326172
2023-11-07,179.17999267578125,182.44000244140625,178.97000122070312,181.82000732421875,70530000,179.54837036132812
2023-11-08,182.35000610351562,183.4499969482422,181.58999633789062,182.88999938964844,49340300,180.6050262451172
2023-11-09,182.9600067138672,184.1199951171875,181.80999755859375,182.41000366210938,53763500,180.1310272216797
2023-11-10,183.97000122070312,186.57000732421875,183.52999877929688,186.39999389648438,66133400,184.3136749267578
2023-11-13,185.82000732421875,186.02999877929688,184.2100067138672,184.8000030517578,43627500,182.7315673828125
2023-11-14,187.6999969482422,188.11000061035156,186.3000030517578,187.44000244140625,60108400,185.34205627441406
2023-11-15,187.85000610351562,189.5,187.77999877929688,188.00999450683594,53790500,185.9056396484375
2023-11-16,189.57000732421875,190.9600067138672,188.64999389648438,189.7100067138672,54412900,187.58663940429688
2023-11-17,190.25,190.3800048828125,188.57000732421875,189.69000244140625,50922700,187.56686401367188
2023-11-20,189.88999938964844,191.91000366210938,189.8800048828125,191.4499969482422,46505100,189.30715942382812
2023-11-21,191.41000366210938,191.52000427246094,189.74000549316406,190.63999938964844,38134500,188.50621032714844
2023-11-22,191.49000549316406,192.92999267578125,190.8300018310547,191.30999755859375,39617700,189.16873168945312
2023-11-24,190.8699951171875,190.89999389648438,189.25,189.97000122070312,24048300,187.84373474121094
2023-11-27,189.9199981689453,190.6699981689453,188.89999389648438,189.7899932861328,40552600,187.66574096679688
2023-11-28,189.77999877929688,191.0800018310547,189.39999389648438,190.39999389648438,38415400,188.26890563964844
2023-11-29,190.89999389648438,192.08999633789062,188.97000122070312,189.3699951171875,43014200,187.25042724609375
2023-11-30,189.83999633789062,190.32000732421875,188.19000244140625,189.9499969482422,48794400,187.8239288330078
2023-12-01,190.3300018310547,191.55999755859375,189.22999572753906,191.24000549316406,45704800,189.09951782226562
2023-12-04,189.97999572753906,190.0500030517578,187.4499969482422,189.42999267578125,43389500,187.3097381591797
2023-12-05,190.2100067138672,194.39999389648438,190.17999267578125,193.4199981689453,66628400,191.25511169433594
2023-12-06,194.4499969482422,194.75999450683594,192.11000061035156,192.32000732421875,41089700,190.16741943359375
2023-12-07,193.6300048828125,195,193.58999633789062,194.27000427246094,47477700,192.09559631347656
2023-12-08,194.1999969482422,195.99000549316406,193.6699981689453,195.7100067138672,53406400,193.51947021484375
2023-12-11,193.11000061035156,193.49000549316406,191.4199981689453,193.17999267578125,60943700,191.01779174804688
2023-12-12,193.0800018310547,194.72000122070312,191.72000122070312,194.7100067138672,52696900,192.53070068359375
2023-12-13,195.08999633789062,198,194.85000610351562,197.9600067138672,70404200,195.74432373046875
2023-12-14,198.02000427246094,199.6199951171875,196.16000366210938,198.11000061035156,66831600,195.8926239013672
2023-12-15,197.52999877929688,198.39999389648438,197,197.57000732421875,128538400,195.3586883544922
2023-12-18,196.08999633789062,196.6300048828125,194.38999938964844,195.88999938964844,55751900,193.69749450683594
2023-12-19,196.16000366210938,196.9499969482422,195.88999938964844,196.94000244140625,40714100,194.73573303222656
2023-12-20,196.89999389648438,197.67999267578125,194.8300018310547,194.8300018310547,52242800,192.6493377685547
2023-12-21,196.10000610351562,197.0800018310547,193.5,194.67999267578125,46482500,192.50100708007812
2023-12-22,195.17999267578125,195.41000366210938,192.97000122070312,193.60000610351562,37149600,191.43309020996094
2023-12-26,193.61000061035156,193.88999938964844,192.8300018310547,193.0500030517578,28919300,190.88926696777344
2023-12-27,192.49000549316406,193.5,191.08999633789062,193.14999389648438,48087700,190.9881134033203
2023-12-28,194.13999938964844,194.66000366210938,193.1699981689453,193.5800018310547,34049900,191.41331481933594
2023-12-29,193.89999389648438,194.39999389648438,191.72999572753906,192.52999877929688,42672100,190.3750762939453
2024-01-02,187.14999389648438,188.44000244140625,183.88999938964844,185.63999938964844,82488700,183.5621795654297
2024-01-03,184.22000122070312,185.8800048828125,183.42999267578125,184.25,58414500,182.187744140625
2024-01-04,182.14999389648438,183.08999633789062,180.8800048828125,181.91000366210938,71983600,179.8739471435547
2024-01-05,181.99000549316406,182.75999450683594,180.1699981689453,181.17999267578125,62379700,179.152099609375
2024-01-08,182.08999633789062,185.60000610351562,181.5,185.55999755859375,59144500,183.48306274414062
2024-01-09,183.9199981689453,185.14999389648438,182.72999572753906,185.13999938964844,42841800,183.06777954101562
2024-01-10,184.35000610351562,186.39999389648438,183.9199981689453,186.19000244140625,46792900,184.10606384277344
2024-01-11,186.5399932861328,187.0500030517578,183.6199951171875,185.58999633789062,49128400,183.5127716064453
2024-01-12,186.05999755859375,186.74000549316406,185.19000244140625,185.9199981689453,40477800,183.83905029296875
2024-01-16,182.16000366210938,184.25999450683594,180.92999267578125,183.6300048828125,65603000,181.57469177246094
2024-01-17,181.27000427246094,182.92999267578125,180.3000030517578,182.67999267578125,47317400,180.63531494140625
2024-01-18,186.08999633789062,189.13999938964844,185.8300018310547,188.6300048828125,78005800,186.51873779296875
2024-01-19,189.3300018310547,191.9499969482422,188.82000732421875,191.55999755859375,68903000,189.41592407226562
2024-01-22,192.3000030517578,195.3300018310547,192.25999450683594,193.88999938964844,60133900,191.71983337402344
2024-01-23,195.02000427246094,195.75,193.8300018310547,195.17999267578125,42355600,192.9954071044922
2024-01-24,195.4199981689453,196.3800048828125,194.33999633789062,194.5,53631300,192.32302856445312
2024-01-25,195.22000122070312,196.27000427246094,193.11000061035156,194.1699981689453,54822100,191.99668884277344
2024-01-26,194.27000427246094,194.75999450683594,191.94000244140625,192.4199981689453,44594000,190.26626586914062
2024-01-29,192.00999450683594,192.1999969482422,189.5800018310547,191.72999572753906,47145600,189.5840301513672
2024-01-30,190.94000244140625,191.8000030517578,187.47000122070312,188.0399932861328,55859400,185.93531799316406
2024-01-31,187.0399932861328,187.10000610351562,184.35000610351562,184.39999389648438,55467800,182.33607482910156
2024-02-01,183.99000549316406,186.9499969482422,183.82000732421875,186.86000061035156,64885400,184.7685089111328
2024-02-02,179.86000061035156,187.3300018310547,179.25,185.85000610351562,102551700,183.76983642578125
2024-02-05,188.14999389648438,189.25,185.83999633789062,187.67999267578125,69668800,185.57933044433594
2024-02-06,186.86000061035156,189.30999755859375,186.77000427246094,189.3000030517578,43490800,187.1812286376953
2024-02-07,190.63999938964844,191.0500030517578,188.61000061035156,189.41000366210938,53439000,187.2899932861328
2024-02-08,189.38999938964844,189.5399932861328,187.35000610351562,188.32000732421875,40962000,186.2122039794922
2024-02-09,188.64999389648438,189.99000549316406,188,188.85000610351562,45155200,186.9745330810547
2024-02-12,188.4199981689453,188.6699981689453,186.7899932861328,187.14999389648438,41781900,185.29141235351562
2024-02-13,185.77000427246094,186.2100067138672,183.50999450683594,185.0399932861328,56529500,183.2023468017578
2024-02-14,185.32000732421875,185.52999877929688,182.44000244140625,184.14999389648438,54630500,182.32122802734375
2024-02-15,183.5500030517578,184.49000549316406,181.35000610351562,183.86000061035156,65434500,182.03408813476562
2024-02-16,183.4199981689453,184.85000610351562,181.6699981689453,182.30999755859375,49752500,180.49948120117188
2024-02-20,181.7899932861328,182.42999267578125,180,181.55999755859375,53665600,179.7569580078125
2024-02-21,181.94000244140625,182.88999938964844,180.66000366210938,182.32000732421875,41371400,180.5093994140625
2024-02-22,183.47999572753906,184.9600067138672,182.4600067138672,184.3699951171875,52292200,182.5390167236328
2024-02-23,185.00999450683594,185.0399932861328,182.22999572753906,182.52000427246094,45119700,180.7073974609375
2024-02-26,182.24000549316406,182.75999450683594,180.64999389648438,181.16000366210938,40867400,179.36093139648438
2024-02-27,181.10000610351562,183.9199981689453,179.55999755859375,182.6300048828125,54318900,180.8163299560547
2024-02-28,182.50999450683594,183.1199951171875,180.1300048828125,181.4199981689453,48953900,179.61830139160156
2024-02-29,181.27000427246094,182.57000732421875,179.52999877929688,180.75,136682600,178.95497131347656
2024-03-01,179.5500030517578,180.52999877929688,177.3800048828125,179.66000366210938,73563100,177.8758087158203
2024-03-04,176.14999389648438,176.89999389648438,173.7899932861328,175.10000610351562,81510100,173.36109924316406
2024-03-05,170.75999450683594,172.0399932861328,169.6199951171875,170.1199951171875,95132400,168.4305419921875
2024-03-06,171.05999755859375,171.24000549316406,168.67999267578125,169.1199951171875,68587700,167.44046020507812
2024-03-07,169.14999389648438,170.72999572753906,168.49000549316406,169,71765100,167.3216552734375
2024-03-08,169,173.6999969482422,168.94000244140625,170.72999572753906,76267000,169.0344696044922
2024-03-11,172.94000244140625,174.3800048828125,172.0500030517578,172.75,60139500,171.034423828125
2024-03-12,173.14999389648438,174.02999877929688,171.00999450683594,173.22999572753906,59825400,171.5096435546875
2024-03-13,172.77000427246094,173.19000244140625,170.75999450683594,171.1300048828125,52488700,169.4305419921875
2024-03-14,172.91000366210938,174.30999755859375,172.0500030517578,173,72913500,171.28195190429688
2024-03-15,171.1699981689453,172.6199951171875,170.2899932861328,172.6199951171875,121752700,170.90570068359375
2024-03-18,175.57000732421875,177.7100067138672,173.52000427246094,173.72000122070312,75604200,171.99478149414062
2024-03-19,174.33999633789062,176.61000061035156,173.02999877929688,176.0800018310547,55215200,174.33135986328125
2024-03-20,175.72000122070312,178.6699981689453,175.08999633789062,178.6699981689453,53423100,176.89564514160156
2024-03-21,177.0500030517578,177.49000549316406,170.83999633789062,171.3699951171875,106181300,169.6681365966797
2024-03-22,171.75999450683594,173.0500030517578,170.05999755859375,172.27999877929688,71160100,170.569091796875
2024-03-25,170.57000732421875,171.94000244140625,169.4499969482422,170.85000610351562,54288300,169.15330505371094
2024-03-26,170,171.4199981689453,169.5800018310547,169.7100067138672,57388400,168.02464294433594
2024-03-27,170.41000366210938,173.60000610351562,170.11000061035156,173.30999755859375,60273300,171.5888671875
2024-03-28,171.75,172.22999572753906,170.50999450683594,171.47999572753906,65672700,169.77703857421875
2024-04-01,171.19000244140625,171.25,169.47999572753906,170.02999877929688,46240500,168.34144592285156
2024-04-02,169.0800018310547,169.33999633789062,168.22999572753906,168.83999633789062,49329500,167.1632537841797
2024-04-03,168.7899932861328,170.67999267578125,168.5800018310547,169.64999389648438,47691700,167.96519470214844
2024-04-04,170.2899932861328,171.9199981689453,168.82000732421875,168.82000732421875,53704400,167.14346313476562
2024-04-05,169.58999633789062,170.38999938964844,168.9499969482422,169.5800018310547,42104800,167.89590454101562
2024-04-08,169.02999877929688,169.1999969482422,168.24000549316406,168.4499969482422,37425500,166.7771453857422
2024-04-09,168.6999969482422,170.0800018310547,168.35000610351562,169.6699981689453,42373800,167.9850311279297
2024-04-10,168.8000030517578,169.08999633789062,167.11000061035156,167.77999877929688,49709300,166.11376953125
2024-04-11,168.33999633789062,175.4600067138672,168.16000366210938,175.0399932861328,91070300,173.30166625976562
2024-04-12,174.25999450683594,178.36000061035156,174.2100067138672,176.5500030517578,101670900,174.79669189453125
2024-04-15,175.36000061035156,176.6300048828125,172.5,172.69000244140625,73531800,170.9750213623047
2024-04-16,171.75,173.75999450683594,168.27000427246094,169.3800048828125,73711200,167.69793701171875
2024-04-17,169.61000061035156,170.64999389648438,168,168,50901200,166.33160400390625
2024-04-18,168.02999877929688,168.63999938964844,166.5500030517578,167.0399932861328,43122900,165.38113403320312
2024-04-19,166.2100067138672,166.39999389648438,164.0800018310547,165,68149400,163.3614044189453
2024-04-22,165.52000427246094,167.25999450683594,164.77000427246094,165.83999633789062,48116400,164.1930389404297
2024-04-23,165.35000610351562,167.0500030517578,164.9199981689453,166.89999389648438,49537800,165.24252319335938
2024-04-24,166.5399932861328,169.3000030517578,166.2100067138672,169.02000427246094,48251800,167.34149169921875
2024-04-25,169.52999877929688,170.61000061035156,168.14999389648438,169.88999938964844,50558300,168.2028350830078
2024-04-26,169.8800048828125,171.33999633789062,169.17999267578125,169.3000030517578,44838400,167.6186981201172
2024-04-29,173.3699951171875,176.02999877929688,173.10000610351562,173.5,68169400,171.7769775390625
2024-04-30,173.3300018310547,174.99000549316406,170,170.3300018310547,65934800,168.63845825195312
2024-05-01,169.5800018310547,172.7100067138672,169.11000061035156,169.3000030517578,50383100,167.6186981201172
2024-05-02,172.50999450683594,173.4199981689453,170.88999938964844,173.02999877929688,94214900,171.3116455078125
2024-05-03,186.64999389648438,187,182.66000366210938,183.3800048828125,163224100,181.5588836669922
2024-05-06,182.35000610351562,184.1999969482422,180.4199981689453,181.7100067138672,78569700,179.90545654296875
2024-05-07,183.4499969482422,184.89999389648438,181.32000732421875,182.39999389648438,77305800,180.5885772705078
2024-05-08,182.85000610351562,183.07000732421875,181.4499969482422,182.74000549316406,45057100,180.92523193359375
2024-05-09,182.55999755859375,184.66000366210938,182.11000061035156,184.57000732421875,48983000,182.73704528808594
2024-05-10,184.89999389648438,185.08999633789062,182.1300048828125,183.0500030517578,50759500,181.4779815673828
2024-05-13,185.44000244140625,187.10000610351562,184.6199951171875,186.27999877929688,72044800,184.6802215576172
2024-05-14,187.50999450683594,188.3000030517578,186.2899932861328,187.42999267578125,52393600,185.8203125
2024-05-15,187.91000366210938,190.64999389648438,187.3699951171875,189.72000122070312,70400000,188.09068298339844
2024-05-16,190.47000122070312,191.10000610351562,189.66000366210938,189.83999633789062,52845200,188.2096405029297
2024-05-17,189.50999450683594,190.80999755859375,189.17999267578125,189.8699951171875,41282900,188.23941040039062
2024-05-20,189.3300018310547,191.9199981689453,189.00999450683594,191.0399932861328,44361300,189.39932250976562
2024-05-21,191.08999633789062,192.72999572753906,190.9199981689453,192.35000610351562,42309400,190.69805908203125
2024-05-22,192.27000427246094,192.82000732421875,190.27000427246094,190.89999389648438,34648500,189.2605438232422
2024-05-23,190.97999572753906,191,186.6300048828125,186.8800048828125,51005900,185.27505493164062
2024-05-24,188.82000732421875,190.5800018310547,188.0399932861328,189.97999572753906,36327000,188.3484344482422
2024-05-28,191.50999450683594,193,189.10000610351562,189.99000549316406,52280100,188.35836791992188
2024-05-29,189.61000061035156,192.25,189.50999450683594,190.2899932861328,53068000,188.65579223632812
2024-05-30,190.75999450683594,192.17999267578125,190.6300048828125,191.2899932861328,49889100,189.64720153808594
2024-05-31,191.44000244140625,192.57000732421875,189.91000366210938,192.25,75158300,190.5989532470703
2024-06-03,192.89999389648438,194.99000549316406,192.52000427246094,194.02999877929688,50080500,192.3636474609375
2024-06-04,194.63999938964844,195.32000732421875,193.02999877929688,194.35000610351562,47471400,192.680908203125
2024-06-05,195.39999389648438,196.89999389648438,194.8699951171875,195.8699951171875,54156800,194.18783569335938
2024-06-06,195.69000244140625,196.5,194.1699981689453,194.47999572753906,41181800,192.80979919433594
2024-06-07,194.64999389648438,196.94000244140625,194.13999938964844,196.88999938964844,53103900,195.1990966796875
2024-06-10,196.89999389648438,197.3000030517578,192.14999389648438,193.1199951171875,97010200,191.4614715576172
2024-06-11,193.64999389648438,207.16000366210938,193.6300048828125,207.14999389648438,172373300,205.3709716796875
2024-06-12,207.3699951171875,220.1999969482422,206.89999389648438,213.07000732421875,198134300,211.2401580810547
2024-06-13,214.74000549316406,216.75,211.60000610351562,214.24000549316406,97862700,212.4001007080078
2024-06-14,213.85000610351562,215.1699981689453,211.3000030517578,212.49000549316406,70122700,210.66514587402344
2024-06-17,213.3699951171875,218.9499969482422,212.72000122070312,216.6699981689453,93728300,214.80921936035156
2024-06-18,217.58999633789062,218.6300048828125,213,214.2899932861328,79943300,212.4496612548828
2024-06-20,213.92999267578125,214.24000549316406,208.85000610351562,209.67999267578125,86172500,207.87925720214844
2024-06-21,210.38999938964844,211.88999938964844,207.11000061035156,207.49000549316406,241805100,205.7080535888672
2024-06-24,207.72000122070312,212.6999969482422,206.58999633789062,208.13999938964844,80727000,206.35247802734375
2024-06-25,209.14999389648438,211.3800048828125,208.61000061035156,209.07000732421875,55549700,207.2744903564453
2024-06-26,211.5,214.86000061035156,210.63999938964844,213.25,66213200,211.41859436035156
2024-06-27,214.69000244140625,215.74000549316406,212.35000610351562,214.10000610351562,49772700,212.26129150390625
2024-06-28,215.77000427246094,216.07000732421875,210.3000030517578,210.6199951171875,82542700,208.81117248535156
2024-07-01,212.08999633789062,217.50999450683594,211.9199981689453,216.75,60402900,214.8885498046875
2024-07-02,216.14999389648438,220.3800048828125,215.10000610351562,220.27000427246094,58046200,218.37831115722656
2024-07-03,220,221.5500030517578,219.02999877929688,221.5500030517578,37369800,219.64732360839844
2024-07-05,221.64999389648438,226.4499969482422,221.64999389648438,226.33999633789062,60412400,224.39617919921875
2024-07-08,227.08999633789062,227.85000610351562,223.25,227.82000732421875,59085900,225.86346435546875
2024-07-09,227.92999267578125,229.39999389648438,226.3699951171875,228.67999267578125,48076100,226.71607971191406
2024-07-10,229.3000030517578,233.0800018310547,229.25,232.97999572753906,62627700,230.97914123535156
2024-07-11,231.38999938964844,232.38999938964844,225.77000427246094,227.57000732421875,64710600,225.61561584472656
2024-07-12,228.9199981689453,232.63999938964844,228.67999267578125,230.5399932861328,53046500,228.56008911132812
2024-07-15,236.47999572753906,237.22999572753906,233.08999633789062,234.39999389648438,62631300,232.38697814941406
2024-07-16,235,236.27000427246094,232.3300018310547,234.82000732421875,43234300,232.8033447265625
2024-07-17,229.4499969482422,231.4600067138672,226.63999938964844,228.8800048828125,57345900,226.9143829345703
2024-07-18,230.27999877929688,230.44000244140625,222.27000427246094,224.17999267578125,66034600,222.25469970703125
2024-07-19,224.82000732421875,226.8000030517578,223.27999877929688,224.30999755859375,49151500,222.3836212158203
2024-07-22,227.00999450683594,227.77999877929688,223.08999633789062,223.9600067138672,48201800,222.03663635253906
2024-07-23,224.3699951171875,226.94000244140625,222.67999267578125,225.00999450683594,39960300,223.07760620117188
2024-07-24,224,224.8000030517578,217.1300048828125,218.5399932861328,61777600,216.6631622314453
2024-07-25,218.92999267578125,220.85000610351562,214.6199951171875,217.49000549316406,51391200,215.62217712402344
2024-07-26,218.6999969482422,219.49000549316406,216.00999450683594,217.9600067138672,41601300,216.08815002441406
2024-07-29,216.9600067138672,219.3000030517578,215.75,218.24000549316406,36311800,216.36573791503906
2024-07-30,219.19000244140625,220.3300018310547,216.1199951171875,218.8000030517578,41643800,216.92095947265625
2024-07-31,221.44000244140625,223.82000732421875,220.6300048828125,222.0800018310547,50036300,220.17274475097656
2024-08-01,224.3699951171875,224.47999572753906,217.02000427246094,218.36000061035156,62501000,216.4846954345703
2024-08-02,219.14999389648438,225.60000610351562,217.7100067138672,219.86000061035156,105568600,217.97183227539062
2024-08-05,199.08999633789062,213.5,196,209.27000427246094,119548600,207.47279357910156
2024-08-06,205.3000030517578,209.99000549316406,201.07000732421875,207.22999572753906,69660500,205.4502716064453
2024-08-07,206.89999389648438,213.63999938964844,206.38999938964844,209.82000732421875,63516400,208.01806640625
2024-08-08,213.11000061035156,214.1999969482422,208.8300018310547,213.30999755859375,47161100,211.4780731201172
2024-08-09,212.10000610351562,216.77999877929688,211.97000122070312,216.24000549316406,42201600,214.38291931152344
2024-08-12,216.07000732421875,219.50999450683594,215.60000610351562,217.52999877929688,38028100,215.91146850585938
2024-08-13,219.00999450683594,221.88999938964844,219.00999450683594,221.27000427246094,44155300,219.6236572265625
2024-08-14,220.57000732421875,223.02999877929688,219.6999969482422,221.72000122070312,41960600,220.07029724121094
2024-08-15,224.60000610351562,225.35000610351562,222.75999450683594,224.72000122070312,46414000,223.04795837402344
2024-08-16,223.9199981689453,226.8300018310547,223.64999389648438,226.0500030517578,44340200,224.3680877685547
2024-08-19,225.72000122070312,225.99000549316406,223.0399932861328,225.88999938964844,40687800,224.20925903320312
2024-08-20,225.77000427246094,227.1699981689453,225.4499969482422,226.50999450683594,30299000,224.82464599609375
2024-08-21,226.52000427246094,227.97999572753906,225.0500030517578,226.39999389648438,34765500,224.71548461914062
2024-08-22,227.7899932861328,228.33999633789062,223.89999389648438,224.52999877929688,43695300,222.85935974121094
2024-08-23,225.66000366210938,228.22000122070312,224.3300018310547,226.83999633789062,38677300,225.15219116210938
2024-08-26,226.75999450683594,227.27999877929688,223.88999938964844,227.17999267578125,30602200,225.48963928222656
2024-08-27,226,228.85000610351562,224.88999938964844,228.02999877929688,35934600,226.33331298828125
2024-08-28,227.9199981689453,229.86000061035156,225.67999267578125,226.49000549316406,38052200,224.80479431152344
2024-08-29,230.10000610351562,232.9199981689453,228.8800048828125,229.7899932861328,51906300,228.0802459716797
2024-08-30,230.19000244140625,230.39999389648438,227.47999572753906,229,52990800,227.29612731933594
2024-09-03,228.5500030517578,229,221.1699981689453,222.77000427246094,50190600,221.11248779296875
2024-09-04,221.66000366210938,221.77999877929688,217.47999572753906,220.85000610351562,43840200,219.20677185058594
2024-09-05,221.6300048828125,225.47999572753906,221.52000427246094,222.3800048828125,36615400,220.72537231445312
2024-09-06,223.9499969482422,225.24000549316406,219.77000427246094,220.82000732421875,48423000,219.177001953125
2024-09-09,220.82000732421875,221.27000427246094,216.7100067138672,220.91000366210938,67180000,219.2663116455078
2024-09-10,218.9199981689453,221.47999572753906,216.72999572753906,220.11000061035156,51591000,218.47225952148438
2024-09-11,221.4600067138672,223.08999633789062,217.88999938964844,222.66000366210938,44587100,221.00331115722656
2024-09-12,222.5,223.5500030517578,219.82000732421875,222.77000427246094,37455600,221.11248779296875
2024-09-13,223.5800018310547,224.0399932861328,221.91000366210938,222.5,36766600,220.84449768066406
2024-09-16,216.5399932861328,217.22000122070312,213.9199981689453,216.32000732421875,59357400,214.71047973632812
2024-09-17,215.75,216.89999389648438,214.5,216.7899932861328,45519300,215.17697143554688
2024-09-18,217.5500030517578,222.7100067138672,217.5399932861328,220.69000244140625,59894900,219.04794311523438
2024-09-19,224.99000549316406,229.82000732421875,224.6300048828125,228.8699951171875,66781300,227.16708374023438
2024-09-20,229.97000122070312,233.08999633789062,227.6199951171875,228.1999969482422,318679900,226.5020751953125
2024-09-23,227.33999633789062,229.4499969482422,225.80999755859375,226.47000122070312,54146000,224.78494262695312
2024-09-24,228.64999389648438,229.35000610351562,225.72999572753906,227.3699951171875,43556100,225.67825317382812
2024-09-25,224.92999267578125,227.2899932861328,224.02000427246094,226.3699951171875,42308700,224.68568420410156
2024-09-26,227.3000030517578,228.5,225.41000366210938,227.52000427246094,36636700,225.82713317871094
2024-09-27,228.4600067138672,229.52000427246094,227.3000030517578,227.7899932861328,34026000,226.09512329101562
2024-09-30,230.0399932861328,233,229.64999389648438,233,54541900,231.26637268066406
2024-10-01,229.52000427246094,229.64999389648438,223.74000549316406,226.2100067138672,63285000,224.52688598632812
2024-10-02,225.88999938964844,227.3699951171875,223.02000427246094,226.77999877929688,32880600,225.0926513671875
2024-10-03,225.13999938964844,226.80999755859375,223.32000732421875,225.6699981689453,34044200,223.9908905029297
2024-10-04,227.89999389648438,228,224.1300048828125,226.8000030517578,37245100,225.11248779296875
2024-10-07,224.5,225.69000244140625,221.3300018310547,221.69000244140625,39505400,220.04052734375
2024-10-08,224.3000030517578,225.97999572753906,223.25,225.77000427246094,31855700,224.09017944335938
2024-10-09,225.22999572753906,229.75,224.8300018310547,229.5399932861328,33591100,227.8321075439453
2024-10-10,227.77999877929688,229.5,227.1699981689453,229.0399932861328,28183500,227.33583068847656
2024-10-11,229.3000030517578,229.41000366210938,227.33999633789062,227.5500030517578,31759200,225.85693359375
2024-10-14,228.6999969482422,231.72999572753906,228.60000610351562,231.3000030517578,39882100,229.57901000976562
2024-10-15,233.61000061035156,237.49000549316406,232.3699951171875,233.85000610351562,64751400,232.11004638671875
2024-10-16,231.60000610351562,232.1199951171875,229.83999633789062,231.77999877929688,34082200,230.05543518066406
2024-10-17,233.42999267578125,233.85000610351562,230.52000427246094,232.14999389648438,32993800,230.42266845703125
2024-10-18,236.17999267578125,236.17999267578125,234.00999450683594,235,46431500,233.25149536132812
2024-10-21,234.4499969482422,236.85000610351562,234.4499969482422,236.47999572753906,36254500,234.720458984375
2024-10-22,233.88999938964844,236.22000122070312,232.60000610351562,235.86000061035156,38846600,234.10508728027344
2024-10-23,234.0800018310547,235.13999938964844,227.75999450683594,230.75999450683594,52287000,229.0430450439453
2024-10-24,229.97999572753906,230.82000732421875,228.41000366210938,230.57000732421875,31109500,228.85443115234375
2024-10-25,229.74000549316406,233.22000122070312,229.57000732421875,231.41000366210938,38802300,229.6881866455078
2024-10-28,233.32000732421875,234.72999572753906,232.5500030517578,233.39999389648438,36087100,231.66339111328125
2024-10-29,233.10000610351562,234.3300018310547,232.32000732421875,233.6699981689453,35417200,231.93138122558594
2024-10-30,232.61000061035156,233.47000122070312,229.5500030517578,230.10000610351562,47070900,228.387939453125
2024-10-31,229.33999633789062,229.8300018310547,225.3699951171875,225.91000366210938,64370100,224.2291259765625
2024-11-01,220.97000122070312,225.35000610351562,220.27000427246094,222.91000366210938,65276700,221.25144958496094
2024-11-04,220.99000549316406,222.7899932861328,219.7100067138672,222.00999450683594,44944500,220.35812377929688
2024-11-05,221.8000030517578,223.9499969482422,221.13999938964844,223.4499969482422,28111300,221.78741455078125
2024-11-06,222.61000061035156,226.07000732421875,221.19000244140625,222.72000122070312,54561100,221.06285095214844
2024-11-07,224.6300048828125,227.8800048828125,224.57000732421875,227.47999572753906,42137700,225.78744506835938
2024-11-08,227.1699981689453,228.66000366210938,226.41000366210938,226.9600067138672,38328800,225.5191650390625
2024-11-11,225,225.6999969482422,221.5,224.22999572753906,42005600,222.8064727783203
2024-11-12,224.5500030517578,225.58999633789062,223.36000061035156,224.22999572753906,40398300,222.8064727783203
2024-11-13,224.00999450683594,226.64999389648438,222.75999450683594,225.1199951171875,48566200,223.6908416748047
2024-11-14,225.02000427246094,228.8699951171875,225,228.22000122070312,44923900,226.77114868164062
2024-11-15,226.39999389648438,226.9199981689453,224.27000427246094,225,47923700,223.5715789794922
2024-11-18,225.25,229.74000549316406,225.1699981689453,228.02000427246094,44633700,226.57241821289062
2024-11-19,226.97999572753906,230.16000366210938,226.66000366210938,228.27999877929688,36211800,226.8307647705078
2024-11-20,228.05999755859375,229.92999267578125,225.88999938964844,229,35169600,227.54620361328125
2024-11-21,228.8800048828125,230.16000366210938,225.7100067138672,228.52000427246094,42108300,227.06924438476562
2024-11-22,228.05999755859375,230.72000122070312,228.05999755859375,229.8699951171875,38168300,228.41067504882812
2024-11-25,231.4600067138672,233.25,229.74000549316406,232.8699951171875,90152800,231.39163208007812
2024-11-26,233.3300018310547,235.57000732421875,233.3300018310547,235.05999755859375,45986200,233.56771850585938
2024-11-27,234.47000122070312,235.69000244140625,233.80999755859375,234.92999267578125,33498400,233.4385528564453
2024-11-29,234.80999755859375,237.80999755859375,233.97000122070312,237.3300018310547,28481400,235.82330322265625
2024-12-02,237.27000427246094,240.7899932861328,237.16000366210938,239.58999633789062,48137100,238.06895446777344
2024-12-03,239.80999755859375,242.75999450683594,238.89999389648438,242.64999389648438,38861000,241.10951232910156
2024-12-04,242.8699951171875,244.11000061035156,241.25,243.00999450683594,44383900,241.46725463867188
2024-12-05,243.99000549316406,244.5399932861328,242.1300048828125,243.0399932861328,40033900,241.4970703125
2024-12-06,242.91000366210938,244.6300048828125,242.0800018310547,242.83999633789062,36870600,241.29832458496094
2024-12-09,241.8300018310547,247.24000549316406,241.75,246.75,44649200,245.1835174560547
2024-12-10,246.88999938964844,248.2100067138672,245.33999633789062,247.77000427246094,36914800,246.19705200195312
2024-12-11,247.9600067138672,250.8000030517578,246.25999450683594,246.49000549316406,45205800,244.92515563964844
2024-12-12,246.88999938964844,248.74000549316406,245.67999267578125,247.9600067138672,32777500,246.3858184814453
2024-12-13,247.82000732421875,249.2899932861328,246.24000549316406,248.1300048828125,33155300,246.55474853515625
2024-12-16,247.99000549316406,251.3800048828125,247.64999389648438,251.0399932861328,51694800,249.44627380371094
2024-12-17,250.0800018310547,253.8300018310547,249.77999877929688,253.47999572753906,51356400,251.8707733154297
2024-12-18,252.16000366210938,254.27999877929688,247.74000549316406,248.0500030517578,56774100,246.47525024414062
2024-12-19,247.5,252,247.08999633789062,249.7899932861328,60882300,248.20419311523438
2024-12-20,248.0399932861328,255,245.69000244140625,254.49000549316406,147495300,252.87437438964844
2024-12-23,254.77000427246094,255.64999389648438,253.4499969482422,255.27000427246094,40858800,253.64942932128906
2024-12-24,255.49000549316406,258.2099914550781,255.2899932861328,258.20001220703125,23234700,256.5608215332031
2024-12-26,258.19000244140625,260.1000061035156,257.6300048828125,259.0199890136719,27237100,257.3755798339844
2024-12-27,257.8299865722656,258.70001220703125,253.05999755859375,255.58999633789062,42355300,253.9674072265625
2024-12-30,252.22999572753906,253.5,250.75,252.1999969482422,35557500,250.59890747070312
