date,open,high,low,close,volume,adjusted
2015-01-02,46.65999984741211,47.41999816894531,46.540000915527344,46.7599983215332,27913900,39.681739807128906
2015-01-05,46.369998931884766,46.72999954223633,46.25,46.33000183105469,39673900,39.31683349609375
2015-01-06,46.380001068115234,46.75,45.540000915527344,45.650001525878906,36447900,38.73977279663086
2015-01-07,45.97999954223633,46.459999084472656,45.4900016784668,46.22999954223633,29114100,39.231964111328125
2015-01-08,46.75,47.75,46.720001220703125,47.59000015258789,29645200,40.386104583740234
2015-01-09,47.61000061035156,47.81999969482422,46.900001525878906,47.189998626708984,23944200,40.04664993286133
2015-01-12,47.41999816894531,47.540000915527344,46.36000061035156,46.599998474121094,23651900,39.54595184326172
2015-01-13,46.970001220703125,47.90999984741211,46.060001373291016,46.36000061035156,35270600,39.34229278564453
2015-01-14,45.959999084472656,46.2400016784668,45.619998931884766,45.959999084472656,29719600,39.00284194946289
2015-01-15,46.220001220703125,46.380001068115234,45.40999984741211,45.47999954223633,32750800,38.59550094604492
2015-01-16,45.310001373291016,46.279998779296875,45.16999816894531,46.2400016784668,35695300,39.240447998046875
2015-01-20,46.29999923706055,46.650001525878906,45.56999969482422,46.38999938964844,36161900,39.36775588989258
2015-01-21,45.939998626708984,46.13999938964844,45.47999954223633,45.91999816894531,39081100,38.96889877319336
2015-01-22,46.380001068115234,47.13999938964844,46.08000183105469,47.130001068115234,35898000,39.995723724365234
2015-01-23,47.36000061035156,47.38999938964844,46.79999923706055,47.18000030517578,26211600,40.03815460205078
2015-01-26,47,47.130001068115234,46.2400016784668,47.0099983215332,42525500,39.893898010253906
2015-01-27,42.95000076293945,43.20000076293945,42.11000061035156,42.65999984741211,169164000,36.202369689941406
2015-01-28,42.7400016784668,42.790000915527344,41.15999984741211,41.189998626708984,84507100,34.95488739013672
2015-01-29,40.93000030517578,42.119998931884766,40.790000915527344,42.0099983215332,63585300,35.650760650634766
2015-01-30,41.54999923706055,41.58000183105469,40.349998474121094,40.400001525878906,78004900,34.28449249267578
2015-02-02,40.59000015258789,41.369998931884766,40.22999954223633,41.279998779296875,50352500,35.031272888183594
2015-02-03,41.630001068115234,41.93000030517578,41.04999923706055,41.599998474121094,52082400,35.30283737182617
2015-02-04,41.939998626708984,42.209999084472656,41.36000061035156,41.84000015258789,41614800,35.506507873535156
2015-02-05,42.220001220703125,42.63999938964844,41.86000061035156,42.45000076293945,36548200,36.0241584777832
2015-02-06,42.68000030517578,42.790000915527344,42.150001525878906,42.40999984741211,34616600,35.99021911621094
2015-02-09,42.2400016784668,42.7400016784668,42.209999084472656,42.36000061035156,31381100,35.94779586791992
2015-02-10,42.7400016784668,42.77000045776367,42.18000030517578,42.599998474121094,29670700,36.151458740234375
2015-02-11,42.650001525878906,42.650001525878906,42.209999084472656,42.380001068115234,38262500,35.96475601196289
2015-02-12,42.65999984741211,43.09000015258789,42.5099983215332,43.09000015258789,33268800,36.56727981567383
2015-02-13,43.380001068115234,43.869998931884766,43.150001525878906,43.869998931884766,40264900,37.22920227050781
2015-02-17,43.970001220703125,44,43.189998626708984,43.58000183105469,33695700,37.246315002441406
2015-02-18,43.630001068115234,43.70000076293945,43.38999938964844,43.529998779296875,27111700,37.203582763671875
2015-02-19,43.18000030517578,43.529998779296875,43.04999923706055,43.5,27603400,37.17792510986328
2015-02-20,43.5099983215332,43.880001068115234,43.290000915527344,43.86000061035156,29721100,37.48561477661133
2015-02-23,43.70000076293945,44.189998626708984,43.650001525878906,44.150001525878906,32518800,37.73347473144531
2015-02-24,44.150001525878906,44.29999923706055,43.91999816894531,44.09000015258789,25271700,37.68218994140625
2015-02-25,43.95000076293945,44.09000015258789,43.79999923706055,43.9900016784668,29759800,37.59672927856445
2015-02-26,43.9900016784668,44.22999954223633,43.88999938964844,44.060001373291016,28957300,37.65653991699219
2015-02-27,44.130001068115234,44.20000076293945,43.65999984741211,43.849998474121094,33807700,37.47705841064453
2015-03-02,43.66999816894531,44.189998626708984,43.54999923706055,43.880001068115234,31924000,37.50270080566406
2015-03-03,43.560001373291016,43.83000183105469,43.09000015258789,43.279998779296875,31748600,36.989898681640625
2015-03-04,43.0099983215332,43.209999084472656,42.880001068115234,43.060001373291016,25748700,36.80188751220703
2015-03-05,43.06999969482422,43.2400016784668,42.81999969482422,43.11000061035156,23193500,36.844608306884766
2015-03-06,43,43.11000061035156,42.150001525878906,42.36000061035156,36248800,36.20361328125
2015-03-09,42.189998626708984,43.130001068115234,42.189998626708984,42.849998474121094,32108000,36.62239456176758
2015-03-10,42.349998474121094,42.709999084472656,42.029998779296875,42.029998779296875,39159700,35.921566009521484
2015-03-11,42.310001373291016,42.369998931884766,41.84000015258789,41.97999954223633,32215300,35.878841400146484
2015-03-12,41.33000183105469,41.650001525878906,40.86000061035156,41.02000045776367,59992500,35.05836486816406
2015-03-13,40.70000076293945,41.470001220703125,40.61000061035156,41.380001068115234,58007700,35.36604309082031
2015-03-16,41.470001220703125,41.63999938964844,41.279998779296875,41.560001373291016,35273500,35.51988220214844
2015-03-17,41.369998931884766,41.83000183105469,41.150001525878906,41.70000076293945,31673400,35.639522552490234
2015-03-18,41.43000030517578,42.83000183105469,41.33000183105469,42.5,44194800,36.32327651977539
2015-03-19,42.2599983215332,42.59000015258789,42.220001220703125,42.290000915527344,33879100,36.14379119873047
2015-03-20,42.560001373291016,42.97999954223633,42.4900016784668,42.880001068115234,71904500,36.64804458618164
2015-03-23,42.880001068115234,43.130001068115234,42.779998779296875,42.86000061035156,26246100,36.63094711303711
2015-03-24,42.779998779296875,43.16999816894531,42.75,42.900001525878906,25513300,36.665138244628906
2015-03-25,42.91999816894531,42.93000030517578,41.439998626708984,41.459999084472656,43469900,35.434410095214844
2015-03-26,41.220001220703125,41.61000061035156,40.91999816894531,41.209999084472656,37495600,35.22074890136719
2015-03-27,41.119998931884766,41.43000030517578,40.83000183105469,40.970001220703125,34401400,35.015628814697266
2015-03-30,41.099998474121094,41.540000915527344,40.90999984741211,40.959999084472656,35049700,35.007080078125
2015-03-31,40.779998779296875,41.029998779296875,40.540000915527344,40.65999984741211,34887200,34.75068664550781
2015-04-01,40.599998474121094,40.7599983215332,40.310001373291016,40.720001220703125,36865300,34.80195999145508
2015-04-02,40.65999984741211,40.7400016784668,40.119998931884766,40.290000915527344,37487500,34.434452056884766
2015-04-06,40.34000015258789,41.779998779296875,40.18000030517578,41.54999923706055,39223700,35.5113410949707
2015-04-07,41.61000061035156,41.90999984741211,41.310001373291016,41.529998779296875,28809400,35.49424362182617
2015-04-08,41.459999084472656,41.689998626708984,41.040000915527344,41.41999816894531,24753400,35.40024185180664
2015-04-09,41.25,41.619998931884766,41.25,41.47999954223633,25723900,35.451507568359375
2015-04-10,41.630001068115234,41.95000076293945,41.40999984741211,41.720001220703125,28022000,35.65662384033203
2015-04-13,41.400001525878906,42.060001373291016,41.38999938964844,41.7599983215332,30276700,35.690818786621094
2015-04-14,41.79999923706055,42.029998779296875,41.38999938964844,41.650001525878906,24244400,35.596805572509766
2015-04-15,41.7599983215332,42.459999084472656,41.68000030517578,42.2599983215332,27343600,36.1181526184082
2015-04-16,41.95000076293945,42.34000015258789,41.81999969482422,42.15999984741211,22509700,36.03267288208008
2015-04-17,41.66999816894531,41.7400016784668,41.15999984741211,41.619998931884766,42387600,35.571163177490234
2015-04-20,41.72999954223633,43.16999816894531,41.68000030517578,42.90999984741211,46057700,36.673675537109375
2015-04-21,43,43.150001525878906,42.529998779296875,42.63999938964844,26013800,36.442909240722656
2015-04-22,42.66999816894531,43.130001068115234,42.54999923706055,42.9900016784668,25064300,36.74204635620117
2015-04-23,42.88999938964844,43.61000061035156,42.79999923706055,43.34000015258789,46309500,37.04119873046875
2015-04-24,45.65999984741211,48.13999938964844,45.650001525878906,47.869998931884766,130933700,40.91282272338867
2015-04-27,47.22999954223633,48.130001068115234,47.220001220703125,48.029998779296875,59248200,41.049564361572266
2015-04-28,47.779998779296875,49.209999084472656,47.70000076293945,49.15999984741211,60730800,42.01533889770508
2015-04-29,48.720001220703125,49.310001373291016,48.5,49.060001373291016,47804600,41.929866790771484
2015-04-30,48.70000076293945,49.540000915527344,48.599998474121094,48.63999938964844,64725500,41.570919036865234
2015-05-01,48.58000183105469,48.880001068115234,48.400001525878906,48.65999984741211,38937300,41.58800506591797
2015-05-04,48.369998931884766,48.869998931884766,48.18000030517578,48.2400016784668,34039500,41.229042053222656
2015-05-05,47.81999969482422,48.15999984741211,47.310001373291016,47.599998474121094,50369200,40.68204116821289
2015-05-06,47.56999969482422,47.77000045776367,46.02000045776367,46.279998779296875,52433000,39.553897857666016
2015-05-07,46.27000045776367,47.09000015258789,46.15999984741211,46.70000076293945,32971700,39.912864685058594
2015-05-08,47.54999923706055,47.97999954223633,47.52000045776367,47.75,35364900,40.81026840209961
2015-05-11,47.54999923706055,47.90999984741211,47.369998931884766,47.369998931884766,24609400,40.48548126220703
2015-05-12,46.849998474121094,47.68000030517578,46.41999816894531,47.349998474121094,29928300,40.4683952331543
2015-05-13,48.189998626708984,48.31999969482422,47.56999969482422,47.630001068115234,34184600,40.70770263671875
2015-05-14,48.029998779296875,48.81999969482422,48.029998779296875,48.720001220703125,32980900,41.6392822265625
2015-05-15,48.869998931884766,48.90999984741211,48.04999923706055,48.29999923706055,28642700,41.28032684326172
2015-05-18,47.97999954223633,48.220001220703125,47.61000061035156,48.0099983215332,24136500,41.032466888427734
2015-05-19,47.560001373291016,47.810001373291016,47.18000030517578,47.58000183105469,28574800,40.92924880981445
2015-05-20,47.38999938964844,47.93000030517578,47.27000045776367,47.58000183105469,25047900,40.92924880981445
2015-05-21,47.279998779296875,47.599998474121094,47.0099983215332,47.41999816894531,22410700,40.79159927368164
2015-05-22,47.29999923706055,47.349998474121094,46.81999969482422,46.900001525878906,25720600,40.34430694580078
2015-05-26,46.83000183105469,46.880001068115234,46.189998626708984,46.59000015258789,29581900,40.077640533447266
2015-05-27,46.81999969482422,47.77000045776367,46.619998931884766,47.61000061035156,27335600,40.95505142211914
2015-05-28,47.5,48.02000045776367,47.38999938964844,47.45000076293945,19283700,40.81741714477539
2015-05-29,47.43000030517578,47.56999969482422,46.59000015258789,46.86000061035156,36519600,40.30988693237305
2015-06-01,47.060001373291016,47.77000045776367,46.619998931884766,47.22999954223633,28837300,40.628170013427734
2015-06-02,46.93000030517578,47.349998474121094,46.619998931884766,46.91999816894531,21498300,40.36149597167969
2015-06-03,47.369998931884766,47.7400016784668,46.81999969482422,46.849998474121094,28002200,40.3012809753418
2015-06-04,46.790000915527344,47.15999984741211,46.20000076293945,46.36000061035156,27745500,39.87977981567383
2015-06-05,46.310001373291016,46.52000045776367,45.84000015258789,46.13999938964844,25438100,39.690521240234375
2015-06-08,46.29999923706055,46.43000030517578,45.66999816894531,45.72999954223633,22121600,39.337833404541016
2015-06-09,45.7599983215332,45.939998626708984,45.459999084472656,45.650001525878906,24406100,39.26902389526367
2015-06-10,45.790000915527344,46.83000183105469,45.689998626708984,46.61000061035156,28417400,40.09483337402344
2015-06-11,46.65999984741211,46.91999816894531,46.130001068115234,46.439998626708984,27347800,39.94858932495117
2015-06-12,46.220001220703125,46.470001220703125,45.900001525878906,45.970001220703125,23931000,39.5443000793457
2015-06-15,45.45000076293945,45.650001525878906,45.02000045776367,45.47999954223633,33254500,39.1227912902832
2015-06-16,45.349998474121094,46.2400016784668,45.29999923706055,45.83000183105469,27070300,39.42386245727539
2015-06-17,45.72999954223633,46.06999969482422,45.36000061035156,45.970001220703125,28704100,39.5443000793457
2015-06-18,46.220001220703125,46.79999923706055,46.16999816894531,46.720001220703125,32658300,40.18946075439453
2015-06-19,46.790000915527344,46.83000183105469,45.9900016784668,46.099998474121094,63837000,39.656124114990234
2015-06-22,46.33000183105469,46.720001220703125,46.15999984741211,46.22999954223633,20318100,39.7679443359375
2015-06-23,46.130001068115234,46.279998779296875,45.619998931884766,45.90999984741211,25896500,39.4926872253418
2015-06-24,45.66999816894531,46.25,45.54999923706055,45.63999938964844,34890900,39.260433197021484
2015-06-25,46.029998779296875,46.060001373291016,45.5,45.650001525878906,20616000,39.26902389526367
2015-06-26,45.650001525878906,46.279998779296875,45.029998779296875,45.2599983215332,49835300,38.93352508544922
2015-06-29,45.040000915527344,45.22999954223633,44.36000061035156,44.369998931884766,34081700,38.167945861816406
2015-06-30,44.709999084472656,44.720001220703125,43.939998626708984,44.150001525878906,35945400,37.978702545166016
2015-07-01,44.459999084472656,45.22999954223633,44.099998474121094,44.45000076293945,28343900,38.236751556396484
2015-07-02,44.47999954223633,44.75,44.060001373291016,44.400001525878906,21752000,38.193748474121094
2015-07-06,43.959999084472656,44.47999954223633,43.95000076293945,44.38999938964844,23034000,38.185142517089844
2015-07-07,44.34000015258789,44.4900016784668,43.31999969482422,44.29999923706055,36435800,38.107723236083984
2015-07-08,44.439998626708984,44.900001525878906,44.029998779296875,44.2400016784668,39785900,38.05610275268555
2015-07-09,44.75,45.220001220703125,44.5,44.52000045776367,32424700,38.29697036743164
2015-07-10,45.0099983215332,45.13999938964844,44.56999969482422,44.61000061035156,25465800,38.374393463134766
2015-07-13,44.97999954223633,45.619998931884766,44.95000076293945,45.540000915527344,28178300,39.17439270019531
2015-07-14,45.45000076293945,45.959999084472656,45.310001373291016,45.619998931884766,22880300,39.243221282958984
2015-07-15,45.68000030517578,45.88999938964844,45.43000030517578,45.7599983215332,26629600,39.36365509033203
2015-07-16,46.0099983215332,46.689998626708984,45.970001220703125,46.65999984741211,26271700,40.13783264160156
2015-07-17,46.54999923706055,46.779998779296875,46.2599983215332,46.619998931884766,29467100,40.103431701660156
2015-07-20,46.650001525878906,47.130001068115234,46.439998626708984,46.91999816894531,30631900,40.36149597167969
2015-07-21,46.779998779296875,47.33000183105469,46.47999954223633,47.279998779296875,42781900,40.671180725097656
2015-07-22,45.439998626708984,46.93000030517578,45.20000076293945,45.540000915527344,59152400,39.17439270019531
2015-07-23,45.27000045776367,46.22999954223633,45.099998474121094,46.11000061035156,33934000,39.66471862792969
2015-07-24,45.90999984741211,46.31999969482422,45.79999923706055,45.939998626708984,32333200,39.51848220825195
2015-07-27,45.939998626708984,46.0099983215332,45.25,45.349998474121094,39701400,39.010963439941406
2015-07-28,45.58000183105469,45.63999938964844,44.790000915527344,45.34000015258789,34328900,39.002349853515625
2015-07-29,45.400001525878906,46.779998779296875,45.2599983215332,46.290000915527344,40945900,39.819557189941406
2015-07-30,46.2599983215332,47.400001525878906,45.93000030517578,46.880001068115234,39777900,40.32710266113281
2015-07-31,47.290000915527344,47.369998931884766,46.5,46.70000076293945,31201500,40.172264099121094
2015-08-03,46.97999954223633,47,46.45000076293945,46.810001373291016,24125900,40.266868591308594
2015-08-04,46.75,47.709999084472656,46.68000030517578,47.540000915527344,33403900,40.89484786987305
2015-08-05,47.97999954223633,48.40999984741211,47.540000915527344,47.58000183105469,26959700,40.92924880981445
2015-08-06,47.709999084472656,47.77000045776367,46.33000183105469,46.619998931884766,27368000,40.103431701660156
2015-08-07,46.38999938964844,46.779998779296875,46.2599983215332,46.7400016784668,19163000,40.206661224365234
2015-08-10,46.95000076293945,47.4900016784668,46.84000015258789,47.33000183105469,23079900,40.71419143676758
2015-08-11,46.81999969482422,46.939998626708984,45.900001525878906,46.40999984741211,29237400,39.92278289794922
2015-08-12,46.189998626708984,46.900001525878906,45.709999084472656,46.7400016784668,30181400,40.206661224365234
2015-08-13,47.060001373291016,47.099998474121094,46.4900016784668,46.72999954223633,22627200,40.19805908203125
2015-08-14,46.529998779296875,47.099998474121094,46.52000045776367,47,21473400,40.43031311035156
2015-08-17,46.810001373291016,47.45000076293945,46.56999969482422,47.31999969482422,21099700,40.70559310913086
2015-08-18,46.84000015258789,47.43000030517578,46.70000076293945,47.27000045776367,23574100,40.930721282958984
2015-08-19,46.779998779296875,47.08000183105469,46.29999923706055,46.61000061035156,31485500,40.3592414855957
2015-08-20,46.06999969482422,46.470001220703125,45.65999984741211,45.65999984741211,36238200,39.53662872314453
2015-08-21,45.29999923706055,45.47999954223633,43.06999969482422,43.06999969482422,70053100,37.29396057128906
2015-08-24,40.45000076293945,42.689998626708984,39.720001220703125,41.68000030517578,88753700,36.090370178222656
2015-08-25,42.56999969482422,43.2400016784668,40.38999938964844,40.470001220703125,70616600,35.04267120361328
2015-08-26,42.0099983215332,42.84000015258789,41.060001373291016,42.709999084472656,63408000,36.982261657714844
2015-08-27,43.22999954223633,43.95000076293945,42.93000030517578,43.900001525878906,50943200,38.01266860961914
2015-08-28,43.400001525878906,44.150001525878906,43.38999938964844,43.93000030517578,28246700,38.03865432739258
2015-08-31,43.560001373291016,43.93000030517578,43.099998474121094,43.52000045776367,34441700,37.683624267578125
2015-09-01,42.16999816894531,42.59000015258789,41.65999984741211,41.81999969482422,49688900,36.211605072021484
2015-09-02,42.36000061035156,43.380001068115234,41.880001068115234,43.36000061035156,37671500,37.54509353637695
2015-09-03,43.40999984741211,43.97999954223633,43.279998779296875,43.5,28285200,37.666316986083984
2015-09-04,42.810001373291016,43.040000915527344,42.20000076293945,42.61000061035156,37138800,36.895660400390625
2015-09-08,43.29999923706055,44,43.20000076293945,43.88999938964844,32469800,38.00400161743164
2015-09-09,44.209999084472656,44.400001525878906,42.90999984741211,43.06999969482422,33469500,37.29396057128906
2015-09-10,43.119998931884766,43.790000915527344,42.75,43.290000915527344,31366600,37.484466552734375
2015-09-11,43.13999938964844,43.59000015258789,42.939998626708984,43.47999954223633,27132500,37.64898681640625
2015-09-14,43.43000030517578,43.439998626708984,42.86000061035156,43.040000915527344,23656000,37.26799392700195
2015-09-15,43.189998626708984,44.290000915527344,43.08000183105469,43.97999954223633,28882200,38.081939697265625
2015-09-16,43.970001220703125,44.380001068115234,43.84000015258789,44.29999923706055,23372200,38.35901641845703
2015-09-17,44.290000915527344,45,44.08000183105469,44.25,32768200,38.31572723388672
2015-09-18,43.5,43.9900016784668,43.33000183105469,43.47999954223633,63143700,37.64898681640625
2015-09-21,43.619998931884766,44.470001220703125,43.599998474121094,44.11000061035156,26177200,38.194496154785156
2015-09-22,43.380001068115234,44.04999923706055,43.310001373291016,43.900001525878906,28085900,38.01266860961914
2015-09-23,43.93000030517578,44.16999816894531,43.5099983215332,43.869998931884766,17145200,37.98667907714844
2015-09-24,43.45000076293945,44.130001068115234,43.27000045776367,43.90999984741211,27905600,38.021331787109375
2015-09-25,44.47999954223633,44.72999954223633,43.7599983215332,43.939998626708984,29384600,38.047306060791016
2015-09-28,43.83000183105469,44.09000015258789,43.209999084472656,43.290000915527344,27613800,37.484466552734375
2015-09-29,43.369998931884766,43.56999969482422,43.04999923706055,43.439998626708984,32763600,37.614349365234375
2015-09-30,43.880001068115234,44.29999923706055,43.65999984741211,44.2599983215332,34958900,38.32438278198242
2015-10-01,44.75,44.75,43.75,44.61000061035156,28657900,38.62744140625
2015-10-02,44.27000045776367,45.56999969482422,43.91999816894531,45.56999969482422,41839000,39.458709716796875
2015-10-05,45.75,46.88999938964844,45.70000076293945,46.630001068115234,34369300,40.376556396484375
2015-10-06,46.33000183105469,47.18000030517578,46.220001220703125,46.75,27017200,40.4804573059082
2015-10-07,47.099998474121094,47.349998474121094,45.95000076293945,46.79999923706055,27711500,40.52375411987305
2015-10-08,46.560001373291016,47.52000045776367,46.5,47.45000076293945,33772700,41.08658218383789
2015-10-09,47.45000076293945,47.540000915527344,46.91999816894531,47.11000061035156,28600600,40.792171478271484
2015-10-12,46.97999954223633,47.06999969482422,46.5,47,19769100,40.69694137573242
2015-10-13,46.560001373291016,47.130001068115234,46.560001373291016,46.88999938964844,19987800,40.601688385009766
2015-10-14,46.650001525878906,47.099998474121094,46.529998779296875,46.68000030517578,24697800,40.41983413696289
2015-10-15,47.0099983215332,47.029998779296875,46.529998779296875,47.0099983215332,27189400,40.705589294433594
2015-10-16,47.02000045776367,47.540000915527344,46.900001525878906,47.5099983215332,26450300,41.13853454589844
2015-10-19,47.41999816894531,47.880001068115234,47.02000045776367,47.619998931884766,29387600,41.2337760925293
2015-10-20,47.439998626708984,47.810001373291016,47.02000045776367,47.77000045776367,30802200,41.36366653442383
2015-10-21,47.91999816894531,47.9900016784668,47.11000061035156,47.20000076293945,25144300,40.8701057434082
2015-10-22,47.529998779296875,48.95000076293945,47.09000015258789,48.029998779296875,56637100,41.58879089355469
2015-10-23,52.29999923706055,54.06999969482422,52.25,52.869998931884766,135227100,45.77970504760742
2015-10-26,52.529998779296875,54.31999969482422,52.5,54.25,64633300,46.974647521972656
2015-10-27,53.9900016784668,54.369998931884766,53.58000183105469,53.689998626708984,50999900,46.4897575378418
2015-10-28,53.540000915527344,53.97999954223633,52.86000061035156,53.97999954223633,47000800,46.74085235595703
2015-10-29,53.540000915527344,53.83000183105469,53.220001220703125,53.36000061035156,30202100,46.20399856567383
2015-10-30,53.31999969482422,53.9900016784668,52.619998931884766,52.63999938964844,46619800,45.5805549621582
2015-11-02,52.849998474121094,53.36000061035156,52.619998931884766,53.2400016784668,30285000,46.10010528564453
2015-11-03,52.93000030517578,54.38999938964844,52.900001525878906,54.150001525878906,36596900,46.88806915283203
2015-11-04,54.18000030517578,54.880001068115234,54.060001373291016,54.400001525878906,37087800,47.10453414916992
2015-11-05,54.4900016784668,54.70000076293945,54,54.380001068115234,31468500,47.087215423583984
2015-11-06,54.09000015258789,54.97999954223633,53.959999084472656,54.91999816894531,32851200,47.5547981262207
2015-11-09,54.54999923706055,54.869998931884766,53.560001373291016,54.15999984741211,32513100,46.89671325683594
2015-11-10,54.06999969482422,54.130001068115234,53.27000045776367,53.5099983215332,55283700,46.333892822265625
2015-11-11,53.70000076293945,54.20000076293945,53.459999084472656,53.650001525878906,36516300,46.45512390136719
2015-11-12,53.47999954223633,53.97999954223633,53.189998626708984,53.31999969482422,35361100,46.169368743896484
2015-11-13,53.06999969482422,53.290000915527344,52.529998779296875,52.84000015258789,36848200,45.753746032714844
2015-11-16,53.08000183105469,53.88999938964844,52.849998474121094,53.77000045776367,32165200,46.55900955200195
2015-11-17,53.16999816894531,53.529998779296875,52.849998474121094,52.970001220703125,31551300,46.17545700073242
2015-11-18,53,53.97999954223633,52.97999954223633,53.849998474121094,29710000,46.94256591796875
2015-11-19,53.9900016784668,54.65999984741211,53.779998779296875,53.939998626708984,28149200,47.02104568481445
2015-11-20,54.25,54.29999923706055,53.27000045776367,54.189998626708984,37147600,47.238975524902344
2015-11-23,54.25,54.459999084472656,53.75,54.189998626708984,28235900,47.238975524902344
2015-11-24,53.91999816894531,54.439998626708984,53.58000183105469,54.25,24600000,47.29127883911133
2015-11-25,54.09000015258789,54.22999954223633,53.689998626708984,53.689998626708984,21005100,46.803096771240234
2015-11-27,53.79999923706055,54.08000183105469,53.790000915527344,53.93000030517578,9009100,47.01232147216797
2015-11-30,54.540000915527344,54.959999084472656,54,54.349998474121094,56241400,47.37845230102539
2015-12-01,54.40999984741211,55.22999954223633,54.29999923706055,55.220001220703125,39952800,48.1368408203125
2015-12-02,55.31999969482422,55.959999084472656,55.060001373291016,55.209999084472656,47274900,48.12812423706055
2015-12-03,55.4900016784668,55.77000045776367,53.93000030517578,54.20000076293945,38627800,47.247684478759766
2015-12-04,54.119998931884766,56.22999954223633,54.099998474121094,55.90999984741211,43963700,48.73834228515625
2015-12-07,55.790000915527344,55.970001220703125,55.290000915527344,55.810001373291016,30709800,48.65117263793945
2015-12-08,55.470001220703125,56.099998474121094,54.9900016784668,55.790000915527344,32878000,48.63373565673828
2015-12-09,55.369998931884766,55.869998931884766,54.5099983215332,54.97999954223633,36373200,47.92763900756836
2015-12-10,55.38999938964844,55.65999984741211,55.0099983215332,55.27000045776367,31775800,48.18043899536133
2015-12-11,54.709999084472656,55.099998474121094,54.0099983215332,54.060001373291016,39549500,47.12563705444336
2015-12-14,54.33000183105469,55.209999084472656,53.68000030517578,55.13999938964844,46768900,48.067115783691406
2015-12-15,55.65999984741211,55.900001525878906,55.09000015258789,55.20000076293945,39843000,48.11941909790039
2015-12-16,55.540000915527344,56.25,54.7599983215332,56.130001068115234,37503300,48.930118560791016
2015-12-17,56.36000061035156,56.790000915527344,55.529998779296875,55.70000076293945,41280900,48.55527877807617
2015-12-18,55.77000045776367,56,54.029998779296875,54.130001068115234,84684200,47.186668395996094
2015-12-21,54.880001068115234,55.349998474121094,54.22999954223633,54.83000183105469,37246300,47.796875
2015-12-22,54.9900016784668,55.47999954223633,54.5,55.349998474121094,28322200,48.25016784667969
2015-12-23,55.70000076293945,55.880001068115234,55.439998626708984,55.81999969482422,27279800,48.65988540649414
2015-12-24,55.86000061035156,55.959999084472656,55.43000030517578,55.66999816894531,9558500,48.52912139892578
2015-12-28,55.349998474121094,55.95000076293945,54.97999954223633,55.95000076293945,22458300,48.773223876953125
2015-12-29,56.290000915527344,56.849998474121094,56.060001373291016,56.54999923706055,27731400,49.29624557495117
2015-12-30,56.470001220703125,56.779998779296875,56.290000915527344,56.310001373291016,21704500,49.087032318115234
2015-12-31,56.040000915527344,56.189998626708984,55.41999816894531,55.47999954223633,27334100,48.36349868774414
2016-01-04,54.31999969482422,54.79999923706055,53.38999938964844,54.79999923706055,53778000,47.77072525024414
2016-01-05,54.93000030517578,55.38999938964844,54.540000915527344,55.04999923706055,34079700,47.9886474609375
2016-01-06,54.31999969482422,54.400001525878906,53.63999938964844,54.04999923706055,39518900,47.11692810058594
2016-01-07,52.70000076293945,53.4900016784668,52.06999969482422,52.16999816894531,56564900,45.478065490722656
2016-01-08,52.369998931884766,53.279998779296875,52.150001525878906,52.33000183105469,48754000,45.61756134033203
2016-01-11,52.5099983215332,52.849998474121094,51.459999084472656,52.29999923706055,36943800,45.591407775878906
2016-01-12,52.7599983215332,53.099998474121094,52.060001373291016,52.779998779296875,36095500,46.00983428955078
2016-01-13,53.79999923706055,54.06999969482422,51.29999923706055,51.63999938964844,66883600,45.01605987548828
2016-01-14,52,53.41999816894531,51.56999969482422,53.11000061035156,52381900,46.29749298095703
2016-01-15,51.310001373291016,51.970001220703125,50.34000015258789,50.9900016784668,71820700,44.449432373046875
2016-01-19,51.47999954223633,51.68000030517578,50.060001373291016,50.560001373291016,43564500,44.0745849609375
2016-01-20,49.97999954223633,51.380001068115234,49.099998474121094,50.790000915527344,63273000,44.275089263916016
2016-01-21,51,51.58000183105469,50.29999923706055,50.47999954223633,40191200,44.00484085083008
2016-01-22,51.40999984741211,52.33000183105469,51.2599983215332,52.290000915527344,37555800,45.582679748535156
2016-01-25,51.939998626708984,52.650001525878906,51.650001525878906,51.790000915527344,34707700,45.14681625366211
2016-01-26,51.790000915527344,52.439998626708984,51.54999923706055,52.16999816894531,28900800,45.478065490722656
2016-01-27,52.0099983215332,52.20000076293945,51.02000045776367,51.220001220703125,36775200,44.649932861328125
2016-01-28,51.86000061035156,52.209999084472656,51.25,52.060001373291016,62513800,45.38218688964844
2016-01-29,54.72999954223633,55.09000015258789,54,55.09000015258789,83611700,48.02351379394531
2016-02-01,54.880001068115234,55.09000015258789,54.5,54.709999084472656,44208500,47.69225311279297
2016-02-02,54.16999816894531,54.2599983215332,52.650001525878906,53,56313800,46.20161056518555
2016-02-03,53.25,53.38999938964844,51.2599983215332,52.15999984741211,57559800,45.469364166259766
2016-02-04,52.099998474121094,52.810001373291016,51.369998931884766,52,46987100,45.32987594604492
2016-02-05,51.939998626708984,52,49.560001373291016,50.15999984741211,62009000,43.72590637207031
2016-02-08,49.54999923706055,49.56999969482422,48.189998626708984,49.40999984741211,59290500,43.07210159301758
2016-02-09,49.02000045776367,50.2400016784668,48.66999816894531,49.279998779296875,46740500,42.95877456665039
2016-02-10,49.88999938964844,50.38999938964844,49.52000045776367,49.709999084472656,38237000,43.33362579345703
2016-02-11,48.68000030517578,50.11000061035156,48.5099983215332,49.689998626708984,48878600,43.316200256347656
2016-02-12,50.25,50.68000030517578,49.75,50.5,34243300,44.022281646728516
2016-02-16,50.900001525878906,51.09000015258789,50.130001068115234,51.09000015258789,37291200,44.85636901855469
2016-02-17,51.4900016784668,52.77000045776367,51.45000076293945,52.41999816894531,40789000,46.024105072021484
2016-02-18,52.33000183105469,52.95000076293945,52.099998474121094,52.189998626708984,27176000,45.82215881347656
2016-02-19,51.970001220703125,52.279998779296875,51.529998779296875,51.81999969482422,33559100,45.497310638427734
2016-02-22,52.279998779296875,53,52.279998779296875,52.650001525878906,25008300,46.22602462768555
2016-02-23,52.34000015258789,52.369998931884766,50.97999954223633,51.18000030517578,28895300,44.935394287109375
2016-02-24,50.689998626708984,51.5,50.20000076293945,51.36000061035156,33014500,45.093421936035156
2016-02-25,51.72999954223633,52.099998474121094,50.61000061035156,52.099998474121094,26939500,45.74314880371094
2016-02-26,52.599998474121094,52.68000030517578,51.099998474121094,51.29999923706055,35975900,45.040767669677734
2016-02-29,51.349998474121094,51.650001525878906,50.65999984741211,50.880001068115234,31654000,44.6719970703125
2016-03-01,50.970001220703125,52.59000015258789,50.91999816894531,52.58000183105469,33024500,46.164581298828125
2016-03-02,52.40999984741211,52.959999084472656,52.15999984741211,52.95000076293945,29289900,46.48942565917969
2016-03-03,52.970001220703125,52.970001220703125,51.779998779296875,52.349998474121094,24427800,45.96263885498047
2016-03-04,52.400001525878906,52.45000076293945,51.709999084472656,52.029998779296875,33034200,45.681678771972656
2016-03-07,51.560001373291016,51.79999923706055,50.58000183105469,51.029998779296875,38407800,44.80369186401367
2016-03-08,50.79999923706055,52.130001068115234,50.599998474121094,51.650001525878906,33835100,45.34805679321289
2016-03-09,51.88999938964844,52.849998474121094,51.86000061035156,52.84000015258789,28251600,46.39285659790039
2016-03-10,52.93000030517578,52.939998626708984,51.15999984741211,52.04999923706055,38387800,45.699249267578125
2016-03-11,53,53.06999969482422,52.380001068115234,53.06999969482422,32275700,46.594791412353516
2016-03-14,52.709999084472656,53.59000015258789,52.630001068115234,53.16999816894531,24083600,46.682586669921875
2016-03-15,52.75,53.59000015258789,52.7400016784668,53.59000015258789,21104800,47.05134201049805
2016-03-16,53.45000076293945,54.599998474121094,53.400001525878906,54.349998474121094,31691700,47.71861267089844
2016-03-17,54.209999084472656,55,54,54.65999984741211,28223900,47.99079513549805
2016-03-18,54.91999816894531,54.970001220703125,53.45000076293945,53.4900016784668,67625500,46.96355438232422
2016-03-21,53.25,53.93000030517578,52.93000030517578,53.86000061035156,23925700,47.28840637207031
2016-03-22,53.61000061035156,54.25,53.459999084472656,54.06999969482422,23124100,47.4727897644043
2016-03-23,54.11000061035156,54.2400016784668,53.7400016784668,53.970001220703125,20129000,47.384971618652344
2016-03-24,53.84000015258789,54.33000183105469,53.72999954223633,54.209999084472656,19950000,47.595703125
2016-03-28,54.209999084472656,54.290000915527344,53.33000183105469,53.540000915527344,17025100,47.0074462890625
2016-03-29,53.65999984741211,54.86000061035156,53.45000076293945,54.709999084472656,23924300,48.034690856933594
2016-03-30,54.93000030517578,55.63999938964844,54.900001525878906,55.04999923706055,23008300,48.33320236206055
2016-03-31,54.95000076293945,55.59000015258789,54.86000061035156,55.22999954223633,26360500,48.49125289916992
2016-04-01,55.04999923706055,55.61000061035156,54.56999969482422,55.56999969482422,24399200,48.78976821899414
2016-04-04,55.43000030517578,55.65999984741211,55,55.43000030517578,18928800,48.66685104370117
2016-04-05,55.189998626708984,55.29999923706055,54.459999084472656,54.560001373291016,19272300,47.902992248535156
2016-04-06,54.36000061035156,55.20000076293945,54.209999084472656,55.119998931884766,21188700,48.3946533203125
2016-04-07,54.869998931884766,54.90999984741211,54.22999954223633,54.459999084472656,19225100,47.815185546875
2016-04-08,54.66999816894531,55.279998779296875,54.31999969482422,54.41999816894531,22167200,47.780086517333984
2016-04-11,54.4900016784668,55.150001525878906,54.29999923706055,54.310001373291016,21414200,47.68349838256836
2016-04-12,54.369998931884766,54.779998779296875,53.7599983215332,54.650001525878906,24944300,47.98201370239258
2016-04-13,55.119998931884766,55.439998626708984,54.88999938964844,55.349998474121094,20818000,48.596588134765625
2016-04-14,55.220001220703125,55.58000183105469,55.06999969482422,55.36000061035156,20877100,48.605384826660156
2016-04-15,55.29999923706055,55.91999816894531,55.11000061035156,55.650001525878906,28793800,48.8599967956543
2016-04-18,55.4900016784668,56.59000015258789,55.209999084472656,56.459999084472656,23786000,49.5711784362793
2016-04-19,56.630001068115234,56.77000045776367,55.68000030517578,56.38999938964844,29596800,49.50971221923828
2016-04-20,56.290000915527344,56.5,55.4900016784668,55.59000015258789,36195700,48.80731201171875
2016-04-21,55.79999923706055,56.22999954223633,55.41999816894531,55.779998779296875,38909100,48.97413635253906
2016-04-22,51.90999984741211,52.43000030517578,50.77000045776367,51.779998779296875,126834100,45.462188720703125
2016-04-25,51.779998779296875,52.130001068115234,51.630001068115234,52.11000061035156,33226900,45.75192642211914
2016-04-26,52.2599983215332,52.349998474121094,51.09000015258789,51.439998626708984,33532600,45.163665771484375
2016-04-27,51.47999954223633,51.5,50.54999923706055,50.939998626708984,43369300,44.72467803955078
2016-04-28,50.619998931884766,50.77000045776367,49.560001373291016,49.900001525878906,43134800,43.81156921386719
2016-04-29,49.349998474121094,50.25,49.349998474121094,49.869998931884766,48411700,43.78523254394531
2016-05-02,50,50.75,49.779998779296875,50.61000061035156,33114500,44.4349365234375
2016-05-03,50.34000015258789,50.40999984741211,49.599998474121094,49.779998779296875,26460200,43.706207275390625
2016-05-04,49.84000015258789,50.060001373291016,49.459999084472656,49.869998931884766,24257600,43.78523254394531
2016-05-05,49.869998931884766,50.29999923706055,49.72999954223633,49.939998626708984,25390700,43.846683502197266
2016-05-06,49.91999816894531,50.38999938964844,49.65999984741211,50.38999938964844,24787300,44.24180603027344
2016-05-09,50.4900016784668,50.59000015258789,50,50.06999969482422,17951600,43.9608268737793
2016-05-10,50.33000183105469,51.099998474121094,50.189998626708984,51.02000045776367,22891000,44.794925689697266
2016-05-11,51.130001068115234,51.779998779296875,51,51.04999923706055,24039100,44.821258544921875
2016-05-12,51.20000076293945,51.810001373291016,50.91999816894531,51.5099983215332,24102800,45.225135803222656
2016-05-13,51.439998626708984,51.900001525878906,51.040000915527344,51.08000183105469,22592300,44.84758758544922
2016-05-16,50.79999923706055,51.959999084472656,50.75,51.83000183105469,20032000,45.50609588623047
2016-05-17,51.720001220703125,51.72999954223633,50.36000061035156,50.5099983215332,27803500,44.657325744628906
2016-05-18,50.47999954223633,51.13999938964844,50.29999923706055,50.810001373291016,24907500,44.92255401611328
2016-05-19,50.470001220703125,50.619998931884766,49.81999969482422,50.31999969482422,23842400,44.489341735839844
2016-05-20,50.47999954223633,51.220001220703125,50.400001525878906,50.619998931884766,23905800,44.754581451416016
2016-05-23,50.599998474121094,50.68000030517578,49.97999954223633,50.029998779296875,26118700,44.232940673828125
2016-05-24,50.70000076293945,51.709999084472656,50.400001525878906,51.59000015258789,34757900,45.612186431884766
2016-05-25,51.91999816894531,52.4900016784668,51.790000915527344,52.119998931884766,24040200,46.08076858520508
2016-05-26,51.93000030517578,51.97999954223633,51.36000061035156,51.88999938964844,24335200,45.87742233276367
2016-05-27,51.91999816894531,52.31999969482422,51.77000045776367,52.31999969482422,17721400,46.257591247558594
2016-05-31,52.2599983215332,53,52.08000183105469,53,37653100,46.85880661010742
2016-06-01,52.439998626708984,52.95000076293945,52.439998626708984,52.849998474121094,25324800,46.7261848449707
2016-06-02,52.63999938964844,52.7400016784668,51.84000015258789,52.47999954223633,22840800,46.39906692504883
2016-06-03,52.380001068115234,52.41999816894531,51.599998474121094,51.790000915527344,23368300,45.788997650146484
2016-06-06,51.9900016784668,52.349998474121094,51.88999938964844,52.130001068115234,18243300,46.08962631225586
2016-06-07,52.2400016784668,52.72999954223633,52.099998474121094,52.099998474121094,20866800,46.06309509277344
2016-06-08,52.02000045776367,52.439998626708984,51.869998931884766,52.040000915527344,21149400,46.010040283203125
2016-06-09,52,52,51.4900016784668,51.619998931884766,20305700,45.638710021972656
2016-06-10,51.04999923706055,52.04999923706055,51.040000915527344,51.47999954223633,25833200,45.514930725097656
2016-06-13,49.58000183105469,50.720001220703125,49.060001373291016,50.13999938964844,83217800,44.33018493652344
2016-06-14,49.900001525878906,50.099998474121094,49.56999969482422,49.83000183105469,42577100,44.05613708496094
2016-06-15,49.779998779296875,50.119998931884766,49.689998626708984,49.689998626708984,33757600,43.93235397338867
2016-06-16,49.52000045776367,50.470001220703125,49.5099983215332,50.38999938964844,31188600,44.55125045776367
2016-06-17,50.40999984741211,50.43000030517578,49.81999969482422,50.130001068115234,45710500,44.32136535644531
2016-06-20,50.63999938964844,50.83000183105469,50.029998779296875,50.06999969482422,35607900,44.26830291748047
2016-06-21,50.20000076293945,51.43000030517578,50.15999984741211,51.189998626708984,34097800,45.25852966308594
2016-06-22,51.08000183105469,51.459999084472656,50.95000076293945,50.9900016784668,28816800,45.08170700073242
2016-06-23,51.279998779296875,52.060001373291016,51.150001525878906,51.90999984741211,29028800,45.895103454589844
2016-06-24,49.810001373291016,50.939998626708984,49.52000045776367,49.83000183105469,133503000,44.05613708496094
2016-06-27,49.099998474121094,49.150001525878906,48.040000915527344,48.43000030517578,50216300,42.818355560302734
2016-06-28,48.91999816894531,49.470001220703125,48.66999816894531,49.439998626708984,38140700,43.71131134033203
2016-06-29,49.90999984741211,50.720001220703125,49.79999923706055,50.540000915527344,31304000,44.6838493347168
2016-06-30,50.720001220703125,51.29999923706055,50.5,51.16999816894531,28527800,45.240848541259766
2016-07-01,51.130001068115234,51.720001220703125,51.06999969482422,51.15999984741211,21400400,45.232017517089844
2016-07-05,50.83000183105469,51.279998779296875,50.7400016784668,51.16999816894531,24806400,45.240848541259766
2016-07-06,50.779998779296875,51.540000915527344,50.38999938964844,51.380001068115234,28167500,45.426517486572266
2016-07-07,51.41999816894531,51.61000061035156,51.06999969482422,51.380001068115234,19585200,45.426517486572266
2016-07-08,51.72999954223633,52.36000061035156,51.54999923706055,52.29999923706055,28391000,46.23992156982422
2016-07-11,52.5,52.83000183105469,52.470001220703125,52.59000015258789,22269200,46.49631118774414
2016-07-12,52.939998626708984,53.400001525878906,52.790000915527344,53.209999084472656,27317600,47.04446792602539
2016-07-13,53.560001373291016,53.86000061035156,53.18000030517578,53.5099983215332,25356800,47.30971145629883
2016-07-14,53.84000015258789,53.9900016784668,53.58000183105469,53.7400016784668,24545500,47.513065338134766
2016-07-15,53.95000076293945,54,53.209999084472656,53.70000076293945,32024400,47.47768783569336
2016-07-18,53.70000076293945,54.34000015258789,53.54999923706055,53.959999084472656,31433900,47.70758056640625
2016-07-19,53.709999084472656,53.900001525878906,52.93000030517578,53.09000015258789,53336500,46.938392639160156
2016-07-20,56.150001525878906,56.84000015258789,55.529998779296875,55.90999984741211,89893300,49.431617736816406
2016-07-21,55.97999954223633,56.22999954223633,55.7599983215332,55.79999923706055,32776700,49.334373474121094
2016-07-22,56.08000183105469,56.630001068115234,55.779998779296875,56.56999969482422,32157200,50.01514434814453
2016-07-25,56.470001220703125,56.7400016784668,56.2599983215332,56.72999954223633,25610600,50.156585693359375
2016-07-26,56.52000045776367,57.290000915527344,56.5099983215332,56.7599983215332,28079000,50.1831169128418
2016-07-27,56.61000061035156,56.79999923706055,56.11000061035156,56.189998626708984,32327500,49.67918014526367
2016-07-28,56,56.369998931884766,55.720001220703125,56.209999084472656,37550400,49.69685745239258
2016-07-29,56.2599983215332,56.7599983215332,56.04999923706055,56.68000030517578,30558700,50.112388610839844
2016-08-01,56.599998474121094,56.75,56.13999938964844,56.58000183105469,26003400,50.023983001708984
2016-08-02,56.849998474121094,56.900001525878906,56.310001373291016,56.58000183105469,35122000,50.023983001708984
2016-08-03,56.68000030517578,57.11000061035156,56.4900016784668,56.970001220703125,22075600,50.36879348754883
2016-08-04,56.79999923706055,57.52000045776367,56.66999816894531,57.38999938964844,26587700,50.74013137817383
2016-08-05,57.650001525878906,58.209999084472656,57.45000076293945,57.959999084472656,29335200,51.24407958984375
2016-08-08,58.060001373291016,58.09000015258789,57.779998779296875,58.060001373291016,19473500,51.33249282836914
2016-08-09,58.16999816894531,58.5,58.02000045776367,58.20000076293945,16920700,51.45628356933594
2016-08-10,58.15999984741211,58.31999969482422,57.81999969482422,58.02000045776367,15756900,51.297122955322266
2016-08-11,58.029998779296875,58.45000076293945,58.029998779296875,58.29999923706055,18162300,51.54469299316406
2016-08-12,58.029998779296875,58.189998626708984,57.619998931884766,57.939998626708984,21655200,51.22639846801758
2016-08-15,58.0099983215332,58.5,57.959999084472656,58.119998931884766,19283900,51.385536193847656
2016-08-16,57.61000061035156,57.619998931884766,57.27000045776367,57.439998626708984,20523500,51.100860595703125
2016-08-17,57.540000915527344,57.68000030517578,57.22999954223633,57.560001373291016,18856400,51.20761489868164
2016-08-18,57.41999816894531,57.70000076293945,57.27000045776367,57.599998474121094,14214300,51.24319076538086
2016-08-19,57.43000030517578,57.72999954223633,57.20000076293945,57.619998931884766,17271000,51.26099395751953
2016-08-22,57.599998474121094,57.75,57.2599983215332,57.66999816894531,15221900,51.305477142333984
2016-08-23,57.900001525878906,58.18000030517578,57.849998474121094,57.88999938964844,18732400,51.50119400024414
2016-08-24,57.79999923706055,58.040000915527344,57.720001220703125,57.95000076293945,18151500,51.55458068847656
2016-08-25,57.880001068115234,58.290000915527344,57.779998779296875,58.16999816894531,18552600,51.75030517578125
2016-08-26,58.279998779296875,58.70000076293945,57.689998626708984,58.029998779296875,20971200,51.6257438659668
2016-08-29,58.18000030517578,58.599998474121094,58.099998474121094,58.099998474121094,16417200,51.688011169433594
2016-08-30,57.97999954223633,58.189998626708984,57.61000061035156,57.88999938964844,16930200,51.50119400024414
2016-08-31,57.650001525878906,57.79999923706055,57.29999923706055,57.459999084472656,20860300,51.118648529052734
2016-09-01,57.0099983215332,57.81999969482422,57.0099983215332,57.59000015258789,26075400,51.23430252075195
2016-09-02,57.66999816894531,58.189998626708984,57.41999816894531,57.66999816894531,18900500,51.305477142333984
2016-09-06,57.779998779296875,57.79999923706055,57.209999084472656,57.61000061035156,16278400,51.25209045410156
2016-09-07,57.470001220703125,57.84000015258789,57.40999984741211,57.65999984741211,17493400,51.29657745361328
2016-09-08,57.630001068115234,57.790000915527344,57.18000030517578,57.43000030517578,20146100,51.091957092285156
2016-09-09,56.790000915527344,57.52000045776367,56.209999084472656,56.209999084472656,35113900,50.006614685058594
2016-09-12,56,57.209999084472656,55.61000061035156,57.04999923706055,29303000,50.75389862060547
2016-09-13,56.5,56.650001525878906,56.04999923706055,56.529998779296875,30130200,50.29128646850586
2016-09-14,56.38999938964844,56.630001068115234,56.029998779296875,56.2599983215332,24062500,50.05107879638672
2016-09-15,56.150001525878906,57.349998474121094,55.97999954223633,57.189998626708984,26847000,50.878440856933594
2016-09-16,57.630001068115234,57.630001068115234,56.75,57.25,44607000,50.931819915771484
2016-09-19,57.27000045776367,57.75,56.849998474121094,56.93000030517578,20937100,50.647132873535156
2016-09-20,57.349998474121094,57.349998474121094,56.75,56.810001373291016,17384000,50.54039001464844
2016-09-21,57.5099983215332,57.849998474121094,57.08000183105469,57.7599983215332,33707300,51.38553237915039
2016-09-22,57.91999816894531,58,57.630001068115234,57.81999969482422,19822200,51.43891525268555
2016-09-23,57.869998931884766,57.90999984741211,57.380001068115234,57.43000030517578,19955300,51.091957092285156
2016-09-26,57.08000183105469,57.13999938964844,56.83000183105469,56.900001525878906,21688700,50.620452880859375
2016-09-27,56.93000030517578,58.060001373291016,56.68000030517578,57.95000076293945,28065100,51.55458068847656
2016-09-28,57.880001068115234,58.060001373291016,57.66999816894531,58.029998779296875,20536400,51.6257438659668
2016-09-29,57.810001373291016,58.16999816894531,57.209999084472656,57.400001525878906,25463500,51.06527328491211
2016-09-30,57.56999969482422,57.77000045776367,57.34000015258789,57.599998474121094,29910800,51.24319076538086
2016-10-03,57.40999984741211,57.54999923706055,57.060001373291016,57.41999816894531,19189500,51.08306884765625
2016-10-04,57.27000045776367,57.599998474121094,56.970001220703125,57.2400016784668,20085900,50.92292022705078
2016-10-05,57.290000915527344,57.959999084472656,57.2599983215332,57.63999938964844,16726400,51.27877426147461
2016-10-06,57.7400016784668,57.86000061035156,57.279998779296875,57.7400016784668,16212600,51.36775207519531
2016-10-07,57.849998474121094,57.97999954223633,57.41999816894531,57.79999923706055,20089000,51.42112731933594
2016-10-10,57.90999984741211,58.38999938964844,57.869998931884766,58.040000915527344,18196500,51.634639739990234
2016-10-11,57.88999938964844,58.02000045776367,56.88999938964844,57.189998626708984,26497400,50.878440856933594
2016-10-12,57.11000061035156,57.27000045776367,56.400001525878906,57.11000061035156,22177500,50.807281494140625
2016-10-13,56.70000076293945,57.29999923706055,56.31999969482422,56.91999816894531,25313700,50.638240814208984
2016-10-14,57.119998931884766,57.7400016784668,57.119998931884766,57.41999816894531,27402500,51.08306884765625
2016-10-17,57.36000061035156,57.459999084472656,56.869998931884766,57.220001220703125,23830000,50.90513229370117
2016-10-18,57.529998779296875,57.95000076293945,57.40999984741211,57.65999984741211,19149500,51.29657745361328
2016-10-19,57.470001220703125,57.84000015258789,57.400001525878906,57.529998779296875,22878400,51.18092727661133
2016-10-20,57.5,57.52000045776367,56.65999984741211,57.25,49455600,50.931819915771484
2016-10-21,60.279998779296875,60.45000076293945,59.4900016784668,59.65999984741211,80032200,53.07585525512695
2016-10-24,59.939998626708984,61,59.93000030517578,61,54067000,54.26796340942383
2016-10-25,60.849998474121094,61.369998931884766,60.79999923706055,60.9900016784668,35137200,54.25908279418945
2016-10-26,60.810001373291016,61.20000076293945,60.470001220703125,60.630001068115234,29911600,53.938804626464844
2016-10-27,60.61000061035156,60.83000183105469,60.09000015258789,60.099998474121094,28479900,53.467288970947266
2016-10-28,60.0099983215332,60.52000045776367,59.58000183105469,59.869998931884766,33574700,53.26267623901367
2016-10-31,60.15999984741211,60.41999816894531,59.91999816894531,59.91999816894531,26434700,53.307159423828125
2016-11-01,59.970001220703125,60.02000045776367,59.25,59.79999923706055,24533000,53.200408935546875
2016-11-02,59.81999969482422,59.93000030517578,59.29999923706055,59.43000030517578,22147000,52.87123489379883
2016-11-03,59.529998779296875,59.63999938964844,59.11000061035156,59.209999084472656,21600400,52.67552185058594
2016-11-04,58.650001525878906,59.279998779296875,58.52000045776367,58.709999084472656,28697000,52.23070526123047
2016-11-07,59.779998779296875,60.52000045776367,59.779998779296875,60.41999816894531,31664800,53.75198745727539
2016-11-08,60.54999923706055,60.779998779296875,60.150001525878906,60.470001220703125,22935400,53.796470642089844
2016-11-09,60,60.59000015258789,59.20000076293945,60.16999816894531,49632500,53.52956771850586
2016-11-10,60.47999954223633,60.4900016784668,57.630001068115234,58.70000076293945,57822400,52.221805572509766
2016-11-11,58.22999954223633,59.119998931884766,58.0099983215332,59.02000045776367,38767800,52.50647735595703
2016-11-14,59.02000045776367,59.08000183105469,57.279998779296875,58.119998931884766,41328400,51.705810546875
2016-11-15,58.33000183105469,59.4900016784668,58.31999969482422,58.869998931884766,35904100,52.72685241699219
2016-11-16,58.939998626708984,59.65999984741211,58.810001373291016,59.650001525878906,27332500,53.42546463012695
2016-11-17,60.40999984741211,60.95000076293945,59.970001220703125,60.63999938964844,32132700,54.3121337890625
2016-11-18,60.779998779296875,61.13999938964844,60.29999923706055,60.349998474121094,27686300,54.05242156982422
2016-11-21,60.5,60.970001220703125,60.41999816894531,60.86000061035156,19652600,54.509193420410156
2016-11-22,60.97999954223633,61.2599983215332,60.810001373291016,61.119998931884766,23206700,54.742061614990234
2016-11-23,61.0099983215332,61.099998474121094,60.25,60.400001525878906,21848900,54.09720230102539
2016-11-25,60.29999923706055,60.529998779296875,60.130001068115234,60.529998779296875,8409600,54.213619232177734
2016-11-28,60.34000015258789,61.02000045776367,60.209999084472656,60.61000061035156,20732600,54.285282135009766
2016-11-29,60.650001525878906,61.40999984741211,60.52000045776367,61.09000015258789,22366700,54.71519088745117
2016-11-30,60.86000061035156,61.18000030517578,60.220001220703125,60.2599983215332,34655400,53.971797943115234
2016-12-01,60.11000061035156,60.150001525878906,58.939998626708984,59.20000076293945,34542100,53.022422790527344
2016-12-02,59.08000183105469,59.470001220703125,58.79999923706055,59.25,25515700,53.06719207763672
2016-12-05,59.70000076293945,60.59000015258789,59.560001373291016,60.220001220703125,23552700,53.935970306396484
2016-12-06,60.43000030517578,60.459999084472656,59.79999923706055,59.95000076293945,19907000,53.69416427612305
2016-12-07,60.0099983215332,61.380001068115234,59.79999923706055,61.369998931884766,30809000,54.965980529785156
2016-12-08,61.29999923706055,61.58000183105469,60.84000015258789,61.0099983215332,21220800,54.64353942871094
2016-12-09,61.18000030517578,61.9900016784668,61.130001068115234,61.970001220703125,27349400,55.503353118896484
2016-12-12,61.81999969482422,62.29999923706055,61.720001220703125,62.16999816894531,20198100,55.68247985839844
2016-12-13,62.5,63.41999816894531,62.2400016784668,62.97999954223633,35718900,56.40798568725586
2016-12-14,63,63.45000076293945,62.529998779296875,62.68000030517578,30352700,56.1392707824707
2016-12-15,62.70000076293945,63.150001525878906,62.29999923706055,62.58000183105469,27669900,56.049713134765625
2016-12-16,62.95000076293945,62.95000076293945,62.119998931884766,62.29999923706055,42453100,55.798927307128906
2016-12-19,62.560001373291016,63.77000045776367,62.41999816894531,63.619998931884766,34338200,56.98118591308594
2016-12-20,63.689998626708984,63.79999923706055,63.029998779296875,63.540000915527344,26028400,56.90952682495117
2016-12-21,63.43000030517578,63.70000076293945,63.119998931884766,63.540000915527344,17096300,56.90952682495117
2016-12-22,63.84000015258789,64.0999984741211,63.40999984741211,63.54999923706055,22176600,56.918495178222656
2016-12-23,63.45000076293945,63.540000915527344,62.79999923706055,63.2400016784668,12403800,56.64084243774414
2016-12-27,63.209999084472656,64.06999969482422,63.209999084472656,63.279998779296875,11763200,56.67665100097656
2016-12-28,63.400001525878906,63.400001525878906,62.83000183105469,62.9900016784668,14653300,56.416927337646484
2016-12-29,62.86000061035156,63.20000076293945,62.72999954223633,62.900001525878906,10250600,56.33632278442383
2016-12-30,62.959999084472656,62.9900016784668,62.029998779296875,62.13999938964844,25579900,55.65562057495117
2017-01-03,62.790000915527344,62.84000015258789,62.130001068115234,62.58000183105469,20694100,56.049713134765625
2017-01-04,62.47999954223633,62.75,62.119998931884766,62.29999923706055,21340000,55.798927307128906
2017-01-05,62.189998626708984,62.65999984741211,62.029998779296875,62.29999923706055,24876000,55.798927307128906
2017-01-06,62.29999923706055,63.150001525878906,62.040000915527344,62.84000015258789,19922900,56.28257369995117
2017-01-09,62.7599983215332,63.08000183105469,62.540000915527344,62.63999938964844,20382700,56.10344696044922
2017-01-10,62.72999954223633,63.06999969482422,62.279998779296875,62.619998931884766,18593000,56.08552932739258
2017-01-11,62.61000061035156,63.22999954223633,62.43000030517578,63.189998626708984,21517300,56.59605407714844
2017-01-12,63.060001373291016,63.400001525878906,61.95000076293945,62.61000061035156,20968200,56.07658004760742
2017-01-13,62.619998931884766,62.869998931884766,62.349998474121094,62.70000076293945,19422300,56.157188415527344
2017-01-17,62.68000030517578,62.70000076293945,62.029998779296875,62.529998779296875,20664000,56.00492858886719
2017-01-18,62.66999816894531,62.70000076293945,62.119998931884766,62.5,19670100,55.978050231933594
2017-01-19,62.2400016784668,62.97999954223633,62.20000076293945,62.29999923706055,18451700,55.798927307128906
2017-01-20,62.66999816894531,62.81999969482422,62.369998931884766,62.7400016784668,30213500,56.1930046081543
2017-01-23,62.70000076293945,63.119998931884766,62.56999969482422,62.959999084472656,23097600,56.39004898071289
2017-01-24,63.20000076293945,63.7400016784668,62.939998626708984,63.52000045776367,24672900,56.891624450683594
2017-01-25,63.95000076293945,64.0999984741211,63.45000076293945,63.68000030517578,23672700,57.03491973876953
2017-01-26,64.12000274658203,64.54000091552734,63.54999923706055,64.2699966430664,43554600,57.5633544921875
2017-01-27,65.38999938964844,65.910003662109375,64.88999938964844,65.779998779296875,44818000,58.915794372558594
2017-01-30,65.69000244140625,65.79000091552734,64.80000305175781,65.12999725341797,31651400,58.33361053466797
2017-01-31,64.86000061035156,65.1500015258789,64.26000213623047,64.6500015258789,25270500,57.903717041015625
2017-02-01,64.36000061035156,64.62000274658203,63.470001220703125,63.58000183105469,39671500,56.94535827636719
2017-02-02,63.25,63.40999984741211,62.75,63.16999816894531,45827000,56.578121185302734
2017-02-03,63.5,63.70000076293945,63.06999969482422,63.68000030517578,30301800,57.03491973876953
2017-02-06,63.5,63.650001525878906,63.13999938964844,63.63999938964844,19796400,56.999088287353516
2017-02-07,63.7400016784668,63.779998779296875,63.22999954223633,63.43000030517578,20277200,56.811012268066406
2017-02-08,63.56999969482422,63.810001373291016,63.220001220703125,63.34000015258789,18096400,56.73040008544922
2017-02-09,63.52000045776367,64.44000244140625,63.31999969482422,64.05999755859375,22644400,57.375274658203125
2017-02-10,64.25,64.30000305175781,63.97999954223633,64,18170700,57.32151794433594
2017-02-13,64.23999786376953,64.86000061035156,64.12999725341797,64.720001220703125,22920100,57.966400146484375
2017-02-14,64.410003662109375,64.720001220703125,64.0199966430664,64.56999969482422,23108400,58.18265151977539
2017-02-15,64.5,64.56999969482422,64.160003662109375,64.529998779296875,17005200,58.146610260009766
2017-02-16,64.73999786376953,65.23999786376953,64.44000244140625,64.5199966430664,20546300,58.13759231567383
2017-02-17,64.470001220703125,64.69000244140625,64.30000305175781,64.62000274658203,21248800,58.22770690917969
2017-02-21,64.61000061035156,64.94999694824219,64.44999694824219,64.48999786376953,20655900,58.11056900024414
2017-02-22,64.33000183105469,64.38999938964844,64.05000305175781,64.36000061035156,19292700,57.993431091308594
2017-02-23,64.41999816894531,64.7300033569336,64.19000244140625,64.62000274658203,20273100,58.22770690917969
2017-02-24,64.529998779296875,64.80000305175781,64.13999938964844,64.62000274658203,21796800,58.22770690917969
2017-02-27,64.54000091552734,64.54000091552734,64.05000305175781,64.2300033569336,15871500,57.87629318237305
2017-02-28,64.08000183105469,64.19999694824219,63.7599983215332,63.97999954223633,23239800,57.6510124206543
2017-03-01,64.12999725341797,64.98999786376953,64.0199966430664,64.94000244140625,26937500,58.51605987548828
2017-03-02,64.69000244140625,64.75,63.880001068115234,64.01000213623047,24539600,57.67805099487305
2017-03-03,63.9900016784668,64.279998779296875,63.619998931884766,64.25,18135900,57.894309997558594
2017-03-06,63.970001220703125,64.55999755859375,63.810001373291016,64.2699966430664,18750300,57.91233444213867
2017-03-07,64.19000244140625,64.779998779296875,64.19000244140625,64.4000015258789,18521000,58.02946853637695
2017-03-08,64.26000213623047,65.08000183105469,64.25,64.98999786376953,21510900,58.56111526489258
2017-03-09,65.19000244140625,65.19999694824219,64.4800033569336,64.7300033569336,19846800,58.32682800292969
2017-03-10,65.11000061035156,65.26000213623047,64.75,64.93000030517578,19538200,58.50703811645508
2017-03-13,65.01000213623047,65.19000244140625,64.56999969482422,64.70999908447266,20100000,58.308807373046875
2017-03-14,64.529998779296875,64.55000305175781,64.1500015258789,64.410003662109375,14280200,58.038482666015625
2017-03-15,64.55000305175781,64.91999816894531,64.25,64.75,24833800,58.34485626220703
2017-03-16,64.75,64.76000213623047,64.30000305175781,64.63999938964844,20674300,58.24573516845703
2017-03-17,64.910003662109375,65.23999786376953,64.68000030517578,64.87000274658203,49219700,58.452980041503906
2017-03-20,64.910003662109375,65.18000030517578,64.720001220703125,64.93000030517578,14598100,58.50703811645508
2017-03-21,65.19000244140625,65.5,64.12999725341797,64.20999908447266,26640500,57.8582649230957
2017-03-22,64.12000274658203,65.13999938964844,64.12000274658203,65.029998779296875,20680000,58.59714889526367
2017-03-23,64.94000244140625,65.23999786376953,64.7699966430664,64.87000274658203,19269200,58.452980041503906
2017-03-24,65.36000061035156,65.44999694824219,64.76000213623047,64.9800033569336,22617100,58.55210876464844
2017-03-27,64.62999725341797,65.220001220703125,64.3499984741211,65.0999984741211,18614700,58.660240173339844
2017-03-28,64.95999908447266,65.470001220703125,64.6500015258789,65.29000091552734,20080400,58.83143615722656
2017-03-29,65.12000274658203,65.5,64.94999694824219,65.470001220703125,13618400,58.99362564086914
2017-03-30,65.41999816894531,65.9800033569336,65.36000061035156,65.70999908447266,15122800,59.209869384765625
2017-03-31,65.6500015258789,66.19000244140625,65.44999694824219,65.86000061035156,21040300,59.345035552978516
2017-04-03,65.80999755859375,65.94000244140625,65.19000244140625,65.55000305175781,20400900,59.06571578979492
2017-04-04,65.38999938964844,65.80999755859375,65.279998779296875,65.7300033569336,12997400,59.227909088134766
2017-04-05,66.30000305175781,66.3499984741211,65.44000244140625,65.55999755859375,21448600,59.0747184753418
2017-04-06,65.5999984741211,66.05999755859375,65.4800033569336,65.7300033569336,18103500,59.227909088134766
2017-04-07,65.8499984741211,65.95999908447266,65.44000244140625,65.68000030517578,14108500,59.18285369873047
2017-04-10,65.61000061035156,65.81999969482422,65.36000061035156,65.529998779296875,17952700,59.04768371582031
2017-04-11,65.5999984741211,65.61000061035156,64.8499984741211,65.4800033569336,18791500,59.00263214111328
2017-04-12,65.41999816894531,65.51000213623047,65.11000061035156,65.2300033569336,17108500,58.777374267578125
2017-04-13,65.29000091552734,65.86000061035156,64.94999694824219,64.94999694824219,17896500,58.52507019042969
2017-04-17,65.04000091552734,65.48999786376953,65.01000213623047,65.4800033569336,16689300,59.00263214111328
2017-04-18,65.33000183105469,65.70999908447266,65.160003662109375,65.38999938964844,15155600,58.921539306640625
2017-04-19,65.6500015258789,65.75,64.88999938964844,65.04000091552734,26992800,58.60615921020508
2017-04-20,65.45999908447266,65.75,65.13999938964844,65.5,22299500,59.02067565917969
2017-04-21,65.66999816894531,66.69999694824219,65.44999694824219,66.4000015258789,32522600,59.83161163330078
2017-04-24,67.4800033569336,67.660003662109375,67.0999984741211,67.529998779296875,29770000,60.84986114501953
2017-04-25,67.9000015258789,68.04000091552734,67.5999984741211,67.91999816894531,30242700,61.20127487182617
2017-04-26,68.08000183105469,68.30999755859375,67.62000274658203,67.83000183105469,26190800,61.12017059326172
2017-04-27,68.1500015258789,68.37999725341797,67.58000183105469,68.2699966430664,34971000,61.51664733886719
2017-04-28,68.910003662109375,69.13999938964844,67.69000244140625,68.45999908447266,39548800,61.68785095214844
2017-05-01,68.68000030517578,69.55000305175781,68.5,69.410003662109375,31954400,62.543888092041016
2017-05-02,69.70999908447266,69.70999908447266,69.12999725341797,69.30000305175781,23906100,62.44475173950195
2017-05-03,69.37999725341797,69.37999725341797,68.70999908447266,69.08000183105469,28928000,62.246517181396484
2017-05-04,69.029998779296875,69.08000183105469,68.63999938964844,68.80999755859375,21749400,62.00323486328125
2017-05-05,68.9000015258789,69.029998779296875,68.48999786376953,69,19128800,62.1744384765625
2017-05-08,68.970001220703125,69.05000305175781,68.41999816894531,68.94000244140625,18566100,62.120361328125
2017-05-09,68.86000061035156,69.279998779296875,68.68000030517578,69.04000091552734,22858400,62.210487365722656
2017-05-10,68.98999786376953,69.55999755859375,68.91999816894531,69.30999755859375,17977800,62.45375061035156
2017-05-11,68.36000061035156,68.7300033569336,68.12000274658203,68.45999908447266,28789400,61.68785095214844
2017-05-12,68.61000061035156,68.61000061035156,68.04000091552734,68.37999725341797,18714100,61.61574935913086
2017-05-15,68.13999938964844,68.4800033569336,67.56999969482422,68.43000030517578,31530300,61.66082000732422
2017-05-16,68.2300033569336,69.44000244140625,68.160003662109375,69.410003662109375,34956000,62.90237808227539
2017-05-17,68.88999938964844,69.0999984741211,67.43000030517578,67.4800033569336,30548800,61.1533203125
2017-05-18,67.4000015258789,68.12999725341797,67.13999938964844,67.70999908447266,25201300,61.361785888671875
2017-05-19,67.5,68.0999984741211,67.43000030517578,67.69000244140625,26961100,61.3436393737793
2017-05-22,67.88999938964844,68.5,67.5,68.44999694824219,16237600,62.03239059448242
2017-05-23,68.720001220703125,68.75,68.37999725341797,68.68000030517578,15425800,62.240840911865234
2017-05-24,68.87000274658203,68.87999725341797,68.44999694824219,68.7699966430664,14593900,62.32238006591797
2017-05-25,68.970001220703125,69.87999725341797,68.910003662109375,69.62000274658203,21854100,63.092674255371094
2017-05-26,69.80000305175781,70.220001220703125,69.5199966430664,69.95999908447266,19827900,63.40079879760742
2017-05-30,69.79000091552734,70.410003662109375,69.7699966430664,70.410003662109375,17072800,63.80862808227539
2017-05-31,70.529998779296875,70.73999786376953,69.80999755859375,69.839996337890625,30436400,63.29204177856445
2017-06-01,70.23999786376953,70.61000061035156,69.44999694824219,70.0999984741211,21603600,63.52768325805664
2017-06-02,70.44000244140625,71.86000061035156,70.23999786376953,71.76000213623047,34770300,65.03202056884766
2017-06-05,71.970001220703125,72.88999938964844,71.80999755859375,72.279998779296875,33316800,65.50328826904297
2017-06-06,72.30000305175781,72.62000274658203,72.2699966430664,72.5199966430664,31511100,65.72077941894531
2017-06-07,72.63999938964844,72.7699966430664,71.94999694824219,72.38999938964844,22301800,65.60298156738281
2017-06-08,72.51000213623047,72.5199966430664,71.5,71.94999694824219,24588300,65.2042236328125
2017-06-09,72.04000091552734,72.08000183105469,68.589996337890625,70.31999969482422,49187400,63.727073669433594
2017-06-12,69.25,69.94000244140625,68.12999725341797,69.779998779296875,47761700,63.2376823425293
2017-06-13,70.0199966430664,70.81999969482422,69.95999908447266,70.6500015258789,25258600,64.026123046875
2017-06-14,70.910003662109375,71.0999984741211,69.43000030517578,70.2699966430664,25510700,63.68174362182617
2017-06-15,69.2699966430664,70.20999908447266,68.80000305175781,69.9000015258789,26068700,63.346439361572266
2017-06-16,69.7300033569336,70.029998779296875,69.220001220703125,70,48345100,63.437068939208984
2017-06-19,70.5,70.94000244140625,70.3499984741211,70.87000274658203,23798300,64.2254867553711
2017-06-20,70.81999969482422,70.87000274658203,69.87000274658203,69.910003662109375,21512200,63.355491638183594
2017-06-21,70.20999908447266,70.62000274658203,69.94000244140625,70.2699966430664,19891100,63.68174362182617
2017-06-22,70.54000091552734,70.589996337890625,69.70999908447266,70.26000213623047,22965700,63.672672271728516
2017-06-23,70.089996337890625,71.25,69.91999816894531,71.20999908447266,27617300,64.533599853515625
2017-06-26,71.4000015258789,71.70999908447266,70.44000244140625,70.529998779296875,19607000,63.91736602783203
2017-06-27,70.11000061035156,70.18000030517578,69.18000030517578,69.20999908447266,25215100,62.72111892700195
2017-06-28,69.20999908447266,69.839996337890625,68.79000091552734,69.80000305175781,25806200,63.25581741333008
2017-06-29,69.37999725341797,69.48999786376953,68.089996337890625,68.48999786376953,28918700,62.06862258911133
2017-06-30,68.779998779296875,69.37999725341797,68.73999786376953,68.93000030517578,24161100,62.467376708984375
2017-07-03,69.33000183105469,69.5999984741211,68.0199966430664,68.16999816894531,16165500,61.77863693237305
2017-07-05,68.26000213623047,69.44000244140625,68.220001220703125,69.08000183105469,21176300,62.60331344604492
2017-07-06,68.2699966430664,68.779998779296875,68.12000274658203,68.56999969482422,21117600,62.14112854003906
2017-07-07,68.69999694824219,69.839996337890625,68.69999694824219,69.45999908447266,16878300,62.94769287109375
2017-07-10,69.45999908447266,70.25,69.19999694824219,69.9800033569336,15014500,63.41896057128906
2017-07-11,70,70.68000030517578,69.75,69.98999786376953,17460000,63.428001403808594
2017-07-12,70.69000244140625,71.279998779296875,70.55000305175781,71.1500015258789,17750900,64.479248046875
2017-07-13,71.5,72.04000091552734,71.30999755859375,71.7699966430664,20269800,65.04109191894531
2017-07-14,72.23999786376953,73.2699966430664,71.95999908447266,72.779998779296875,25868100,65.9564208984375
2017-07-17,72.80000305175781,73.44999694824219,72.720001220703125,73.3499984741211,21803900,66.472991943359375
2017-07-18,73.089996337890625,73.38999938964844,72.660003662109375,73.30000305175781,26435300,66.42769622802734
2017-07-19,73.5,74.04000091552734,73.44999694824219,73.86000061035156,22416200,66.93516540527344
2017-07-20,74.18000030517578,74.30000305175781,73.279998779296875,74.220001220703125,42361000,67.26140594482422
2017-07-21,73.44999694824219,74.29000091552734,73.16999816894531,73.79000091552734,46717100,66.87174224853516
2017-07-24,73.529998779296875,73.75,73.12999725341797,73.5999984741211,21394800,66.69953155517578
2017-07-25,73.80000305175781,74.30999755859375,73.5,74.19000244140625,22018700,67.23419189453125
2017-07-26,74.339996337890625,74.37999725341797,73.80999755859375,74.05000305175781,16252200,67.10736846923828
2017-07-27,73.76000213623047,74.41999816894531,72.31999969482422,73.160003662109375,36844200,66.30078125
2017-07-28,72.66999816894531,73.30999755859375,72.54000091552734,73.04000091552734,18306700,66.19205474853516
2017-07-31,73.30000305175781,73.44000244140625,72.410003662109375,72.69999694824219,23600100,65.8839340209961
2017-08-01,73.0999984741211,73.41999816894531,72.48999786376953,72.58000183105469,22132300,65.775146484375
2017-08-02,72.55000305175781,72.55999755859375,71.44000244140625,72.26000213623047,26499200,65.48514556884766
2017-08-03,72.19000244140625,72.44000244140625,71.8499984741211,72.1500015258789,18214400,65.3854751586914
2017-08-04,72.4000015258789,73.04000091552734,72.23999786376953,72.68000030517578,22579000,65.86579132080078
2017-08-07,72.80000305175781,72.9000015258789,72.26000213623047,72.4000015258789,18705700,65.6120376586914
2017-08-08,72.089996337890625,73.12999725341797,71.75,72.79000091552734,22044600,65.96546936035156
2017-08-09,72.25,72.51000213623047,72.05000305175781,72.470001220703125,22213400,65.67549896240234
2017-08-10,71.9000015258789,72.19000244140625,71.3499984741211,71.410003662109375,24734500,64.71489715576172
2017-08-11,71.61000061035156,72.69999694824219,71.279998779296875,72.5,21443700,65.70268249511719
2017-08-14,73.05999755859375,73.720001220703125,72.94999694824219,73.589996337890625,20096600,66.69046783447266
2017-08-15,73.589996337890625,73.589996337890625,73.04000091552734,73.220001220703125,19181400,66.708709716796875
2017-08-16,73.339996337890625,74.0999984741211,73.16999816894531,73.6500015258789,18150400,67.10047149658203
2017-08-17,73.58000183105469,73.87000274658203,72.4000015258789,72.4000015258789,22977500,65.96162414550781
2017-08-18,72.2699966430664,72.839996337890625,71.93000030517578,72.48999786376953,18761500,66.04361724853516
2017-08-21,72.470001220703125,72.4800033569336,71.69999694824219,72.1500015258789,17734800,65.73384094238281
2017-08-22,72.3499984741211,73.23999786376953,72.3499984741211,73.160003662109375,14343700,66.65401458740234
2017-08-23,72.95999908447266,73.1500015258789,72.529998779296875,72.720001220703125,13766500,66.25318145751953
2017-08-24,72.73999786376953,72.86000061035156,72.06999969482422,72.69000244140625,17098300,66.22582244873047
2017-08-25,72.86000061035156,73.3499984741211,72.4800033569336,72.81999969482422,12794300,66.34424591064453
2017-08-28,73.05999755859375,73.089996337890625,72.55000305175781,72.83000183105469,14569700,66.35338592529297
2017-08-29,72.25,73.160003662109375,72.05000305175781,73.05000305175781,11478400,66.55384063720703
2017-08-30,73.01000213623047,74.20999908447266,72.83000183105469,74.01000213623047,16897800,67.42842864990234
2017-08-31,74.029998779296875,74.95999908447266,73.80000305175781,74.7699966430664,27652800,68.12085723876953
2017-09-01,74.70999908447266,74.73999786376953,73.63999938964844,73.94000244140625,21736200,67.36469268798828
2017-09-05,73.339996337890625,73.88999938964844,72.9800033569336,73.61000061035156,21556000,67.0639877319336
2017-09-06,73.73999786376953,74.04000091552734,73.3499984741211,73.4000015258789,16535800,66.8727035522461
2017-09-07,73.68000030517578,74.5999984741211,73.5999984741211,74.339996337890625,17471200,67.7291030883789
2017-09-08,74.33000183105469,74.44000244140625,73.839996337890625,73.9800033569336,14703800,67.40111541748047
2017-09-11,74.30999755859375,74.94000244140625,74.30999755859375,74.76000213623047,17910400,68.11174011230469
2017-09-12,74.76000213623047,75.23999786376953,74.37000274658203,74.68000030517578,14394900,68.03883361816406
2017-09-13,74.93000030517578,75.2300033569336,74.55000305175781,75.20999908447266,13380800,68.52172088623047
2017-09-14,75,75.48999786376953,74.5199966430664,74.7699966430664,15733900,68.12085723876953
2017-09-15,74.83000183105469,75.38999938964844,74.06999969482422,75.30999755859375,38578400,68.612823486328125
2017-09-18,75.2300033569336,75.970001220703125,75.04000091552734,75.160003662109375,23307000,68.47618865966797
2017-09-19,75.20999908447266,75.70999908447266,75.01000213623047,75.44000244140625,16093300,68.73126983642578
2017-09-20,75.3499984741211,75.55000305175781,74.30999755859375,74.94000244140625,21587900,68.27574157714844
2017-09-21,75.11000061035156,75.23999786376953,74.11000061035156,74.20999908447266,19186100,67.61066436767578
2017-09-22,73.98999786376953,74.51000213623047,73.8499984741211,74.410003662109375,14111400,67.7928695678711
2017-09-25,74.089996337890625,74.25,72.91999816894531,73.26000213623047,24149200,66.74515533447266
2017-09-26,73.66999816894531,73.80999755859375,72.98999786376953,73.26000213623047,18019600,66.74515533447266
2017-09-27,73.55000305175781,74.16999816894531,73.16999816894531,73.8499984741211,19565100,67.28267669677734
2017-09-28,73.54000091552734,73.970001220703125,73.30999755859375,73.87000274658203,10883800,67.30089569091797
2017-09-29,73.94000244140625,74.54000091552734,73.87999725341797,74.48999786376953,17079100,67.8657455444336
2017-10-02,74.70999908447266,75.01000213623047,74.30000305175781,74.61000061035156,15304800,67.97508239746094
2017-10-03,74.66999816894531,74.87999725341797,74.19000244140625,74.26000213623047,12190400,67.656219482421875
2017-10-04,74.089996337890625,74.720001220703125,73.70999908447266,74.69000244140625,13317700,68.04798126220703
2017-10-05,75.220001220703125,76.12000274658203,74.95999908447266,75.970001220703125,21195300,69.21414947509766
2017-10-06,75.66999816894531,76.029998779296875,75.54000091552734,76,13959800,69.24146270751953
2017-10-09,75.970001220703125,76.55000305175781,75.86000061035156,76.29000091552734,11386500,69.50568389892578
2017-10-10,76.33000183105469,76.62999725341797,76.13999938964844,76.29000091552734,13944500,69.50568389892578
2017-10-11,76.36000061035156,76.45999908447266,75.94999694824219,76.41999816894531,15388900,69.62413024902344
2017-10-12,76.48999786376953,77.29000091552734,76.37000274658203,77.12000274658203,16876500,70.26189422607422
2017-10-13,77.589996337890625,77.87000274658203,77.29000091552734,77.48999786376953,15335700,70.598968505859375
2017-10-16,77.41999816894531,77.80999755859375,77.3499984741211,77.6500015258789,12380100,70.74476623535156
2017-10-17,77.470001220703125,77.62000274658203,77.25,77.589996337890625,16824000,70.69007110595703
2017-10-18,77.66999816894531,77.8499984741211,77.37000274658203,77.61000061035156,13300700,70.70832061767578
2017-10-19,77.56999969482422,77.93000030517578,77.3499984741211,77.910003662109375,15092800,70.98164367675781
2017-10-20,78.31999969482422,78.970001220703125,78.220001220703125,78.80999755859375,22866400,71.80157470703125
2017-10-23,78.98999786376953,79.339996337890625,78.76000213623047,78.83000183105469,20627200,71.81983947753906
2017-10-24,78.9000015258789,79.19999694824219,78.45999908447266,78.86000061035156,17517200,71.847137451171875
2017-10-25,78.58000183105469,79.0999984741211,78.01000213623047,78.62999725341797,20410800,71.6375961303711
2017-10-26,79.19999694824219,79.41999816894531,78.75,78.76000213623047,32120700,71.75603485107422
2017-10-27,84.37000274658203,86.19999694824219,83.61000061035156,83.80999755859375,71066700,76.35697174072266
2017-10-30,83.69999694824219,84.33000183105469,83.11000061035156,83.88999938964844,31756700,76.4298324584961
2017-10-31,84.36000061035156,84.36000061035156,83.11000061035156,83.18000030517578,27086600,75.78297424316406
2017-11-01,83.68000030517578,83.76000213623047,82.87999725341797,83.18000030517578,22307400,75.78297424316406
2017-11-02,83.3499984741211,84.45999908447266,83.12000274658203,84.05000305175781,23992900,76.57559967041016
2017-11-03,84.08000183105469,84.54000091552734,83.4000015258789,84.13999938964844,17633500,76.657623291015625
2017-11-06,84.19999694824219,84.69999694824219,84.08000183105469,84.470001220703125,19860900,76.95826721191406
2017-11-07,84.7699966430664,84.9000015258789,83.93000030517578,84.2699966430664,17939700,76.7760238647461
2017-11-08,84.13999938964844,84.61000061035156,83.83000183105469,84.55999755859375,18034200,77.04027557373047
2017-11-09,84.11000061035156,84.2699966430664,82.9000015258789,84.089996337890625,21178400,76.61202239990234
2017-11-10,83.79000091552734,84.0999984741211,83.2300033569336,83.87000274658203,19397800,76.41163635253906
2017-11-13,83.660003662109375,83.94000244140625,83.45999908447266,83.93000030517578,14196900,76.4662857055664
2017-11-14,83.5,84.0999984741211,82.9800033569336,84.05000305175781,18801300,76.57559967041016
2017-11-15,83.470001220703125,83.69000244140625,82.69000244140625,82.9800033569336,19383100,75.98042297363281
2017-11-16,83.0999984741211,83.41999816894531,82.94000244140625,83.19999694824219,20962800,76.18186950683594
2017-11-17,83.12000274658203,83.12000274658203,82.23999786376953,82.4000015258789,22079000,75.449371337890625
2017-11-20,82.4000015258789,82.589996337890625,82.25,82.529998779296875,16315000,75.568389892578125
2017-11-21,82.73999786376953,83.839996337890625,82.73999786376953,83.720001220703125,21237500,76.65802764892578
2017-11-22,83.83000183105469,83.9000015258789,83.04000091552734,83.11000061035156,20553100,76.09947967529297
2017-11-24,83.01000213623047,83.43000030517578,82.779998779296875,83.26000213623047,7425600,76.23681640625
2017-11-27,83.30999755859375,83.9800033569336,83.30000305175781,83.87000274658203,18265200,76.79534912109375
2017-11-28,84.06999969482422,85.05999755859375,84.0199966430664,84.87999725341797,21926000,77.72016906738281
2017-11-29,84.70999908447266,84.91999816894531,83.18000030517578,83.339996337890625,27381100,76.31005096435547
2017-11-30,83.51000213623047,84.5199966430664,83.339996337890625,84.16999816894531,33054600,77.07005310058594
2017-12-01,83.5999984741211,84.80999755859375,83.220001220703125,84.26000213623047,29532100,77.1524658203125
2017-12-04,84.41999816894531,84.43000030517578,80.69999694824219,81.08000183105469,39094900,74.24070739746094
2017-12-05,81.339996337890625,82.68000030517578,80.9800033569336,81.589996337890625,26152300,74.7076644897461
2017-12-06,81.55000305175781,83.13999938964844,81.43000030517578,82.779998779296875,26162100,75.797332763671875
2017-12-07,82.54000091552734,82.80000305175781,82,82.48999786376953,23184500,75.531768798828125
2017-12-08,83.62999725341797,84.58000183105469,83.33000183105469,84.160003662109375,24489100,77.060882568359375
2017-12-11,84.29000091552734,85.37000274658203,84.12000274658203,85.2300033569336,22857900,78.0406494140625
2017-12-12,85.30999755859375,86.05000305175781,85.08000183105469,85.58000183105469,23924100,78.3611068725586
2017-12-13,85.73999786376953,86,85.16999816894531,85.3499984741211,22062700,78.15052032470703
2017-12-14,85.43000030517578,85.87000274658203,84.529998779296875,84.69000244140625,19306000,77.54618835449219
2017-12-15,85.26000213623047,87.089996337890625,84.87999725341797,86.8499984741211,53936700,79.52397918701172
2017-12-18,87.12000274658203,87.5,86.2300033569336,86.37999725341797,22283800,79.09363555908203
2017-12-19,86.3499984741211,86.3499984741211,85.2699966430664,85.83000183105469,23524800,78.59004211425781
2017-12-20,86.19999694824219,86.30000305175781,84.70999908447266,85.5199966430664,23674900,78.3061752319336
2017-12-21,86.05000305175781,86.0999984741211,85.4000015258789,85.5,17990700,78.2878646850586
2017-12-22,85.4000015258789,85.62999725341797,84.91999816894531,85.51000213623047,14145800,78.2970199584961
2017-12-26,85.30999755859375,85.529998779296875,85.029998779296875,85.4000015258789,9891200,78.1963119506836
2017-12-27,85.6500015258789,85.9800033569336,85.220001220703125,85.70999908447266,14678000,78.480133056640625
2017-12-28,85.9000015258789,85.93000030517578,85.55000305175781,85.720001220703125,10594300,78.48930358886719
2017-12-29,85.62999725341797,86.05000305175781,85.5,85.54000091552734,18717400,78.32447052001953
2018-01-02,86.12999725341797,86.30999755859375,85.5,85.94999694824219,22483800,78.69989776611328
2018-01-03,86.05999755859375,86.51000213623047,85.970001220703125,86.3499984741211,26061400,79.066162109375
2018-01-04,86.589996337890625,87.660003662109375,86.56999969482422,87.11000061035156,21912000,79.76207733154297
2018-01-05,87.660003662109375,88.410003662109375,87.43000030517578,88.19000244140625,23407100,80.75096893310547
2018-01-08,88.19999694824219,88.58000183105469,87.5999984741211,88.279998779296875,22113000,80.83333587646484
2018-01-09,88.6500015258789,88.7300033569336,87.86000061035156,88.220001220703125,19484300,80.7784194946289
2018-01-10,87.86000061035156,88.19000244140625,87.410003662109375,87.81999969482422,18652200,80.412139892578125
2018-01-11,88.12999725341797,88.12999725341797,87.23999786376953,88.08000183105469,17808900,80.65025329589844
2018-01-12,88.66999816894531,89.779998779296875,88.44999694824219,89.5999984741211,24271500,82.04203796386719
2018-01-16,90.0999984741211,90.79000091552734,88.01000213623047,88.3499984741211,36599700,80.89745330810547
2018-01-17,89.08000183105469,90.279998779296875,88.75,90.13999938964844,25621200,82.536468505859375
2018-01-18,89.80000305175781,90.66999816894531,89.660003662109375,90.0999984741211,24159700,82.49983978271484
2018-01-19,90.13999938964844,90.61000061035156,89.660003662109375,90,36875000,82.40827178955078
2018-01-22,90,91.62000274658203,89.73999786376953,91.61000061035156,23601600,83.882476806640625
2018-01-23,91.9000015258789,92.30000305175781,91.54000091552734,91.9000015258789,23412800,84.14798736572266
2018-01-24,92.55000305175781,93.43000030517578,91.58000183105469,91.81999969482422,33277500,84.07475280761719
2018-01-25,92.470001220703125,93.23999786376953,91.93000030517578,92.33000183105469,26383200,84.5417251586914
2018-01-26,93.12000274658203,94.05999755859375,92.58000183105469,94.05999755859375,29172200,86.12579345703125
2018-01-29,95.13999938964844,95.44999694824219,93.720001220703125,93.91999816894531,31569900,85.99762725830078
2018-01-30,93.30000305175781,93.660003662109375,92.0999984741211,92.73999786376953,38635100,84.9171371459961
2018-01-31,93.75,95.4000015258789,93.51000213623047,95.01000213623047,48756300,86.99568939208984
2018-02-01,94.79000091552734,96.06999969482422,93.58000183105469,94.26000213623047,47227900,86.30895233154297
2018-02-02,93.63999938964844,93.970001220703125,91.5,91.779998779296875,47867800,84.03813171386719
2018-02-05,90.55999755859375,93.23999786376953,88,88,51031500,80.57698059082031
2018-02-06,86.88999938964844,91.4800033569336,85.25,91.33000183105469,67998600,83.62610626220703
2018-02-07,90.48999786376953,91.7699966430664,89.19999694824219,89.61000061035156,41107600,82.051177978515625
2018-02-08,89.70999908447266,89.87999725341797,84.76000213623047,85.01000213623047,55628700,77.8392105102539
2018-02-09,86.30000305175781,88.93000030517578,83.83000183105469,88.18000030517578,63499100,80.74181365966797
2018-02-12,88.73999786376953,89.779998779296875,87.93000030517578,89.12999725341797,35720300,81.611663818359375
2018-02-13,88.93000030517578,90,87.80000305175781,89.83000183105469,26407700,82.25261688232422
2018-02-14,88.51000213623047,90.98999786376953,88.410003662109375,90.80999755859375,34960900,83.54056549072266
2018-02-15,91.20999908447266,92.720001220703125,90.62000274658203,92.660003662109375,27823900,85.2424545288086
2018-02-16,92.44999694824219,93.5,91.80000305175781,92,30596900,84.63529205322266
2018-02-20,91.4800033569336,93.05999755859375,91.01000213623047,92.720001220703125,30911700,85.29765319824219
2018-02-21,92.9800033569336,93.36000061035156,91.48999786376953,91.48999786376953,26922500,84.16608428955078
2018-02-22,92.05000305175781,92.7300033569336,91.36000061035156,91.7300033569336,24392800,84.38688659667969
2018-02-23,93.5999984741211,94.06999969482422,92.36000061035156,94.05999755859375,26329200,86.5303726196289
2018-02-26,94.4000015258789,95.44999694824219,94.25,95.41999816894531,30199800,87.78150177001953
2018-02-27,95.73999786376953,95.839996337890625,94.19999694824219,94.19999694824219,25869100,86.6591567993164
2018-02-28,94.839996337890625,95.70999908447266,93.62999725341797,93.7699966430664,31167300,86.26360321044922
2018-03-01,93.98999786376953,94.56999969482422,91.839996337890625,92.8499984741211,37135600,85.41725158691406
2018-03-02,91.58000183105469,93.1500015258789,90.86000061035156,93.05000305175781,32830400,85.60124206542969
2018-03-05,92.339996337890625,94.2699966430664,92.26000213623047,93.63999938964844,23901600,86.1440200805664
2018-03-06,94.339996337890625,94.48999786376953,92.94000244140625,93.31999969482422,22175800,85.849639892578125
2018-03-07,93.160003662109375,93.94000244140625,92.43000030517578,93.86000061035156,26716100,86.34639739990234
2018-03-08,94.2699966430664,95.0999984741211,93.7699966430664,94.43000030517578,25887800,86.870758056640625
2018-03-09,95.29000091552734,96.54000091552734,95,96.54000091552734,36937300,88.811859130859375
2018-03-12,96.5,97.20999908447266,96.04000091552734,96.7699966430664,26073700,89.0234375
2018-03-13,97,97.23999786376953,93.970001220703125,94.410003662109375,35387800,86.85236358642578
2018-03-14,95.12000274658203,95.410003662109375,93.5,93.8499984741211,32132000,86.3371810913086
2018-03-15,93.529998779296875,94.58000183105469,92.83000183105469,94.18000030517578,27611000,86.64075469970703
2018-03-16,94.68000030517578,95.37999725341797,93.91999816894531,94.5999984741211,49081300,87.02716064453125
2018-03-19,93.73999786376953,93.9000015258789,92.11000061035156,92.88999938964844,33344100,85.45403289794922
2018-03-20,93.05000305175781,93.7699966430664,93,93.12999725341797,23075200,85.67481994628906
2018-03-21,92.93000030517578,94.05000305175781,92.20999908447266,92.4800033569336,24457100,85.076873779296875
2018-03-22,91.2699966430664,91.75,89.660003662109375,89.79000091552734,38604700,82.6021957397461
2018-03-23,89.5,90.45999908447266,87.08000183105469,87.18000030517578,44068900,80.20113372802734
2018-03-26,90.61000061035156,94,90.4000015258789,93.779998779296875,56396800,86.27276611328125
2018-03-27,94.94000244140625,95.13999938964844,88.51000213623047,89.470001220703125,56569000,82.30782318115234
2018-03-28,89.81999969482422,91.2300033569336,88.87000274658203,89.38999938964844,52501100,82.23420715332031
2018-03-29,90.18000030517578,92.29000091552734,88.4000015258789,91.2699966430664,45867500,83.963714599609375
2018-04-02,90.470001220703125,90.87999725341797,87.51000213623047,88.5199966430664,48515400,81.4338607788086
2018-04-03,89.58000183105469,90.05000305175781,87.88999938964844,89.70999908447266,37213800,82.52860260009766
2018-04-04,87.8499984741211,92.76000213623047,87.7300033569336,92.33000183105469,35560000,84.938873291015625
2018-04-05,92.44000244140625,93.06999969482422,91.4000015258789,92.37999725341797,29771900,84.98486328125
2018-04-06,91.48999786376953,92.45999908447266,89.4800033569336,90.2300033569336,38026000,83.006988525390625
2018-04-09,91.04000091552734,93.16999816894531,90.62000274658203,90.7699966430664,31533900,83.50374603271484
2018-04-10,92.38999938964844,93.279998779296875,91.63999938964844,92.87999725341797,26812000,85.44481658935547
2018-04-11,92.01000213623047,93.29000091552734,91.4800033569336,91.86000061035156,24872100,84.50648498535156
2018-04-12,92.43000030517578,94.160003662109375,92.43000030517578,93.58000183105469,26758900,86.08881378173828
2018-04-13,94.05000305175781,94.18000030517578,92.44000244140625,93.08000183105469,23346100,85.62883758544922
2018-04-16,94.06999969482422,94.660003662109375,93.41999816894531,94.16999816894531,20288100,86.6315689086914
2018-04-17,95,96.54000091552734,94.87999725341797,96.06999969482422,26771000,88.37947845458984
2018-04-18,96.220001220703125,96.720001220703125,95.5199966430664,96.44000244140625,21043300,88.7198486328125
2018-04-19,96.44000244140625,97.06999969482422,95.339996337890625,96.11000061035156,23552500,88.41627502441406
2018-04-20,95.910003662109375,96.11000061035156,94.05000305175781,95,31154400,87.39514923095703
2018-04-23,95.73999786376953,96.29000091552734,94.62999725341797,95.3499984741211,22331800,87.71710968017578
2018-04-24,96.23999786376953,96.470001220703125,92.410003662109375,93.12000274658203,34524800,85.665618896484375
2018-04-25,93.30000305175781,93.30000305175781,90.279998779296875,92.30999755859375,33729300,84.92047119140625
2018-04-26,93.55000305175781,95.1500015258789,93.0999984741211,94.26000213623047,42529000,86.71439361572266
2018-04-27,97.5999984741211,97.9000015258789,93.910003662109375,95.81999969482422,48272800,88.14947509765625
2018-04-30,96.33000183105469,96.4000015258789,93.1500015258789,93.5199966430664,41523600,86.033599853515625
2018-05-01,93.20999908447266,95.29000091552734,92.79000091552734,95,31408900,87.39514923095703
2018-05-02,94.98999786376953,95.16999816894531,93.19000244140625,93.51000213623047,27471000,86.02442932128906
2018-05-03,92.95999908447266,94.93000030517578,92.44999694824219,94.06999969482422,31142500,86.5395736694336
2018-05-04,93.31999969482422,95.37000274658203,92.91999816894531,95.160003662109375,22531300,87.5423355102539
2018-05-07,95.16999816894531,96.70999908447266,95.0999984741211,96.220001220703125,24242000,88.517486572265625
2018-05-08,95.8499984741211,96.160003662109375,95.05999755859375,95.80999755859375,23484600,88.14029693603516
2018-05-09,96.01000213623047,96.970001220703125,95.05000305175781,96.94000244140625,27327400,89.17985534667969
2018-05-10,97.45999908447266,97.94999694824219,97.05000305175781,97.910003662109375,22388100,90.07218933105469
2018-05-11,97.80000305175781,97.87000274658203,97.04000091552734,97.69999694824219,16778300,89.878997802734375
2018-05-14,97.91999816894531,98.69000244140625,97.30999755859375,98.029998779296875,19454100,90.182586669921875
2018-05-15,97.23999786376953,97.8499984741211,96.339996337890625,97.31999969482422,24594000,89.5294189453125
2018-05-16,97.36000061035156,97.4000015258789,96.62000274658203,97.1500015258789,17384700,89.760406494140625
2018-05-17,96.76000213623047,97.54000091552734,95.83000183105469,96.18000030517578,17246700,88.86418914794922
2018-05-18,96.01000213623047,96.93000030517578,96.01000213623047,96.36000061035156,17865800,89.030487060546875
2018-05-21,97,98.01000213623047,96.80000305175781,97.5999984741211,19422500,90.176177978515625
2018-05-22,97.68000030517578,98.16999816894531,97.19999694824219,97.5,15441200,90.083770751953125
2018-05-23,96.70999908447266,98.7300033569336,96.31999969482422,98.660003662109375,21251200,91.155548095703125
2018-05-24,98.7300033569336,98.94000244140625,96.80999755859375,98.30999755859375,26649300,90.83213806152344
2018-05-25,98.30000305175781,98.9800033569336,97.86000061035156,98.36000061035156,18363900,90.878387451171875
2018-05-29,97.839996337890625,98.87999725341797,97.2300033569336,98.01000213623047,28671000,90.55498504638672
2018-05-30,98.30999755859375,99.25,97.910003662109375,98.94999694824219,22158500,91.42346954345703
2018-05-31,99.29000091552734,99.98999786376953,98.61000061035156,98.839996337890625,34140900,91.32185363769531
2018-06-01,99.279998779296875,100.86000061035156,99.16999816894531,100.79000091552734,28655600,93.12352752685547
2018-06-04,101.26000213623047,101.86000061035156,100.8499984741211,101.66999816894531,27281600,93.93659973144531
2018-06-05,102,102.33000183105469,101.52999877929688,102.19000244140625,23514400,94.41703796386719
2018-06-06,102.4800033569336,102.5999984741211,101.9000015258789,102.48999786376953,21122900,94.69420623779297
2018-06-07,102.6500015258789,102.69000244140625,100.37999725341797,100.87999725341797,28232200,93.2066650390625
2018-06-08,101.08999633789062,101.94999694824219,100.54000091552734,101.62999725341797,22165100,93.8996353149414
2018-06-11,101.01000213623047,101.58999633789062,100.66999816894531,101.05000305175781,23490900,93.3637466430664
2018-06-12,101.0999984741211,101.44999694824219,100.75,101.30999755859375,18325200,93.60399627685547
2018-06-13,101.72000122070312,102.01000213623047,100.55999755859375,100.8499984741211,29492900,93.178955078125
2018-06-14,101.6500015258789,102.02999877929688,101,101.41999816894531,25691800,93.70561981201172
2018-06-15,101.51000213623047,101.52999877929688,100.06999969482422,100.12999725341797,65738600,92.51373291015625
2018-06-18,100.01000213623047,101.11000061035156,99.41999816894531,100.86000061035156,23586000,93.188201904296875
2018-06-19,99.6500015258789,101,99.5,100.86000061035156,28653100,93.188201904296875
2018-06-20,101.37000274658203,102.5199966430664,101.12000274658203,101.87000274658203,26180800,94.12138366699219
2018-06-21,102.08000183105469,102.45999908447266,100.87999725341797,101.13999938964844,23198200,93.44690704345703
2018-06-22,100.41000366210938,100.7699966430664,99.62999725341797,100.41000366210938,38923100,92.7724380493164
2018-06-25,100,100.11000061035156,97.30000305175781,98.38999938964844,35433300,90.90607452392578
2018-06-26,98.81999969482422,100.08000183105469,98.75,99.08000183105469,26897200,91.5436019897461
2018-06-27,99.58000183105469,100.0199966430664,97.4000015258789,97.54000091552734,31298400,90.120758056640625
2018-06-28,97.37999725341797,99.11000061035156,97.26000213623047,98.62999725341797,26650700,91.12782287597656
2018-06-29,98.93000030517578,99.910003662109375,98.33000183105469,98.61000061035156,28053200,91.1093521118164
2018-07-02,98.0999984741211,100.05999755859375,98,100.01000213623047,19564500,92.40287780761719
2018-07-03,100.4800033569336,100.62999725341797,98.94000244140625,99.05000305175781,14670300,91.51588439941406
2018-07-05,99.5,99.91999816894531,99.029998779296875,99.76000213623047,18977400,92.1718978881836
2018-07-06,99.88999938964844,101.43000030517578,99.66999816894531,101.16000366210938,19234600,93.46537780761719
2018-07-09,101.6500015258789,102.25,101.25,101.8499984741211,18212000,94.10289764404297
2018-07-10,102,102.51000213623047,101.86000061035156,102.12000274658203,19293100,94.35234832763672
2018-07-11,101.1500015258789,102.33999633789062,101.0999984741211,101.9800033569336,19644600,94.22300720214844
2018-07-12,102.7699966430664,104.41000366210938,102.7300033569336,104.19000244140625,24335900,96.2649154663086
2018-07-13,104.37000274658203,105.5999984741211,104.08999633789062,105.43000030517578,24635200,97.41060638427734
2018-07-16,105.4000015258789,105.81999969482422,104.5199966430664,104.91000366210938,21786900,96.9301528930664
2018-07-17,104.61000061035156,106.5,104.31999969482422,105.94999694824219,25901700,97.89103698730469
2018-07-18,105.94000244140625,106.05000305175781,104.72000122070312,105.12000274658203,29493900,97.12416076660156
2018-07-19,104.93000030517578,105.30999755859375,103.88999938964844,104.4000015258789,40171600,96.45893859863281
2018-07-20,108.08000183105469,108.19999694824219,106.08000183105469,106.2699966430664,56004000,98.18668365478516
2018-07-23,106.30000305175781,108.13999938964844,106.12999725341797,107.97000122070312,29707000,99.75738525390625
2018-07-24,108.56999969482422,108.81999969482422,107.26000213623047,107.66000366210938,26316600,99.47095489501953
2018-07-25,107.95999908447266,111.1500015258789,107.5999984741211,110.83000183105469,30702100,102.39984130859375
2018-07-26,110.73999786376953,111,109.5,109.62000274658203,31372100,101.28190612792969
2018-07-27,110.18000030517578,110.18000030517578,106.13999938964844,107.68000030517578,37005300,99.48943328857422
2018-07-30,107.19000244140625,107.52999877929688,104.76000213623047,105.37000274658203,34668300,97.35517120361328
2018-07-31,106.48999786376953,106.72000122070312,105.37999725341797,106.08000183105469,27655200,98.01116943359375
2018-08-01,106.02999877929688,106.44999694824219,105.41999816894531,106.27999877929688,23628700,98.1959457397461
2018-08-02,105.4000015258789,108.08999633789062,104.83999633789062,107.56999969482422,26104300,99.3877944946289
2018-08-03,107.80000305175781,108.05000305175781,106.81999969482422,108.04000091552734,18659600,99.82207489013672
2018-08-06,108.12000274658203,108.41999816894531,107.55999755859375,108.12999725341797,20265900,99.90521240234375
2018-08-07,108.55999755859375,109.0999984741211,108.16999816894531,108.87999725341797,16080200,100.59818267822266
2018-08-08,109.33000183105469,109.75,108.76000213623047,109.48999786376953,15487500,101.16178894042969
2018-08-09,109.70999908447266,110.16000366210938,109.5999984741211,109.66999816894531,13677200,101.32808685302734
2018-08-10,109.41999816894531,109.69000244140625,108.37999725341797,109,18183700,100.70902252197266
2018-08-13,109.23999786376953,109.58000183105469,108.0999984741211,108.20999908447266,18472500,99.97911834716797
2018-08-14,108.55999755859375,109.75,108.04000091552734,109.55999755859375,16788300,101.22647094726562
2018-08-15,108.48999786376953,108.98999786376953,106.81999969482422,107.66000366210938,29982800,99.853759765625
2018-08-16,108.30000305175781,108.86000061035156,107.30000305175781,107.63999938964844,21384300,99.83518981933594
2018-08-17,107.36000061035156,107.9000015258789,106.69000244140625,107.58000183105469,18061500,99.77954864501953
2018-08-20,107.51000213623047,107.9000015258789,106.4800033569336,106.87000274658203,17914200,99.12107849121094
2018-08-21,106.91999816894531,107.3499984741211,105.8499984741211,105.9800033569336,22881900,98.29559326171875
2018-08-22,105.8499984741211,107.33999633789062,105.77999877929688,107.05999755859375,18000600,99.29727935791016
2018-08-23,107.1500015258789,108.18000030517578,106.87000274658203,107.55999755859375,18167700,99.761016845703125
2018-08-24,107.66999816894531,108.55999755859375,107.55999755859375,108.4000015258789,17234000,100.54010772705078
2018-08-27,109.2699966430664,109.63999938964844,108.51000213623047,109.5999984741211,19662300,101.65309143066406
2018-08-28,109.94000244140625,110.5,109.79000091552734,110.26000213623047,19151500,102.26524353027344
2018-08-29,110.44999694824219,112.02999877929688,110.2699966430664,112.0199966430664,20818000,103.89765167236328
2018-08-30,111.66999816894531,112.61000061035156,111.44000244140625,111.94999694824219,22798700,103.83268737792969
2018-08-31,111.69000244140625,112.77999877929688,111.5199966430664,112.33000183105469,23222700,104.1851577758789
2018-09-04,110.8499984741211,111.95999908447266,110.22000122070312,111.70999908447266,22634600,103.61011505126953
2018-09-05,111.01000213623047,111.41999816894531,108.0999984741211,108.48999786376953,32872400,100.62358093261719
2018-09-06,108.25,108.98999786376953,107.51000213623047,108.73999786376953,23477600,100.85546875
2018-09-07,108.2300033569336,108.72000122070312,107.2300033569336,108.20999908447266,22498600,100.3638687133789
2018-09-10,108.83999633789062,109.63999938964844,108.36000061035156,109.37999725341797,20727900,101.44905090332031
2018-09-11,108.9000015258789,111.58999633789062,108.88999938964844,111.23999786376953,24301800,103.17418670654297
2018-09-12,111.43000030517578,111.8499984741211,110.51000213623047,111.70999908447266,18891100,103.61011505126953
2018-09-13,112.12000274658203,113.7300033569336,112.12000274658203,112.91000366210938,26055600,104.72309875488281
2018-09-14,113.36000061035156,113.7300033569336,112.44000244140625,113.37000274658203,19122300,105.14974975585938
2018-09-17,113.69000244140625,113.69999694824219,111.86000061035156,112.13999938964844,20736500,104.0089340209961
2018-09-18,112.19000244140625,113.69999694824219,111.72000122070312,113.20999908447266,22170900,105.0013427734375
2018-09-19,113.05000305175781,113.31999969482422,111.04000091552734,111.69999694824219,21728400,103.60081481933594
2018-09-20,112.27999877929688,113.80000305175781,111.93000030517578,113.56999969482422,23714500,105.33523559570312
2018-09-21,114,115.29000091552734,113.51000213623047,114.26000213623047,71229700,105.97518920898438
2018-09-24,113.02999877929688,114.9000015258789,112.22000122070312,114.66999816894531,27334500,106.35547637939453
2018-09-25,114.80000305175781,115.0999984741211,113.75,114.44999694824219,22668000,106.15143585205078
2018-09-26,114.47000122070312,115.05999755859375,113.73999786376953,113.9800033569336,19352000,105.71551513671875
2018-09-27,114.77999877929688,114.91000366210938,114.19999694824219,114.41000366210938,19091300,106.11432647705078
2018-09-28,114.19000244140625,114.56999969482422,113.68000030517578,114.37000274658203,21647800,106.07722473144531
2018-10-01,114.75,115.68000030517578,114.7300033569336,115.61000061035156,18883100,107.22734069824219
2018-10-02,115.30000305175781,115.83999633789062,114.44000244140625,115.1500015258789,20787200,106.80066680908203
2018-10-03,115.41999816894531,116.18000030517578,114.93000030517578,115.16999816894531,16648000,106.8192138671875
2018-10-04,114.61000061035156,114.76000213623047,111.62999725341797,112.79000091552734,34821700,104.61176300048828
2018-10-05,112.62999725341797,113.16999816894531,110.63999938964844,112.12999725341797,29068900,103.9996337890625
2018-10-08,111.66000366210938,112.02999877929688,109.33999633789062,110.8499984741211,29640600,102.81246185302734
2018-10-09,111.13999938964844,113.08000183105469,110.80000305175781,112.26000213623047,26198600,104.1202392578125
2018-10-10,111.23999786376953,111.5,105.79000091552734,106.16000366210938,61376300,98.46251678466797
2018-10-11,105.3499984741211,108.93000030517578,104.19999694824219,105.91000366210938,63904300,98.23065948486328
2018-10-12,109.01000213623047,111.23999786376953,107.12000274658203,109.56999969482422,47742100,101.6252670288086
2018-10-15,108.91000366210938,109.4800033569336,106.94999694824219,107.5999984741211,32068100,99.798126220703125
2018-10-16,109.54000091552734,111.41000366210938,108.94999694824219,111,31610200,102.95157623291016
2018-10-17,111.68000030517578,111.80999755859375,109.55000305175781,110.70999908447266,26548200,102.6826171875
2018-10-18,110.0999984741211,110.52999877929688,107.83000183105469,108.5,32506200,100.63285064697266
2018-10-19,108.93000030517578,110.86000061035156,108.20999908447266,108.66000366210938,32785500,100.78126525878906
2018-10-22,109.31999969482422,110.54000091552734,108.23999786376953,109.62999725341797,26545600,101.68092346191406
2018-10-23,107.7699966430664,108.97000122070312,105.11000061035156,108.0999984741211,43770400,100.2618408203125
2018-10-24,108.41000366210938,108.48999786376953,101.58999633789062,102.31999969482422,63897800,94.900970458984375
2018-10-25,106.55000305175781,109.2699966430664,106.1500015258789,108.30000305175781,61646800,100.44735717773438
2018-10-26,105.69000244140625,108.75,104.76000213623047,106.95999908447266,55523100,99.20451354980469
2018-10-29,108.11000061035156,108.69999694824219,101.62999725341797,103.8499984741211,55162000,96.32001495361328
2018-10-30,103.66000366210938,104.37999725341797,100.11000061035156,103.7300033569336,65350900,96.20870208740234
2018-10-31,105.44000244140625,108.13999938964844,105.38999938964844,106.80999755859375,51062400,99.06539154052734
2018-11-01,107.05000305175781,107.31999969482422,105.52999877929688,105.91999816894531,33384200,98.23992156982422
2018-11-02,106.4800033569336,107.31999969482422,104.9800033569336,106.16000366210938,37680200,98.46251678466797
2018-11-05,106.37000274658203,107.73999786376953,105.9000015258789,107.51000213623047,27922100,99.71465301513672
2018-11-06,107.37999725341797,108.83999633789062,106.27999877929688,107.72000122070312,24340200,99.90941619873047
2018-11-07,109.44000244140625,112.23999786376953,109.4000015258789,111.95999908447266,37901700,103.84197998046875
2018-11-08,111.80000305175781,112.20999908447266,110.91000366210938,111.75,25644100,103.64720916748047
2018-11-09,110.8499984741211,111.44999694824219,108.76000213623047,109.56999969482422,32039200,101.6252670288086
2018-11-12,109.41999816894531,109.95999908447266,106.0999984741211,106.87000274658203,33621800,99.12107849121094
2018-11-13,107.55000305175781,108.73999786376953,106.63999938964844,106.94000244140625,35374600,99.18598175048828
2018-11-14,108.0999984741211,108.26000213623047,104.47000122070312,104.97000122070312,39495100,97.779388427734375
2018-11-15,104.98999786376953,107.80000305175781,103.91000366210938,107.27999877929688,38505200,99.93115997314453
2018-11-16,107.08000183105469,108.87999725341797,106.80000305175781,108.29000091552734,33502100,100.87197875976562
2018-11-19,108.2699966430664,108.55999755859375,103.55000305175781,104.62000274658203,44773900,97.453369140625
2018-11-20,101.80000305175781,102.97000122070312,99.3499984741211,101.70999908447266,64052500,94.74269104003906
2018-11-21,103.5999984741211,104.43000030517578,102.23999786376953,103.11000061035156,28130600,96.04683685302734
2018-11-23,102.16999816894531,103.80999755859375,102,103.06999969482422,13823100,96.009552001953125
2018-11-26,104.79000091552734,106.62999725341797,104.58000183105469,106.47000122070312,32336200,99.17664337158203
2018-11-27,106.2699966430664,107.33000183105469,105.36000061035156,107.13999938964844,29124500,99.800750732421875
2018-11-28,107.88999938964844,111.33000183105469,107.86000061035156,111.12000274658203,46788500,103.50811767578125
2018-11-29,110.33000183105469,111.12000274658203,109.02999877929688,110.19000244140625,28123200,102.64183044433594
2018-11-30,110.69999694824219,110.97000122070312,109.36000061035156,110.88999938964844,33665600,103.29387664794922
2018-12-03,113,113.41999816894531,110.7300033569336,112.08999633789062,34732800,104.41168212890625
2018-12-04,111.94000244140625,112.63999938964844,108.20999908447266,108.5199966430664,45197000,101.08619689941406
2018-12-06,105.81999969482422,109.23999786376953,105,109.19000244140625,49107400,101.71034240722656
2018-12-07,108.37999725341797,109.44999694824219,104.30000305175781,104.81999969482422,45044900,97.63966369628906
2018-12-10,104.80000305175781,107.9800033569336,103.88999938964844,107.58999633789062,40801500,100.21993255615234
2018-12-11,109.80000305175781,110.94999694824219,107.44000244140625,108.58999633789062,42381900,101.15143585205078
2018-12-12,110.88999938964844,111.2699966430664,109.04000091552734,109.08000183105469,36183000,101.6078872680664
2018-12-13,109.58000183105469,110.87000274658203,108.62999725341797,109.44999694824219,31333400,101.95250701904297
2018-12-14,108.25,109.26000213623047,105.5,106.02999877929688,47043100,98.76677703857422
2018-12-17,105.41000366210938,105.80000305175781,101.70999908447266,102.88999938964844,56957300,95.84190368652344
2018-12-18,103.75,104.51000213623047,102.5199966430664,103.97000122070312,49319200,96.847900390625
2018-12-19,103.6500015258789,106.87999725341797,101.3499984741211,103.69000244140625,68198200,96.58708953857422
2018-12-20,103.05000305175781,104.30999755859375,98.779998779296875,101.51000213623047,70334200,94.556427001953125
2018-12-21,101.62999725341797,103,97.45999908447266,98.2300033569336,111242100,91.5011215209961
2018-12-24,97.68000030517578,97.970001220703125,93.9800033569336,94.12999725341797,43935200,87.68196105957031
2018-12-26,95.13999938964844,100.69000244140625,93.95999908447266,100.55999755859375,51634800,93.6714859008789
2018-12-27,99.30000305175781,101.19000244140625,96.4000015258789,101.18000030517578,49498500,94.24901580810547
2018-12-28,102.08999633789062,102.41000366210938,99.5199966430664,100.38999938964844,38196300,93.51313018798828
2018-12-31,101.29000091552734,102.4000015258789,100.44000244140625,101.56999969482422,33173800,94.61228942871094
2019-01-02,99.55000305175781,101.75,98.94000244140625,101.12000274658203,35329300,94.19315338134766
2019-01-03,100.0999984741211,100.19000244140625,97.19999694824219,97.4000015258789,42579100,90.72798156738281
2019-01-04,99.720001220703125,102.51000213623047,98.93000030517578,101.93000030517578,44060600,94.9476318359375
2019-01-07,101.63999938964844,103.2699966430664,100.9800033569336,102.05999755859375,35656100,95.06874084472656
2019-01-08,103.04000091552734,103.97000122070312,101.70999908447266,102.80000305175781,31514400,95.75804138183594
2019-01-09,103.86000061035156,104.87999725341797,103.23999786376953,104.2699966430664,32280800,97.12736511230469
2019-01-10,103.22000122070312,103.75,102.37999725341797,103.5999984741211,30067600,96.50325012207031
2019-01-11,103.19000244140625,103.44000244140625,101.63999938964844,102.80000305175781,28314200,95.75804138183594
2019-01-14,101.9000015258789,102.87000274658203,101.26000213623047,102.05000305175781,28437100,95.05944061279297
2019-01-15,102.51000213623047,105.05000305175781,101.87999725341797,105.01000213623047,31587600,97.8166732788086
2019-01-16,105.26000213623047,106.26000213623047,104.95999908447266,105.37999725341797,29853900,98.16131591796875
2019-01-17,105,106.62999725341797,104.76000213623047,106.12000274658203,28393000,98.85064697265625
2019-01-18,107.45999908447266,107.9000015258789,105.91000366210938,107.70999908447266,37427600,100.33171081542969
2019-01-22,106.75,107.0999984741211,104.86000061035156,105.68000030517578,32371300,98.4407730102539
2019-01-23,106.12000274658203,107.04000091552734,105.33999633789062,106.70999908447266,25874300,99.40020751953125
2019-01-24,106.86000061035156,107,105.33999633789062,106.19999694824219,23164800,98.925140380859375
2019-01-25,107.23999786376953,107.87999725341797,106.19999694824219,107.16999816894531,31225600,99.82869720458984
2019-01-28,106.26000213623047,106.4800033569336,104.66000366210938,105.08000183105469,29476700,97.881866455078125
2019-01-29,104.87999725341797,104.97000122070312,102.16999816894531,102.94000244140625,31490500,95.888458251953125
2019-01-30,104.62000274658203,106.37999725341797,104.33000183105469,106.37999725341797,49471900,99.09281158447266
2019-01-31,103.80000305175781,105.22000122070312,103.18000030517578,104.43000030517578,55636400,97.27642059326172
2019-02-01,103.77999877929688,104.0999984741211,102.3499984741211,102.77999877929688,35535700,95.739410400390625
2019-02-04,102.87000274658203,105.80000305175781,102.7699966430664,105.73999786376953,31315100,98.49664306640625
2019-02-05,106.05999755859375,107.2699966430664,105.95999908447266,107.22000122070312,27325400,99.87525177001953
2019-02-06,107,107,105.52999877929688,106.02999877929688,20609800,98.76677703857422
2019-02-07,105.19000244140625,105.58999633789062,104.29000091552734,105.2699966430664,29760700,98.05885314941406
2019-02-08,104.38999938964844,105.77999877929688,104.26000213623047,105.66999816894531,21461100,98.43146514892578
2019-02-11,106.19999694824219,106.58000183105469,104.97000122070312,105.25,18914100,98.04021453857422
2019-02-12,106.13999938964844,107.13999938964844,105.4800033569336,106.88999938964844,25056600,99.56786346435547
2019-02-13,107.5,107.77999877929688,106.70999908447266,106.80999755859375,18394900,99.49337005615234
2019-02-14,106.30999755859375,107.29000091552734,105.66000366210938,106.9000015258789,21784700,99.57720184326172
2019-02-15,107.91000366210938,108.30000305175781,107.36000061035156,108.22000122070312,26606900,100.8067855834961
2019-02-19,107.79000091552734,108.66000366210938,107.77999877929688,108.16999816894531,18038500,100.76020050048828
2019-02-20,107.86000061035156,107.94000244140625,106.29000091552734,107.1500015258789,21607700,100.23634338378906
2019-02-21,106.9000015258789,109.4800033569336,106.87000274658203,109.41000366210938,29063200,102.35050964355469
2019-02-22,110.05000305175781,111.19999694824219,109.81999969482422,110.97000122070312,27763200,103.80986785888672
2019-02-25,111.76000213623047,112.18000030517578,111.26000213623047,111.58999633789062,23750600,104.38985443115234
2019-02-26,111.26000213623047,113.23999786376953,111.16999816894531,112.36000061035156,21536700,105.11017608642578
2019-02-27,111.69000244140625,112.36000061035156,110.87999725341797,112.16999816894531,21487100,104.93241119384766
2019-02-28,112.04000091552734,112.87999725341797,111.7300033569336,112.02999877929688,29083900,104.80146026611328
2019-03-01,112.88999938964844,113.0199966430664,111.66999816894531,112.52999877929688,23501200,105.2691879272461
2019-03-04,113.0199966430664,113.25,110.80000305175781,112.26000213623047,26608000,105.01660919189453
2019-03-05,112.25,112.38999938964844,111.2300033569336,111.69999694824219,19538300,104.49275207519531
2019-03-06,111.87000274658203,112.66000366210938,111.43000030517578,111.75,17687000,104.53952026367188
2019-03-07,111.4000015258789,111.55000305175781,109.87000274658203,110.38999938964844,25339000,103.26725769042969
2019-03-08,109.16000366210938,110.70999908447266,108.80000305175781,110.51000213623047,22818400,103.37953186035156
2019-03-11,110.98999786376953,112.94999694824219,110.9800033569336,112.83000183105469,26491600,105.5498275756836
2019-03-12,112.81999969482422,113.98999786376953,112.6500015258789,113.62000274658203,26132700,106.28886413574219
2019-03-13,114.12999725341797,115,113.77999877929688,114.5,35513800,107.1120834350586
2019-03-14,114.54000091552734,115.19999694824219,114.33000183105469,114.58999633789062,30763400,107.1962890625
2019-03-15,115.33999633789062,117.25,114.58999633789062,115.91000366210938,54681100,108.43111419677734
2019-03-18,116.16999816894531,117.61000061035156,116.05000305175781,117.56999969482422,31207600,109.98400115966797
2019-03-19,118.08999633789062,118.44000244140625,116.98999786376953,117.6500015258789,37588700,110.05884552001953
2019-03-20,117.38999938964844,118.75,116.70999908447266,117.5199966430664,28113300,109.93720245361328
2019-03-21,117.13999938964844,120.81999969482422,117.08999633789062,120.22000122070312,29854400,112.46302032470703
2019-03-22,119.5,119.58999633789062,117.04000091552734,117.05000305175781,33624500,109.49756622314453
2019-03-25,116.55999755859375,118.01000213623047,116.31999969482422,117.66000366210938,27067100,110.06819152832031
2019-03-26,118.62000274658203,118.70999908447266,116.8499984741211,117.91000366210938,26097700,110.30207824707031
2019-03-27,117.87999725341797,118.20999908447266,115.5199966430664,116.7699966430664,22733400,109.23561096191406
2019-03-28,117.44000244140625,117.58000183105469,116.12999725341797,116.93000030517578,18334800,109.38530731201172
2019-03-29,118.06999969482422,118.31999969482422,116.95999908447266,117.94000244140625,25399800,110.33011627197266
2019-04-01,118.94999694824219,119.11000061035156,118.0999984741211,119.0199966430664,22789100,111.3404312133789
2019-04-02,119.05999755859375,119.4800033569336,118.5199966430664,119.19000244140625,18142300,111.4994888305664
2019-04-03,119.86000061035156,120.43000030517578,119.1500015258789,119.97000122070312,22860700,112.2291488647461
2019-04-04,120.0999984741211,120.2300033569336,118.37999725341797,119.36000061035156,20112800,111.65850067138672
2019-04-05,119.38999938964844,120.2300033569336,119.37000274658203,119.88999938964844,15826200,112.15431213378906
2019-04-08,119.80999755859375,120.0199966430664,118.63999938964844,119.93000030517578,15116200,112.19174194335938
2019-04-09,118.62999725341797,119.54000091552734,118.58000183105469,119.27999877929688,17612000,111.58367156982422
2019-04-10,119.76000213623047,120.3499984741211,119.54000091552734,120.19000244140625,16477200,112.4349365234375
2019-04-11,120.54000091552734,120.8499984741211,119.91999816894531,120.33000183105469,14209100,112.56593322753906
2019-04-12,120.63999938964844,120.9800033569336,120.37000274658203,120.94999694824219,19745100,113.14591217041016
2019-04-15,120.94000244140625,121.58000183105469,120.56999969482422,121.05000305175781,15792600,113.23947143554688
2019-04-16,121.63999938964844,121.6500015258789,120.0999984741211,120.7699966430664,14071800,112.97753143310547
2019-04-17,121.23999786376953,121.8499984741211,120.54000091552734,121.7699966430664,19300900,113.91299438476562
2019-04-18,122.19000244140625,123.5199966430664,121.30000305175781,123.37000274658203,27991000,115.40977478027344
2019-04-22,122.62000274658203,124,122.56999969482422,123.76000213623047,15648700,115.77461242675781
2019-04-23,124.0999984741211,125.58000183105469,123.83000183105469,125.44000244140625,24025500,117.34619903564453
2019-04-24,125.79000091552734,125.8499984741211,124.5199966430664,125.01000213623047,31257000,116.94393157958984
2019-04-25,130.05999755859375,131.3699951171875,128.8300018310547,129.14999389648438,38033900,120.81681060791016
2019-04-26,129.6999969482422,130.52000427246094,129.02000427246094,129.88999938964844,23654900,121.50907135009766
2019-04-29,129.89999389648438,130.17999267578125,129.35000610351562,129.77000427246094,16324200,121.39683532714844
2019-04-30,129.80999755859375,130.6999969482422,129.38999938964844,130.60000610351562,24166500,122.17325592041016
2019-05-01,130.52999877929688,130.64999389648438,127.69999694824219,127.87999725341797,26821700,119.62874603271484
2019-05-02,127.9800033569336,128,125.5199966430664,126.20999908447266,27350200,118.0665283203125
2019-05-03,127.36000061035156,129.42999267578125,127.25,128.89999389648438,24911100,120.58295440673828
2019-05-06,126.38999938964844,128.55999755859375,126.11000061035156,128.14999389648438,24239800,119.88134002685547
2019-05-07,126.45999908447266,127.18000030517578,124.22000122070312,125.5199966430664,36017700,117.4210433959961
2019-05-08,125.44000244140625,126.37000274658203,124.75,125.51000213623047,28419000,117.41168975830078
2019-05-09,124.29000091552734,125.79000091552734,123.56999969482422,125.5,27235800,117.40234375
2019-05-10,124.91000366210938,127.93000030517578,123.81999969482422,127.12999725341797,30915100,118.92716979980469
2019-05-13,124.11000061035156,125.55000305175781,123.04000091552734,123.3499984741211,33944900,115.39106750488281
2019-05-14,123.87000274658203,125.87999725341797,123.69999694824219,124.7300033569336,25266300,116.68201446533203
2019-05-15,124.26000213623047,126.70999908447266,123.69999694824219,126.0199966430664,24722700,118.32514190673828
2019-05-16,126.75,129.3800048828125,126.45999908447266,128.92999267578125,30112200,121.0574722290039
2019-05-17,128.30999755859375,130.4600067138672,127.91999816894531,128.07000732421875,25770500,120.24999237060547
2019-05-20,126.5199966430664,127.58999633789062,125.76000213623047,126.22000122070312,23706900,118.51294708251953
2019-05-21,127.43000030517578,127.52999877929688,126.58000183105469,126.9000015258789,15293300,119.15142059326172
2019-05-22,126.62000274658203,128.24000549316406,126.5199966430664,127.66999816894531,15396500,119.87442779541016
2019-05-23,126.19999694824219,126.29000091552734,124.73999786376953,126.18000030517578,23603800,118.47541809082031
2019-05-24,126.91000366210938,127.41999816894531,125.97000122070312,126.23999786376953,14123400,118.53173065185547
2019-05-28,126.9800033569336,128,126.05000305175781,126.16000366210938,23128400,118.45660400390625
2019-05-29,125.37999725341797,125.38999938964844,124.04000091552734,124.94000244140625,22763100,117.31108093261719
2019-05-30,125.26000213623047,125.76000213623047,124.77999877929688,125.7300033569336,16829600,118.0528793334961
2019-05-31,124.2300033569336,124.62000274658203,123.31999969482422,123.68000030517578,26646800,116.12804412841797
2019-06-03,123.8499984741211,124.37000274658203,119.01000213623047,119.83999633789062,37983600,112.52252197265625
2019-06-04,121.27999877929688,123.27999877929688,120.6500015258789,123.16000366210938,29382600,115.6397933959961
2019-06-05,124.94999694824219,125.87000274658203,124.20999908447266,125.83000183105469,24926100,118.14676666259766
2019-06-06,126.44000244140625,127.97000122070312,125.5999984741211,127.81999969482422,21459000,120.01526641845703
2019-06-07,129.19000244140625,132.25,128.25999450683594,131.39999389648438,33885600,123.37665557861328
2019-06-10,132.39999389648438,134.0800018310547,132,132.60000610351562,26477100,124.50338745117188
2019-06-11,133.8800048828125,134.24000549316406,131.27999877929688,132.10000610351562,23913700,124.03389739990234
2019-06-12,131.39999389648438,131.97000122070312,130.7100067138672,131.49000549316406,17092500,123.46116638183594
2019-06-13,131.97999572753906,133,131.55999755859375,132.32000732421875,17200800,124.24050903320312
2019-06-14,132.25999450683594,133.7899932861328,131.63999938964844,132.4499969482422,17821700,124.36254119873047
2019-06-17,132.6300048828125,133.72999572753906,132.52999877929688,132.85000610351562,14517800,124.73809814453125
2019-06-18,134.19000244140625,135.24000549316406,133.57000732421875,135.16000366210938,25934500,126.90703582763672
2019-06-19,135,135.92999267578125,133.80999755859375,135.69000244140625,23744400,127.40474700927734
2019-06-20,137.4499969482422,137.66000366210938,135.72000122070312,136.9499969482422,33042600,128.5877227783203
2019-06-21,136.5800018310547,137.72999572753906,136.4600067138672,136.97000122070312,36727900,128.60653686523438
2019-06-24,137,138.39999389648438,137,137.77999877929688,20628800,129.36708068847656
2019-06-25,137.25,137.58999633789062,132.72999572753906,133.42999267578125,33327400,125.28268432617188
2019-06-26,134.35000610351562,135.74000549316406,133.60000610351562,133.92999267578125,23657700,125.75215911865234
2019-06-27,134.13999938964844,134.7100067138672,133.50999450683594,134.14999389648438,16557500,125.95875549316406
2019-06-28,134.57000732421875,134.60000610351562,133.16000366210938,133.9600067138672,30043000,125.78033447265625
2019-07-01,136.6300048828125,136.6999969482422,134.97000122070312,135.67999267578125,22613500,127.39529418945312
2019-07-02,136.1199951171875,136.58999633789062,135.33999633789062,136.5800018310547,15237800,128.24038696289062
2019-07-03,136.8000030517578,137.74000549316406,136.2899932861328,137.4600067138672,13629300,129.06666564941406
2019-07-05,135.94000244140625,137.3300018310547,135.72000122070312,137.05999755859375,18141100,128.69105529785156
2019-07-08,136.39999389648438,137.10000610351562,135.3699951171875,136.9600067138672,16779700,128.59718322753906
2019-07-09,136,136.97000122070312,135.8000030517578,136.4600067138672,19953100,128.12771606445312
2019-07-10,137.1300048828125,138.5800018310547,137.02000427246094,137.85000610351562,24204400,129.43283081054688
2019-07-11,138.1999969482422,139.22000122070312,137.8699951171875,138.39999389648438,22327900,129.94927978515625
2019-07-12,138.85000610351562,139.1300048828125,138.00999450683594,138.89999389648438,18936800,130.41871643066406
2019-07-15,139.44000244140625,139.5399932861328,138.4600067138672,138.89999389648438,16651500,130.41871643066406
2019-07-16,138.9600067138672,139.0500030517578,136.52000427246094,137.0800018310547,22726100,128.70985412597656
2019-07-17,137.6999969482422,137.92999267578125,136.22000122070312,136.27000427246094,20211000,127.94929504394531
2019-07-18,135.5500030517578,136.6199951171875,134.6699981689453,136.4199981689453,30381800,128.09011840820312
2019-07-19,140.22000122070312,140.6699981689453,136.4499969482422,136.6199951171875,48992400,128.27792358398438
2019-07-22,137.41000366210938,139.19000244140625,137.3300018310547,138.42999267578125,25074900,129.9773712158203
2019-07-23,139.75999450683594,139.99000549316406,138.02999877929688,139.2899932861328,18034600,130.7848663330078
2019-07-24,138.89999389648438,140.74000549316406,138.85000610351562,140.72000122070312,20738300,132.12757873535156
2019-07-25,140.42999267578125,140.61000061035156,139.32000732421875,140.19000244140625,18356900,131.6299285888672
2019-07-26,140.3699951171875,141.67999267578125,140.3000030517578,141.33999633789062,19037600,132.70970153808594
2019-07-29,141.5,141.50999450683594,139.3699951171875,141.02999877929688,16605900,132.41864013671875
2019-07-30,140.13999938964844,141.22000122070312,139.8000030517578,140.35000610351562,16846500,131.78013610839844
2019-07-31,140.3300018310547,140.49000549316406,135.0800018310547,136.27000427246094,38598800,127.94929504394531
2019-08-01,137,140.94000244140625,136.92999267578125,138.05999755859375,40557500,129.6300048828125
2019-08-02,138.08999633789062,138.32000732421875,135.25999450683594,136.89999389648438,30791600,128.54086303710938
2019-08-05,133.3000030517578,133.92999267578125,130.77999877929688,132.2100067138672,42749600,124.13719940185547
2019-08-06,133.8000030517578,135.67999267578125,133.2100067138672,134.69000244140625,32696700,126.46577453613281
2019-08-07,133.7899932861328,135.64999389648438,131.8300018310547,135.27999877929688,33414500,127.019775390625
2019-08-08,136.60000610351562,138.99000549316406,135.92999267578125,138.88999938964844,27496500,130.40928649902344
2019-08-09,138.61000061035156,139.3800048828125,136.4600067138672,137.7100067138672,23466700,129.3013458251953
2019-08-12,137.07000732421875,137.86000061035156,135.24000549316406,135.7899932861328,20484300,127.49858856201172
2019-08-13,136.0500030517578,138.8000030517578,135,138.60000610351562,25154600,130.13702392578125
2019-08-14,136.36000061035156,136.9199981689453,133.6699981689453,133.97999572753906,32527300,126.2180404663086
2019-08-15,134.38999938964844,134.5800018310547,132.25,133.67999267578125,28074400,125.9354019165039
2019-08-16,134.8800048828125,136.4600067138672,134.72000122070312,136.1300048828125,24449100,128.24346923828125
2019-08-19,137.85000610351562,138.5500030517578,136.88999938964844,138.41000366210938,24355700,130.39137268066406
2019-08-20,138.2100067138672,138.7100067138672,137.24000549316406,137.25999450683594,21170800,129.30796813964844
2019-08-21,138.5500030517578,139.49000549316406,138,138.7899932861328,14970300,130.74932861328125
2019-08-22,138.66000366210938,139.1999969482422,136.2899932861328,137.77999877929688,18697000,129.7978973388672
2019-08-23,137.19000244140625,138.35000610351562,132.8000030517578,133.38999938964844,38508600,125.6622085571289
2019-08-26,134.99000549316406,135.55999755859375,133.89999389648438,135.4499969482422,20312600,127.6028823852539
2019-08-27,136.38999938964844,136.72000122070312,134.66000366210938,135.74000549316406,23102100,127.87605285644531
2019-08-28,134.8800048828125,135.75999450683594,133.5500030517578,135.55999755859375,17393300,127.70648956298828
2019-08-29,137.25,138.44000244140625,136.91000366210938,138.1199951171875,20168700,130.11814880371094
2019-08-30,139.14999389648438,139.17999267578125,136.27000427246094,137.86000061035156,23940100,129.87322998046875
2019-09-03,136.61000061035156,137.1999969482422,135.6999969482422,136.0399932861328,18869300,128.15870666503906
2019-09-04,137.3000030517578,137.69000244140625,136.47999572753906,137.6300048828125,17995900,129.6565704345703
2019-09-05,139.11000061035156,140.3800048828125,138.75999450683594,140.0500030517578,26101800,131.93637084960938
2019-09-06,140.02999877929688,140.17999267578125,138.1999969482422,139.10000610351562,20824500,131.0414276123047
2019-09-09,139.58999633789062,139.75,136.4600067138672,137.52000427246094,25773900,129.552978515625
2019-09-10,136.8000030517578,136.88999938964844,134.50999450683594,136.0800018310547,28903400,128.19635009765625
2019-09-11,135.91000366210938,136.27000427246094,135.08999633789062,136.1199951171875,24726100,128.23403930664062
2019-09-12,137.85000610351562,138.4199981689453,136.8699951171875,137.52000427246094,27010000,129.552978515625
2019-09-13,137.77999877929688,138.05999755859375,136.57000732421875,137.32000732421875,23363100,129.3645477294922
2019-09-16,135.8300018310547,136.6999969482422,135.66000366210938,136.3300018310547,16731400,128.431884765625
2019-09-17,136.9600067138672,137.52000427246094,136.42999267578125,137.38999938964844,17814200,129.43048095703125
2019-09-18,137.36000061035156,138.6699981689453,136.52999877929688,138.52000427246094,23982100,130.4949951171875
2019-09-19,140.3000030517578,142.3699951171875,140.07000732421875,141.07000732421875,35772100,132.89732360839844
2019-09-20,141.00999450683594,141.64999389648438,138.25,139.44000244140625,39167300,131.3616943359375
2019-09-23,139.22999572753906,139.6300048828125,138.44000244140625,139.13999938964844,17139300,131.0791015625
2019-09-24,140.36000061035156,140.69000244140625,136.8800048828125,137.3800048828125,29773200,129.4210205078125
2019-09-25,137.5,139.9600067138672,136.02999877929688,139.36000061035156,21382000,131.28631591796875
2019-09-26,139.44000244140625,140.17999267578125,138.44000244140625,139.5399932861328,17456600,131.45590209960938
2019-09-27,140.14999389648438,140.36000061035156,136.64999389648438,137.72999572753906,22477700,129.75074768066406
2019-09-30,138.0500030517578,139.22000122070312,137.77999877929688,139.02999877929688,17280900,130.97544860839844
2019-10-01,139.66000366210938,140.25,137,137.07000732421875,21466600,129.12904357910156
2019-10-02,136.25,136.3699951171875,133.5800018310547,134.64999389648438,30521700,126.84917449951172
2019-10-03,134.9499969482422,136.75,133.22000122070312,136.27999877929688,24132900,128.38479614257812
2019-10-04,136.75,138.25,136.4199981689453,138.1199951171875,22897700,130.11814880371094
2019-10-07,137.13999938964844,138.17999267578125,137.02000427246094,137.1199951171875,15303700,129.1761016845703
2019-10-08,137.0800018310547,137.75999450683594,135.6199951171875,135.6699981689453,25550500,127.81009674072266
2019-10-09,137.4600067138672,138.6999969482422,136.97000122070312,138.24000549316406,19749900,130.23121643066406
2019-10-10,138.49000549316406,139.6699981689453,138.25,139.10000610351562,17654600,131.0414276123047
2019-10-11,140.1199951171875,141.02999877929688,139.5,139.67999267578125,25446000,131.58778381347656
2019-10-14,139.69000244140625,140.2899932861328,139.52000427246094,139.5500030517578,13304300,131.46536254882812
2019-10-15,140.05999755859375,141.7899932861328,139.80999755859375,141.57000732421875,19695700,133.36830139160156
2019-10-16,140.7899932861328,140.99000549316406,139.52999877929688,140.41000366210938,20751600,132.2755584716797
2019-10-17,140.9499969482422,141.4199981689453,139.02000427246094,139.69000244140625,21460600,131.59722900390625
2019-10-18,139.75999450683594,140,136.55999755859375,137.41000366210938,32273500,129.44924926757812
2019-10-21,138.4499969482422,138.5,137.00999450683594,138.42999267578125,20078200,130.41017150878906
2019-10-22,138.97000122070312,140.00999450683594,136.25999450683594,136.3699951171875,27431000,128.46954345703125
2019-10-23,136.8800048828125,137.4499969482422,135.61000061035156,137.24000549316406,29844600,129.2891387939453
2019-10-24,139.38999938964844,140.4199981689453,138.6699981689453,139.94000244140625,37029300,131.83274841308594
2019-10-25,139.33999633789062,141.13999938964844,139.1999969482422,140.72999572753906,25959700,132.5769805908203
2019-10-28,144.39999389648438,145.6699981689453,143.50999450683594,144.19000244140625,35280100,135.8365478515625
2019-10-29,144.0800018310547,144.5,142.64999389648438,142.8300018310547,20589500,134.55528259277344
2019-10-30,143.52000427246094,145,142.7899932861328,144.61000061035156,18496600,136.2322235107422
2019-10-31,144.89999389648438,144.92999267578125,142.99000549316406,143.3699951171875,24605100,135.06402587890625
2019-11-01,144.25999450683594,144.4199981689453,142.97000122070312,143.72000122070312,33128400,135.39373779296875
2019-11-04,144.8300018310547,145,144.16000366210938,144.5500030517578,16912000,136.1757049560547
2019-11-05,144.97000122070312,145.02000427246094,143.91000366210938,144.4600067138672,18250200,136.09085083007812
2019-11-06,144.3699951171875,144.52000427246094,143.1999969482422,144.05999755859375,16575800,135.71405029296875
2019-11-07,143.83999633789062,144.8800048828125,143.77000427246094,144.25999450683594,17786700,135.9024200439453
2019-11-08,143.97999572753906,145.99000549316406,143.75999450683594,145.9600067138672,16732700,137.5040283203125
2019-11-11,145.33999633789062,146.4199981689453,144.72999572753906,146.11000061035156,14362600,137.6453094482422
2019-11-12,146.27999877929688,147.57000732421875,146.05999755859375,147.07000732421875,18641600,138.54969787597656
2019-11-13,146.74000549316406,147.4600067138672,146.27999877929688,147.30999755859375,16919200,138.77578735351562
2019-11-14,147.02000427246094,148.41000366210938,147,148.05999755859375,19729800,139.4822998046875
2019-11-15,148.92999267578125,149.99000549316406,148.27000427246094,149.97000122070312,23485700,141.2816619873047
2019-11-18,150.07000732421875,150.5500030517578,148.97999572753906,150.33999633789062,21534000,141.6302490234375
2019-11-19,150.8800048828125,151.3300018310547,150.1999969482422,150.38999938964844,23935700,141.6773681640625
2019-11-20,150.30999755859375,150.83999633789062,148.4600067138672,149.6199951171875,25696800,141.4315643310547
2019-11-21,149.39999389648438,149.8000030517578,148.5,149.47999572753906,18576100,141.29922485351562
2019-11-22,150.07000732421875,150.3000030517578,148.82000732421875,149.58999633789062,15901800,141.40322875976562
2019-11-25,150,151.35000610351562,149.9199981689453,151.22999572753906,22420900,142.95346069335938
2019-11-26,151.36000061035156,152.4199981689453,151.32000732421875,152.02999877929688,24620100,143.70965576171875
2019-11-27,152.3300018310547,152.5,151.52000427246094,152.32000732421875,15184400,143.98377990722656
2019-11-29,152.10000610351562,152.3000030517578,151.27999877929688,151.3800048828125,11977300,143.0952606201172
2019-12-02,151.80999755859375,151.8300018310547,148.32000732421875,149.5500030517578,27418400,141.36538696289062
2019-12-03,147.49000549316406,149.42999267578125,146.64999389648438,149.30999755859375,24066000,141.13853454589844
2019-12-04,150.13999938964844,150.17999267578125,149.1999969482422,149.85000610351562,17574700,141.64895629882812
2019-12-05,150.0500030517578,150.32000732421875,149.47999572753906,149.92999267578125,17869100,141.72459411621094
2019-12-06,150.99000549316406,151.8699951171875,150.27000427246094,151.75,16403500,143.44497680664062
2019-12-09,151.07000732421875,152.2100067138672,150.91000366210938,151.36000061035156,16687400,143.0763702392578
2019-12-10,151.2899932861328,151.88999938964844,150.75999450683594,151.1300048828125,16476100,142.85891723632812
2019-12-11,151.5399932861328,151.8699951171875,150.3300018310547,151.6999969482422,18856600,143.39773559570312
2019-12-12,151.64999389648438,153.44000244140625,151.02000427246094,153.24000549316406,24612100,144.85345458984375
2019-12-13,153,154.88999938964844,152.8300018310547,154.52999877929688,23845400,146.07286071777344
2019-12-16,155.11000061035156,155.89999389648438,154.82000732421875,155.52999877929688,24144200,147.01809692382812
2019-12-17,155.4499969482422,155.7100067138672,154.4499969482422,154.69000244140625,25425600,146.22410583496094
2019-12-18,154.3000030517578,155.47999572753906,154.17999267578125,154.3699951171875,24129200,145.9215850830078
2019-12-19,154,155.77000427246094,153.75,155.7100067138672,24958900,147.1882781982422
2019-12-20,157.35000610351562,158.49000549316406,156.2899932861328,157.41000366210938,53477500,148.7952423095703
2019-12-23,158.1199951171875,158.1199951171875,157.27000427246094,157.41000366210938,17718200,148.7952423095703
2019-12-24,157.47999572753906,157.7100067138672,157.1199951171875,157.3800048828125,8989200,148.76690673828125
2019-12-26,157.55999755859375,158.72999572753906,157.39999389648438,158.6699981689453,14520600,149.98626708984375
2019-12-27,159.4499969482422,159.5500030517578,158.22000122070312,158.9600067138672,18412800,150.26039123535156
2019-12-30,158.99000549316406,159.02000427246094,156.72999572753906,157.58999633789062,16348400,148.96539306640625
2019-12-31,156.77000427246094,157.77000427246094,156.4499969482422,157.6999969482422,18369400,149.06936645507812
2020-01-02,158.77999877929688,160.72999572753906,158.3300018310547,160.6199951171875,22622100,151.8295135498047
2020-01-03,158.32000732421875,159.9499969482422,158.05999755859375,158.6199951171875,21116200,149.93899536132812
2020-01-06,157.0800018310547,159.10000610351562,156.50999450683594,159.02999877929688,20813700,150.32656860351562
2020-01-07,159.32000732421875,159.6699981689453,157.32000732421875,157.5800018310547,21634100,148.95591735839844
2020-01-08,158.92999267578125,160.8000030517578,157.9499969482422,160.08999633789062,27746500,151.32858276367188
2020-01-09,161.83999633789062,162.22000122070312,161.02999877929688,162.08999633789062,21385000,153.21913146972656
2020-01-10,162.82000732421875,163.22000122070312,161.17999267578125,161.33999633789062,20725900,152.5101318359375
2020-01-13,161.75999450683594,163.30999755859375,161.25999450683594,163.27999877929688,21626500,154.34400939941406
2020-01-14,163.38999938964844,163.60000610351562,161.72000122070312,162.1300048828125,23477400,153.2569122314453
2020-01-15,162.6199951171875,163.94000244140625,162.57000732421875,163.17999267578125,21417900,154.2494659423828
2020-01-16,164.35000610351562,166.24000549316406,164.02999877929688,166.1699981689453,23865400,157.07579040527344
2020-01-17,167.4199981689453,167.47000122070312,165.42999267578125,167.10000610351562,34371700,157.95484924316406
2020-01-21,166.67999267578125,168.19000244140625,166.42999267578125,166.5,29517200,157.38775634765625
2020-01-22,167.39999389648438,167.49000549316406,165.67999267578125,165.6999969482422,24138800,156.63157653808594
2020-01-23,166.19000244140625,166.8000030517578,165.27000427246094,166.72000122070312,19680800,157.595703125
2020-01-24,167.50999450683594,167.52999877929688,164.4499969482422,165.0399932861328,24918100,156.0076141357422
2020-01-27,161.14999389648438,163.3800048828125,160.1999969482422,162.27999877929688,32078100,153.39871215820312
2020-01-28,163.77999877929688,165.75999450683594,163.07000732421875,165.4600067138672,24899900,156.4046630859375
2020-01-29,167.83999633789062,168.75,165.69000244140625,168.0399932861328,34754500,158.8434600830078
2020-01-30,174.0500030517578,174.0500030517578,170.7899932861328,172.77999877929688,51597500,163.32406616210938
2020-01-31,172.2100067138672,172.39999389648438,169.5800018310547,170.22999572753906,36142700,160.91358947753906
2020-02-03,170.42999267578125,174.5,170.39999389648438,174.3800048828125,30107000,164.83645629882812
2020-02-04,177.13999938964844,180.63999938964844,176.30999755859375,180.1199951171875,36433300,170.2623291015625
2020-02-05,184.02999877929688,184.1999969482422,178.41000366210938,179.89999389648438,39186300,170.05438232421875
2020-02-06,180.97000122070312,183.82000732421875,180.05999755859375,183.6300048828125,27751400,173.58026123046875
2020-02-07,182.85000610351562,185.6300048828125,182.47999572753906,183.88999938964844,33529100,173.82601928710938
2020-02-10,183.5800018310547,188.83999633789062,183.25,188.6999969482422,35844300,178.3727569580078
2020-02-11,190.64999389648438,190.6999969482422,183.5,184.44000244140625,53159900,174.345947265625
2020-02-12,185.5800018310547,185.85000610351562,181.85000610351562,184.7100067138672,47062900,174.60113525390625
2020-02-13,183.0800018310547,186.22999572753906,182.8699951171875,183.7100067138672,35295800,173.65585327148438
2020-02-14,183.25,185.41000366210938,182.64999389648438,185.35000610351562,23149500,175.20614624023438
2020-02-18,185.61000061035156,187.6999969482422,185.5,187.22999572753906,27792200,176.98324584960938
2020-02-19,188.05999755859375,188.17999267578125,186.47000122070312,187.27999877929688,29997500,177.51406860351562
2020-02-20,186.9499969482422,187.25,181.10000610351562,184.4199981689453,36862400,174.8031463623047
2020-02-21,183.1699981689453,183.5,177.25,178.58999633789062,48572600,169.27720642089844
2020-02-24,167.77000427246094,174.5500030517578,163.22999572753906,170.88999938964844,68311100,161.9787139892578
2020-02-25,174.1999969482422,174.83999633789062,167.64999389648438,168.07000732421875,68073300,159.30575561523438
2020-02-26,169.7100067138672,173.25999450683594,168.2100067138672,170.1699981689453,56206100,161.29624938964844
2020-02-27,163.32000732421875,167.02999877929688,157.97999572753906,158.17999267578125,93174900,149.93145751953125
2020-02-28,152.41000366210938,163.7100067138672,152,162.00999450683594,97012700,153.56175231933594
2020-03-02,165.30999755859375,172.9199981689453,162.30999755859375,172.7899932861328,71030800,163.7796173095703
2020-03-03,173.8000030517578,175,162.25999450683594,164.50999450683594,71677000,155.93141174316406
2020-03-04,168.49000549316406,170.6999969482422,165.6199951171875,170.5500030517578,49814400,161.65647888183594
2020-03-05,166.0500030517578,170.8699951171875,165.69000244140625,166.27000427246094,47817300,157.59963989257812
2020-03-06,162.61000061035156,163.11000061035156,156,161.57000732421875,72821100,153.14474487304688
2020-03-09,151,157.75,150,150.6199951171875,70419300,142.76573181152344
2020-03-10,158.16000366210938,161.02999877929688,152.5800018310547,160.9199981689453,65354400,152.5286102294922
2020-03-11,157.1300048828125,157.6999969482422,151.14999389648438,153.6300048828125,56371600,145.61875915527344
2020-03-12,145.3000030517578,153.47000122070312,138.5800018310547,139.05999755859375,93226400,131.80850219726562
2020-03-13,147.5,161.91000366210938,140.72999572753906,158.8300018310547,92727400,150.54759216308594
2020-03-16,140,149.35000610351562,135,135.4199981689453,87905900,128.35836791992188
2020-03-17,140,147.5,135,146.57000732421875,81059800,138.92694091796875
2020-03-18,138,146,135.02000427246094,140.39999389648438,81593200,133.0786590576172
2020-03-19,142.77000427246094,150.14999389648438,139,142.7100067138672,85922700,135.2681884765625
2020-03-20,146,147.10000610351562,135.86000061035156,137.35000610351562,84866200,130.18772888183594
2020-03-23,137.00999450683594,140.57000732421875,132.52000427246094,135.97999572753906,78975200,128.88909912109375
2020-03-24,143.75,149.60000610351562,141.27000427246094,148.33999633789062,82516700,140.6046142578125
2020-03-25,148.91000366210938,154.3300018310547,144.44000244140625,146.9199981689453,75638200,139.2586212158203
2020-03-26,148.39999389648438,156.66000366210938,148.3699951171875,156.11000061035156,64568100,147.9694366455078
2020-03-27,151.75,154.88999938964844,149.1999969482422,149.6999969482422,57042300,141.89369201660156
2020-03-30,152.44000244140625,160.60000610351562,150.00999450683594,160.22999572753906,63420300,151.8746337890625
2020-03-31,159.39999389648438,164.77999877929688,156.55999755859375,157.7100067138672,77927200,149.4860076904297
2020-04-01,153,157.75,150.82000732421875,152.11000061035156,57969900,144.17800903320312
2020-04-02,151.86000061035156,155.47999572753906,150.36000061035156,155.25999450683594,49630700,147.1637725830078
2020-04-03,155.10000610351562,157.3800048828125,152.19000244140625,153.8300018310547,41243300,145.808349609375
2020-04-06,160.32000732421875,166.5,157.5800018310547,165.27000427246094,67111700,156.65176391601562
2020-04-07,169.58999633789062,170,163.25999450683594,163.49000549316406,62769000,154.964599609375
2020-04-08,165.6699981689453,166.6699981689453,163.5,165.1300048828125,48318200,156.51910400390625
2020-04-09,166.36000061035156,167.3699951171875,163.3300018310547,165.13999938964844,51385100,156.5285186767578
2020-04-13,164.35000610351562,165.57000732421875,162.3000030517578,165.50999450683594,41905300,156.87924194335938
2020-04-14,169,173.75,168,173.6999969482422,52874300,164.6421356201172
2020-04-15,171.1999969482422,173.57000732421875,169.24000549316406,171.8800048828125,40940800,162.9171142578125
2020-04-16,174.3000030517578,177.27999877929688,172.89999389648438,177.0399932861328,50479600,167.80799865722656
2020-04-17,179.5,180,175.8699951171875,178.60000610351562,52765600,169.28665161132812
2020-04-20,176.6300048828125,178.75,174.99000549316406,175.05999755859375,36669600,165.93121337890625
2020-04-21,173.5,173.6699981689453,166.11000061035156,167.82000732421875,56203700,159.06881713867188
2020-04-22,171.38999938964844,174,170.82000732421875,173.52000427246094,34620200,164.47157287597656
2020-04-23,174.11000061035156,175.05999755859375,170.91000366210938,171.4199981689453,32790800,162.48104858398438
2020-04-24,172.05999755859375,174.55999755859375,170.7100067138672,174.5500030517578,34277600,165.44790649414062
2020-04-27,176.58999633789062,176.89999389648438,173.3000030517578,174.0500030517578,33194400,164.97390747070312
2020-04-28,175.58999633789062,175.6699981689453,169.38999938964844,169.80999755859375,34392700,160.95501708984375
2020-04-29,173.22000122070312,177.67999267578125,171.8800048828125,177.42999267578125,51286600,168.1776580810547
2020-04-30,180,180.39999389648438,176.22999572753906,179.2100067138672,53875900,169.86488342285156
2020-05-01,175.8000030517578,178.63999938964844,174.00999450683594,174.57000732421875,39370500,165.46681213378906
2020-05-04,174.49000549316406,179,173.8000030517578,178.83999633789062,30372900,169.51414489746094
2020-05-05,180.6199951171875,183.64999389648438,179.89999389648438,180.75999450683594,36839200,171.333984375
2020-05-06,182.0800018310547,184.1999969482422,181.6300048828125,182.5399932861328,32139300,173.02120971679688
2020-05-07,184.1699981689453,184.5500030517578,182.5800018310547,183.60000610351562,28316000,174.02593994140625
2020-05-08,184.97999572753906,185,183.36000061035156,184.67999267578125,30877800,175.0496063232422
2020-05-11,183.14999389648438,187.50999450683594,182.85000610351562,186.74000549316406,30892700,177.00221252441406
2020-05-12,186.8000030517578,187.0399932861328,182.3000030517578,182.50999450683594,32038200,172.99276733398438
2020-05-13,182.5500030517578,184.0500030517578,176.5399932861328,179.75,44711500,170.376708984375
2020-05-14,177.5399932861328,180.69000244140625,175.67999267578125,180.52999877929688,41873900,171.11602783203125
2020-05-15,179.05999755859375,187.05999755859375,177,183.16000366210938,46610400,173.60887145996094
2020-05-18,185.75,186.1999969482422,183.9600067138672,184.91000366210938,35264500,175.26763916015625
2020-05-19,185.02999877929688,186.60000610351562,183.49000549316406,183.6300048828125,26799100,174.0543670654297
2020-05-20,184.80999755859375,185.85000610351562,183.94000244140625,185.66000366210938,31261300,176.4685821533203
2020-05-21,185.39999389648438,186.6699981689453,183.2899932861328,183.42999267578125,29119500,174.34901428222656
2020-05-22,183.19000244140625,184.4600067138672,182.5399932861328,183.50999450683594,20826900,174.42506408691406
2020-05-26,186.33999633789062,186.5,181.10000610351562,181.57000732421875,36073600,172.5811309814453
2020-05-27,180.1999969482422,181.99000549316406,176.60000610351562,181.80999755859375,39517100,172.8092041015625
2020-05-28,180.74000549316406,184.14999389648438,180.3800048828125,181.39999389648438,33810200,172.41952514648438
2020-05-29,182.72999572753906,184.27000427246094,180.41000366210938,183.25,42130400,174.177978515625
2020-06-01,182.5399932861328,183,181.4600067138672,182.8300018310547,22622400,173.77871704101562
2020-06-02,184.25,185,181.35000610351562,184.91000366210938,30794600,175.75576782226562
2020-06-03,184.82000732421875,185.94000244140625,183.5800018310547,185.36000061035156,27311000,176.1834716796875
2020-06-04,184.3000030517578,185.83999633789062,182.3000030517578,182.9199981689453,28761800,173.86428833007812
2020-06-05,182.6199951171875,187.72999572753906,182.00999450683594,187.1999969482422,39893600,177.93238830566406
2020-06-08,185.94000244140625,188.5500030517578,184.44000244140625,188.36000061035156,33211600,179.0349578857422
2020-06-09,188,190.6999969482422,187.25999450683594,189.8000030517578,29783900,180.40370178222656
2020-06-10,191.1300048828125,198.52000427246094,191.00999450683594,196.83999633789062,43872300,187.0951385498047
2020-06-11,193.1300048828125,195.75999450683594,186.07000732421875,186.27000427246094,52854700,177.04840087890625
2020-06-12,190.5399932861328,191.72000122070312,185.17999267578125,187.74000549316406,43373600,178.4456787109375
2020-06-15,184.5800018310547,190.82000732421875,184.00999450683594,188.94000244140625,32770200,179.5862579345703
2020-06-16,192.88999938964844,195.5800018310547,191.4600067138672,193.57000732421875,42556700,183.98704528808594
2020-06-17,195.02999877929688,196.32000732421875,193.69000244140625,194.24000549316406,25687800,184.6239013671875
2020-06-18,194,196.49000549316406,194,196.32000732421875,23061600,186.60089111328125
2020-06-19,198.58999633789062,199.2899932861328,194.3699951171875,195.14999389648438,44441100,185.48876953125
2020-06-22,195.7899932861328,200.75999450683594,195.22999572753906,200.57000732421875,32818900,190.64047241210938
2020-06-23,202.08999633789062,203.9499969482422,201.42999267578125,201.91000366210938,30917400,191.9141387939453
2020-06-24,201.60000610351562,203.25,196.55999755859375,197.83999633789062,36740600,188.045654296875
2020-06-25,197.8000030517578,200.61000061035156,195.47000122070312,200.33999633789062,27803900,190.421875
2020-06-26,199.72999572753906,199.88999938964844,194.8800048828125,196.3300018310547,54675800,186.6103973388672
2020-06-29,195.77999877929688,198.52999877929688,193.5500030517578,198.44000244140625,26701600,188.61593627929688
2020-06-30,197.8800048828125,204.39999389648438,197.74000549316406,203.50999450683594,34310300,193.43496704101562
2020-07-01,203.13999938964844,206.35000610351562,201.77000427246094,204.6999969482422,32061200,194.56607055664062
2020-07-02,205.67999267578125,208.02000427246094,205,206.25999450683594,29315800,196.04879760742188
2020-07-06,208.8300018310547,211.1300048828125,208.08999633789062,210.6999969482422,31897600,200.26898193359375
2020-07-07,210.4499969482422,214.6699981689453,207.99000549316406,208.25,33600700,197.94027709960938
2020-07-08,210.07000732421875,213.25999450683594,208.69000244140625,212.8300018310547,33600000,202.2935028076172
2020-07-09,216.3300018310547,216.3800048828125,211.47000122070312,214.32000732421875,33121700,203.7097625732422
2020-07-10,213.6199951171875,214.0800018310547,211.0800018310547,213.6699981689453,26177600,203.09194946289062
2020-07-13,214.47999572753906,215.8000030517578,206.5,207.07000732421875,38135600,196.81866455078125
2020-07-14,206.1300048828125,208.85000610351562,202.02999877929688,208.35000610351562,37591800,198.0353240966797
2020-07-15,209.55999755859375,211.3300018310547,205.02999877929688,208.0399932861328,32179400,197.74066162109375
2020-07-16,205.39999389648438,205.6999969482422,202.30999755859375,203.9199981689453,29940700,193.82464599609375
2020-07-17,204.47000122070312,205.0399932861328,201.38999938964844,202.8800048828125,31635300,192.8361358642578
2020-07-20,205,212.3000030517578,203.00999450683594,211.60000610351562,36884800,201.12440490722656
2020-07-21,213.66000366210938,213.94000244140625,208.02999877929688,208.75,37990400,198.41549682617188
2020-07-22,209.1999969482422,212.3000030517578,208.38999938964844,211.75,49605700,201.26698303222656
2020-07-23,207.19000244140625,210.9199981689453,202.14999389648438,202.5399932861328,67457000,192.51295471191406
2020-07-24,200.4199981689453,202.86000061035156,197.50999450683594,201.3000030517578,39827000,191.3343505859375
2020-07-27,201.47000122070312,203.97000122070312,200.86000061035156,203.85000610351562,30160900,193.75808715820312
2020-07-28,203.61000061035156,204.6999969482422,201.74000549316406,202.02000427246094,23251400,192.0187225341797
2020-07-29,202.5,204.64999389648438,202.00999450683594,204.05999755859375,19632600,193.9576873779297
2020-07-30,201,204.4600067138672,199.57000732421875,203.89999389648438,25079600,193.80560302734375
2020-07-31,204.39999389648438,205.10000610351562,199.00999450683594,205.00999450683594,51044000,194.8606719970703
2020-08-03,211.52000427246094,217.63999938964844,210.44000244140625,216.5399932861328,78983000,205.81983947753906
2020-08-04,214.1699981689453,214.77000427246094,210.30999755859375,213.2899932861328,49280100,202.730712890625
2020-08-05,214.89999389648438,215,211.57000732421875,212.94000244140625,28806400,202.39805603027344
2020-08-06,212.33999633789062,216.3699951171875,211.5500030517578,216.35000610351562,32656800,205.6392822265625
2020-08-07,214.85000610351562,215.6999969482422,210.92999267578125,212.47999572753906,27820400,201.96084594726562
2020-08-10,211.6699981689453,211.8800048828125,206.35000610351562,208.25,36716500,197.94027709960938
2020-08-11,207.16000366210938,207.64999389648438,203.13999938964844,203.3800048828125,36446500,193.31138610839844
2020-08-12,205.2899932861328,210.27999877929688,204.75,209.19000244140625,28013100,198.833740234375
2020-08-13,209.44000244140625,211.35000610351562,208.14999389648438,208.6999969482422,22588900,198.36798095703125
2020-08-14,208.75999450683594,209.58999633789062,207.50999450683594,208.89999389648438,17958900,198.55809020996094
2020-08-17,209.60000610351562,211.19000244140625,208.9199981689453,210.27999877929688,20184800,199.86981201171875
2020-08-18,210.52999877929688,212.36000061035156,209.2100067138672,211.49000549316406,21336200,201.01991271972656
2020-08-19,211.49000549316406,212.10000610351562,209.25,209.6999969482422,27627600,199.8003387451172
2020-08-20,209.5399932861328,215,208.91000366210938,214.5800018310547,26981500,204.44993591308594
2020-08-21,213.86000061035156,216.25,212.85000610351562,213.02000427246094,36249300,202.9635467529297
2020-08-24,214.7899932861328,215.52000427246094,212.42999267578125,213.69000244140625,25460100,203.6019287109375
2020-08-25,213.10000610351562,216.61000061035156,213.10000610351562,216.47000122070312,23043700,206.25074768066406
2020-08-26,217.8800048828125,222.08999633789062,217.36000061035156,221.14999389648438,39600800,210.70977783203125
2020-08-27,222.88999938964844,231.14999389648438,219.39999389648438,226.5800018310547,57602200,215.88343811035156
2020-08-28,228.17999267578125,230.63999938964844,226.5800018310547,228.91000366210938,26292900,218.1034393310547
2020-08-31,227,228.6999969482422,224.30999755859375,225.52999877929688,28774200,214.88296508789062
2020-09-01,225.50999450683594,227.4499969482422,224.42999267578125,227.27000427246094,25725500,216.5408172607422
2020-09-02,227.97000122070312,232.86000061035156,227.35000610351562,231.64999389648438,34080800,220.71409606933594
2020-09-03,229.27000427246094,229.30999755859375,214.9600067138672,217.3000030517578,58400300,207.04148864746094
2020-09-04,215.10000610351562,218.36000061035156,205.19000244140625,214.25,59664100,204.13551330566406
2020-09-08,206.5,210.02999877929688,202.1999969482422,202.66000366210938,52924300,193.09262084960938
2020-09-09,207.60000610351562,214.83999633789062,206.6999969482422,211.2899932861328,45679000,201.31524658203125
2020-09-10,213.39999389648438,214.74000549316406,204.11000061035156,205.3699951171875,35461500,195.67474365234375
2020-09-11,207.1999969482422,208.6300048828125,201.24000549316406,204.02999877929688,33620100,194.39794921875
2020-09-14,204.24000549316406,209.1999969482422,204.02999877929688,205.41000366210938,30375800,195.7128143310547
2020-09-15,208.4199981689453,209.77999877929688,206.92999267578125,208.77999877929688,21823900,198.92373657226562
2020-09-16,210.6199951171875,210.64999389648438,204.63999938964844,205.0500030517578,26328100,195.3698272705078
2020-09-17,200.0500030517578,204.3300018310547,199.9600067138672,202.91000366210938,34011300,193.33087158203125
2020-09-18,202.8000030517578,203.64999389648438,196.25,200.38999938964844,55225300,190.92982482910156
2020-09-21,197.19000244140625,202.7100067138672,196.3800048828125,202.5399932861328,39839700,192.9783172607422
2020-09-22,205.05999755859375,208.10000610351562,202.0800018310547,207.4199981689453,33517100,197.62791442871094
2020-09-23,207.89999389648438,208.10000610351562,200.02999877929688,200.58999633789062,30803800,191.120361328125
2020-09-24,199.85000610351562,205.57000732421875,199.1999969482422,203.19000244140625,31202500,193.5976104736328
2020-09-25,203.5500030517578,209.0399932861328,202.5399932861328,207.82000732421875,29437300,198.009033203125
2020-09-28,210.8800048828125,212.57000732421875,208.05999755859375,209.44000244140625,32004900,199.55255126953125
2020-09-29,209.35000610351562,210.07000732421875,206.80999755859375,207.25999450683594,24221900,197.47549438476562
2020-09-30,207.72999572753906,211.97999572753906,206.5399932861328,210.3300018310547,33829100,200.4005889892578
2020-10-01,213.49000549316406,213.99000549316406,211.32000732421875,212.4600067138672,27158400,202.43003845214844
2020-10-02,208,210.99000549316406,205.5399932861328,206.19000244140625,33154800,196.4560089111328
2020-10-05,207.22000122070312,210.41000366210938,206.97999572753906,210.3800048828125,21331600,200.4481964111328
2020-10-06,208.82000732421875,210.17999267578125,204.82000732421875,205.91000366210938,28554300,196.18922424316406
2020-10-07,207.05999755859375,210.11000061035156,206.72000122070312,209.8300018310547,25681100,199.9241943359375
2020-10-08,210.50999450683594,211.19000244140625,208.32000732421875,210.5800018310547,19925800,200.63877868652344
2020-10-09,211.22999572753906,215.86000061035156,211.22999572753906,215.80999755859375,26458000,205.621826171875
2020-10-12,218.7899932861328,223.86000061035156,216.80999755859375,221.39999389648438,40461400,210.94793701171875
2020-10-13,222.72000122070312,225.2100067138672,220.42999267578125,222.86000061035156,28950800,212.3390655517578
2020-10-14,223,224.22000122070312,219.1300048828125,220.86000061035156,23421700,210.4334259033203
2020-10-15,217.10000610351562,220.36000061035156,216.00999450683594,219.66000366210938,22733100,209.29010009765625
2020-10-16,220.14999389648438,222.2899932861328,219.32000732421875,219.66000366210938,26057900,209.29010009765625
2020-10-19,220.4199981689453,222.3000030517578,213.72000122070312,214.22000122070312,27625800,204.10696411132812
2020-10-20,215.8000030517578,217.3699951171875,213.08999633789062,214.64999389648438,22753500,204.5166015625
2020-10-21,213.1199951171875,216.9199981689453,213.1199951171875,214.8000030517578,22724900,204.6595458984375
2020-10-22,213.92999267578125,216.05999755859375,211.6999969482422,214.88999938964844,22351500,204.7452850341797
2020-10-23,215.02999877929688,216.27999877929688,213.16000366210938,216.22999572753906,18879600,206.02198791503906
2020-10-26,213.85000610351562,216.33999633789062,208.10000610351562,210.0800018310547,37111600,200.16233825683594
2020-10-27,211.58999633789062,214.6699981689453,210.3300018310547,213.25,36700300,203.18272399902344
2020-10-28,207.6699981689453,208.83999633789062,202.10000610351562,202.67999267578125,51195600,193.11170959472656
2020-10-29,204.07000732421875,207.36000061035156,203.3699951171875,204.72000122070312,31432600,195.05538940429688
2020-10-30,203.5,204.2899932861328,199.6199951171875,202.47000122070312,36953700,192.91159057617188
2020-11-02,204.2899932861328,205.27999877929688,200.1199951171875,202.3300018310547,30842200,192.7782440185547
2020-11-03,203.88999938964844,208.1199951171875,203.1199951171875,206.42999267578125,27512000,196.68467712402344
2020-11-04,214.02000427246094,218.32000732421875,212.4199981689453,216.38999938964844,42311800,206.1744842529297
2020-11-05,222.0399932861328,224.1199951171875,221.14999389648438,223.2899932861328,36080100,212.74871826171875
2020-11-06,222.25999450683594,224.36000061035156,218.02999877929688,223.72000122070312,25231900,213.158447265625
2020-11-09,224.44000244140625,228.1199951171875,217.8800048828125,218.38999938964844,44395000,208.0800323486328
2020-11-10,214.5,216.5,209.72000122070312,211.00999450683594,44045100,201.0484619140625
2020-11-11,212.38999938964844,218.0399932861328,212.1999969482422,216.5500030517578,29440800,206.32693481445312
2020-11-12,217.2100067138672,219.11000061035156,214.4600067138672,215.44000244140625,21593900,205.26934814453125
2020-11-13,216.36000061035156,217.4199981689453,214.16000366210938,216.50999450683594,18621100,206.28878784179688
2020-11-16,214.8699951171875,217.74000549316406,214.52000427246094,217.22999572753906,24953300,206.9748077392578
2020-11-17,216.10000610351562,217.67999267578125,214.0800018310547,214.4600067138672,24154100,204.3355712890625
2020-11-18,213.64999389648438,215.1699981689453,210.92999267578125,211.0800018310547,28372800,201.64169311523438
2020-11-19,211.3800048828125,213.02999877929688,209.92999267578125,212.4199981689453,24792700,202.92176818847656
2020-11-20,212.1999969482422,213.2899932861328,210,210.38999938964844,22843100,200.98255920410156
2020-11-23,210.9499969482422,212.2899932861328,208.16000366210938,210.11000061035156,25683500,200.715087890625
2020-11-24,209.58999633789062,214.25,208.86000061035156,213.86000061035156,33979700,204.29737854003906
2020-11-25,215.11000061035156,215.2899932861328,212.4600067138672,213.8699951171875,21012900,204.3069305419922
2020-11-27,214.85000610351562,216.27000427246094,214.0399932861328,215.22999572753906,14512200,205.6061248779297
2020-11-30,214.10000610351562,214.75999450683594,210.83999633789062,214.07000732421875,33064800,204.49801635742188
2020-12-01,214.50999450683594,217.32000732421875,213.35000610351562,216.2100067138672,30904500,206.5423126220703
2020-12-02,214.8800048828125,215.47000122070312,212.8000030517578,215.3699951171875,23724500,205.73985290527344
2020-12-03,214.61000061035156,216.3800048828125,213.64999389648438,214.24000549316406,25120900,204.6603546142578
2020-12-04,214.22000122070312,215.3800048828125,213.17999267578125,214.36000061035156,24666000,204.77500915527344
2020-12-07,214.3699951171875,215.5399932861328,212.99000549316406,214.2899932861328,24620000,204.70816040039062
2020-12-08,213.97000122070312,216.9499969482422,212.88999938964844,216.00999450683594,23284100,206.35125732421875
2020-12-09,215.16000366210938,215.22999572753906,211.2100067138672,211.8000030517578,32440600,202.3295135498047
2020-12-10,211.77000427246094,213.0800018310547,210.36000061035156,210.52000427246094,26733300,201.1067352294922
2020-12-11,210.0500030517578,213.32000732421875,209.11000061035156,213.25999450683594,30979400,203.72425842285156
2020-12-14,213.10000610351562,216.2100067138672,212.8800048828125,214.1999969482422,28798400,204.6221466064453
2020-12-15,215.1699981689453,215.4199981689453,212.24000549316406,214.1300048828125,27000600,204.5553436279297
2020-12-16,214.75,220.11000061035156,214.72000122070312,219.27999877929688,35023300,209.47503662109375
2020-12-17,219.8699951171875,220.88999938964844,217.9199981689453,219.4199981689453,32515800,209.60879516601562
2020-12-18,218.58999633789062,219.69000244140625,216.02000427246094,218.58999633789062,63354900,208.81590270996094
2020-12-21,217.5500030517578,224,217.27999877929688,222.58999633789062,37181900,212.63702392578125
2020-12-22,222.69000244140625,225.6300048828125,221.85000610351562,223.94000244140625,22612200,213.9266357421875
2020-12-23,223.11000061035156,223.55999755859375,220.8000030517578,221.02000427246094,18699600,211.1372528076172
2020-12-24,221.4199981689453,223.61000061035156,221.1999969482422,222.75,10550600,212.78985595703125
2020-12-28,224.4499969482422,226.02999877929688,223.02000427246094,224.9600067138672,17933500,214.9010467529297
2020-12-29,226.30999755859375,227.17999267578125,223.5800018310547,224.14999389648438,17403200,214.1272430419922
2020-12-30,225.22999572753906,225.6300048828125,221.47000122070312,221.67999267578125,20272300,211.7677001953125
2020-12-31,221.6999969482422,223,219.67999267578125,222.4199981689453,20942100,212.47462463378906
2021-01-04,222.52999877929688,223,214.80999755859375,217.69000244140625,37130100,207.95611572265625
2021-01-05,217.25999450683594,218.52000427246094,215.6999969482422,217.89999389648438,23823000,208.15675354003906
2021-01-06,212.1699981689453,216.49000549316406,211.94000244140625,212.25,35930700,202.7593231201172
2021-01-07,214.0399932861328,219.33999633789062,213.7100067138672,218.2899932861328,27694500,208.52931213378906
2021-01-08,218.67999267578125,220.5800018310547,217.02999877929688,219.6199951171875,22956200,209.79983520507812
2021-01-11,218.47000122070312,218.91000366210938,216.72999572753906,217.49000549316406,23031300,207.7650909423828
2021-01-12,216.5,217.10000610351562,213.32000732421875,214.92999267578125,23249300,205.31951904296875
2021-01-13,214.02000427246094,216.75999450683594,213.92999267578125,216.33999633789062,20087100,206.66650390625
2021-01-14,215.91000366210938,217.4600067138672,212.74000549316406,213.02000427246094,29480800,203.49493408203125
2021-01-15,213.52000427246094,214.50999450683594,212.02999877929688,212.64999389648438,31746500,203.14146423339844
2021-01-19,213.75,216.97999572753906,212.6300048828125,216.44000244140625,30480900,206.7620086669922
2021-01-20,217.6999969482422,225.7899932861328,217.2899932861328,224.33999633789062,37777300,214.3087615966797
2021-01-21,224.6999969482422,226.3000030517578,222.4199981689453,224.97000122070312,30709400,214.9105987548828
2021-01-22,227.0800018310547,230.07000732421875,225.8000030517578,225.9499969482422,30172700,215.84678649902344
2021-01-25,229.1199951171875,229.77999877929688,224.22000122070312,229.52999877929688,33152100,219.26670837402344
2021-01-26,231.86000061035156,234.17999267578125,230.0800018310547,232.3300018310547,49169600,221.9415283203125
2021-01-27,238,240.44000244140625,230.13999938964844,232.89999389648438,69870600,222.4860382080078
2021-01-28,235.61000061035156,242.63999938964844,235.08999633789062,238.92999267578125,49111200,228.2463836669922
2021-01-29,235.99000549316406,238.02000427246094,231.35000610351562,231.9600067138672,42503100,221.58802795410156
2021-02-01,235.05999755859375,242.5,232.42999267578125,239.64999389648438,33314200,228.93414306640625
2021-02-02,241.3000030517578,242.30999755859375,238.69000244140625,239.50999450683594,25916300,228.80050659179688
2021-02-03,239.57000732421875,245.08999633789062,239.25999450683594,243,27158100,232.13436889648438
2021-02-04,242.66000366210938,243.24000549316406,240.3699951171875,242.00999450683594,25296100,231.18869018554688
2021-02-05,242.22999572753906,243.27999877929688,240.4199981689453,242.1999969482422,18054800,231.3701934814453
2021-02-08,243.14999389648438,243.67999267578125,240.80999755859375,242.47000122070312,22211900,231.62811279296875
2021-02-09,241.8699951171875,244.75999450683594,241.3800048828125,243.77000427246094,23565000,232.86996459960938
2021-02-10,245,245.9199981689453,240.88999938964844,242.82000732421875,22186700,231.9624481201172
2021-02-11,244.77999877929688,245.14999389648438,242.14999389648438,244.49000549316406,15751100,233.55776977539062
2021-02-12,243.92999267578125,245.3000030517578,242.72999572753906,244.99000549316406,16561100,234.035400390625
2021-02-16,245.02999877929688,246.1300048828125,242.9199981689453,243.6999969482422,26728500,232.8031005859375
2021-02-17,241.32000732421875,244.30999755859375,240.94000244140625,244.1999969482422,21653500,233.81805419921875
2021-02-18,241.8000030517578,243.92999267578125,240.86000061035156,243.7899932861328,16925600,233.4254608154297
2021-02-19,243.75,243.86000061035156,240.17999267578125,240.97000122070312,25262600,230.72535705566406
2021-02-22,237.4199981689453,237.92999267578125,232.39999389648438,234.50999450683594,36446900,224.5399932861328
2021-02-23,230.3300018310547,234.8300018310547,228.72999572753906,233.27000427246094,30228700,223.35269165039062
2021-02-24,230.00999450683594,235.1999969482422,229,234.5500030517578,26339700,224.5782928466797
2021-02-25,232.0800018310547,234.58999633789062,227.8800048828125,228.99000549316406,39542200,219.254638671875
2021-02-26,231.52999877929688,235.3699951171875,229.5399932861328,232.3800048828125,37819200,222.50054931640625
2021-03-01,235.89999389648438,237.47000122070312,233.14999389648438,236.94000244140625,25324000,226.86669921875
2021-03-02,237.00999450683594,237.3000030517578,233.4499969482422,233.8699951171875,22812500,223.9272003173828
2021-03-03,232.16000366210938,233.5800018310547,227.25999450683594,227.55999755859375,34029500,217.8854522705078
2021-03-04,226.74000549316406,232.49000549316406,224.25999450683594,226.72999572753906,44727800,217.0907745361328
2021-03-05,229.52000427246094,233.27000427246094,226.4600067138672,231.60000610351562,41872800,221.75372314453125
2021-03-08,231.3699951171875,233.3699951171875,227.1300048828125,227.38999938964844,35267400,217.72268676757812
2021-03-09,232.8800048828125,235.3800048828125,231.6699981689453,233.77999877929688,33080500,223.8410186767578
2021-03-10,237,237,232.0399932861328,232.4199981689453,29746800,222.5388641357422
2021-03-11,234.9600067138672,239.1699981689453,234.30999755859375,237.1300048828125,29907600,227.04861450195312
2021-03-12,234.00999450683594,235.82000732421875,233.22999572753906,235.75,22653700,225.72726440429688
2021-03-15,234.9600067138672,235.19000244140625,231.80999755859375,234.80999755859375,26034900,224.82720947265625
2021-03-16,236.27999877929688,240.05999755859375,235.94000244140625,237.7100067138672,28092200,227.60394287109375
2021-03-17,236.14999389648438,238.5500030517578,233.22999572753906,237.0399932861328,29562100,226.96243286132812
2021-03-18,232.55999755859375,234.19000244140625,230.3300018310547,230.72000122070312,34833000,220.91111755371094
2021-03-19,231.02000427246094,232.47000122070312,229.35000610351562,230.35000610351562,46430700,220.55686950683594
2021-03-22,230.27000427246094,236.89999389648438,230.13999938964844,235.99000549316406,30127000,225.95709228515625
2021-03-23,237.49000549316406,241.0500030517578,237.07000732421875,237.5800018310547,31638400,227.47947692871094
2021-03-24,237.85000610351562,238,235.32000732421875,235.4600067138672,25620100,225.44961547851562
2021-03-25,235.3000030517578,236.94000244140625,231.57000732421875,232.33999633789062,34061900,222.46224975585938
2021-03-26,231.5500030517578,236.7100067138672,231.5500030517578,236.47999572753906,25479900,226.42623901367188
2021-03-29,236.58999633789062,236.8000030517578,231.8800048828125,235.24000549316406,25227500,225.2389678955078
2021-03-30,233.52999877929688,233.85000610351562,231.10000610351562,231.85000610351562,24792000,221.99305725097656
2021-03-31,232.91000366210938,239.10000610351562,232.38999938964844,235.77000427246094,43623500,225.7464141845703
2021-04-01,238.47000122070312,242.83999633789062,238.0500030517578,242.35000610351562,30338000,232.0467071533203
2021-04-05,242.75999450683594,249.9600067138672,242.6999969482422,249.07000732421875,36910600,238.48098754882812
2021-04-06,247.61000061035156,249.39999389648438,246.8800048828125,247.86000061035156,22931900,237.32240295410156
2021-04-07,247.80999755859375,250.92999267578125,247.19000244140625,249.89999389648438,22719800,239.2756805419922
2021-04-08,252.77000427246094,254.13999938964844,252,253.25,23625200,242.4832763671875
2021-04-09,252.8699951171875,255.99000549316406,252.44000244140625,255.85000610351562,24326800,244.9727325439453
2021-04-12,254.7100067138672,257.6700134277344,254.6199951171875,255.91000366210938,27148700,245.03018188476562
2021-04-13,257.260009765625,259.19000244140625,256.8299865722656,258.489990234375,23837500,247.50050354003906
2021-04-14,257.4800109863281,258.8299865722656,255.16000366210938,255.58999633789062,23070900,244.72381591796875
2021-04-15,257.92999267578125,259.92999267578125,257.7300109863281,259.5,25627500,248.46755981445312
2021-04-16,259.4700012207031,261,257.6000061035156,260.739990234375,24878600,249.6548614501953
2021-04-19,260.19000244140625,261.4800109863281,257.82000732421875,258.739990234375,23209300,247.73988342285156
2021-04-20,257.82000732421875,260.20001220703125,256.8399963378906,258.260009765625,19722900,247.28030395507812
2021-04-21,258.94000244140625,260.67999267578125,257.25,260.5799865722656,24030400,249.50164794921875
2021-04-22,260.2099914550781,261.7799987792969,255.63999938964844,257.1700134277344,25606200,246.2366180419922
2021-04-23,257.8800048828125,261.510009765625,257.2699890136719,261.1499938964844,21462600,250.0474090576172
2021-04-26,261.6600036621094,262.44000244140625,260.1700134277344,261.54998779296875,19763300,250.43040466308594
2021-04-27,261.5799865722656,263.19000244140625,260.1199951171875,261.9700012207031,31014200,250.8325958251953
2021-04-28,256.0799865722656,256.5400085449219,252.9499969482422,254.55999755859375,46903100,243.73756408691406
2021-04-29,255.4600067138672,256.1000061035156,249,252.50999450683594,40589000,241.77471923828125
2021-04-30,249.74000549316406,253.0800018310547,249.60000610351562,252.17999267578125,30945100,241.458740234375
2021-05-03,253.39999389648438,254.35000610351562,251.1199951171875,251.86000061035156,19626600,241.15235900878906
2021-05-04,250.97000122070312,251.2100067138672,245.75999450683594,247.7899932861328,32756100,237.25538635253906
2021-05-05,249.05999755859375,249.5,245.82000732421875,246.47000122070312,21901300,235.99154663085938
2021-05-06,246.4499969482422,249.86000061035156,244.69000244140625,249.72999572753906,26491100,239.11293029785156
2021-05-07,252.14999389648438,254.3000030517578,251.1699981689453,252.4600067138672,27032900,241.7268829345703
2021-05-10,250.8699951171875,251.72999572753906,247.1199951171875,247.17999267578125,29299900,236.67132568359375
2021-05-11,244.5500030517578,246.60000610351562,242.57000732421875,246.22999572753906,33641600,235.76171875
2021-05-12,242.1699981689453,244.3800048828125,238.07000732421875,239,36684400,228.839111328125
2021-05-13,241.8000030517578,245.60000610351562,241.4199981689453,243.02999877929688,29624300,232.69776916503906
2021-05-14,245.5800018310547,249.17999267578125,245.49000549316406,248.14999389648438,23901100,237.60009765625
2021-05-17,246.5500030517578,246.58999633789062,243.52000427246094,245.17999267578125,24970200,234.75634765625
2021-05-18,246.27000427246094,246.41000366210938,242.89999389648438,243.0800018310547,20168000,232.7456512451172
2021-05-19,239.30999755859375,243.22999572753906,238.60000610351562,243.1199951171875,25739800,233.3214569091797
2021-05-20,243.9600067138672,247.9499969482422,243.86000061035156,246.47999572753906,21800700,236.54603576660156
2021-05-21,247.57000732421875,248.3300018310547,244.74000549316406,245.1699981689453,21863100,235.28883361816406
2021-05-24,247.7899932861328,251.16000366210938,247.50999450683594,250.77999877929688,21411500,240.6727294921875
2021-05-25,251.77000427246094,252.75,250.82000732421875,251.72000122070312,17704300,241.5748748779297
2021-05-26,251.42999267578125,252.94000244140625,250.75,251.49000549316406,17771600,241.35414123535156
2021-05-27,251.1699981689453,251.47999572753906,249.25,249.30999755859375,24426200,239.26194763183594
2021-05-28,251,252.0800018310547,249.55999755859375,249.67999267578125,18270200,239.61708068847656
2021-06-01,251.22999572753906,251.2899932861328,246.9600067138672,247.39999389648438,23213300,237.428955078125
2021-06-02,248.1300048828125,249.27000427246094,245.83999633789062,247.3000030517578,19406700,237.33299255371094
2021-06-03,245.22000122070312,246.33999633789062,243,245.7100067138672,25307700,235.80711364746094
2021-06-04,247.75999450683594,251.64999389648438,247.50999450683594,250.7899932861328,25281100,240.68235778808594
2021-06-07,249.97999572753906,254.08999633789062,249.80999755859375,253.80999755859375,23079200,243.5806427001953
2021-06-08,255.16000366210938,256.010009765625,252.50999450683594,252.57000732421875,22455000,242.39064025878906
2021-06-09,253.80999755859375,255.52999877929688,253.2100067138672,253.58999633789062,17937600,243.36949157714844
2021-06-10,254.2899932861328,257.4599914550781,253.6699981689453,257.239990234375,24563600,246.8723907470703
2021-06-11,257.989990234375,258.489990234375,256.6099853515625,257.8900146484375,18999700,247.49618530273438
2021-06-14,257.8999938964844,259.95001220703125,256.79998779296875,259.8900146484375,19150500,249.4156036376953
2021-06-15,259.7699890136719,259.989990234375,257.67999267578125,258.3599853515625,18038900,247.94725036621094
2021-06-16,259.3999938964844,260.5799865722656,254.4199981689453,257.3800048828125,27220000,247.00674438476562
2021-06-17,256.07000732421875,261.75,256.010009765625,260.8999938964844,27565500,250.38485717773438
2021-06-18,259.6300048828125,262.29998779296875,258.75,259.42999267578125,37202200,248.97415161132812
2021-06-21,259.82000732421875,263.5199890136719,257.9200134277344,262.6300048828125,26696100,252.04513549804688
2021-06-22,262.7200012207031,265.7900085449219,262.3999938964844,265.510009765625,24694100,254.8091278076172
2021-06-23,265.989990234375,266.8299865722656,264.42999267578125,265.2699890136719,19518700,254.5787353515625
2021-06-24,266.1600036621094,267.8500061035156,265.4700012207031,266.69000244140625,21446900,255.94151306152344
2021-06-25,266.2300109863281,267.25,264.760009765625,265.0199890136719,25611100,254.3388214111328
2021-06-28,266.19000244140625,268.8999938964844,265.9100036621094,268.7200012207031,19590000,257.88970947265625
2021-06-29,268.8699951171875,271.6499938964844,267.9800109863281,271.3999938964844,19937800,260.461669921875
2021-06-30,270.69000244140625,271.3599853515625,269.6000061035156,270.8999938964844,21656500,259.9818420410156
2021-07-01,269.6099853515625,271.8399963378906,269.6000061035156,271.6000061035156,16725300,260.6536560058594
2021-07-02,272.82000732421875,278,272.5,277.6499938964844,26458000,266.4598388671875
2021-07-06,278.0299987792969,279.3699951171875,274.29998779296875,277.6600036621094,31565600,266.4693298339844
2021-07-07,279.3999938964844,280.69000244140625,277.1499938964844,279.92999267578125,23260000,268.64788818359375
2021-07-08,276.8999938964844,278.7300109863281,274.8699951171875,277.4200134277344,24618600,266.2390441894531
2021-07-09,275.7200012207031,278.04998779296875,275.32000732421875,277.94000244140625,23916700,266.7381286621094
2021-07-12,279.1600036621094,279.7699890136719,276.5799865722656,277.32000732421875,18931700,266.1430969238281
2021-07-13,277.5199890136719,282.8500061035156,277.3900146484375,280.9800109863281,26120100,269.655517578125
2021-07-14,282.3500061035156,283.6600036621094,280.54998779296875,282.510009765625,23113700,271.1239013671875
2021-07-15,282,282.510009765625,279.8299865722656,281.0299987792969,22604200,269.70355224609375
2021-07-16,282.07000732421875,284.1000061035156,279.4599914550781,280.75,26186800,269.43487548828125
2021-07-19,278.92999267578125,280.3699951171875,274.45001220703125,277.010009765625,32935600,265.8455810546875
2021-07-20,278.0299987792969,280.9700012207031,276.260009765625,279.32000732421875,26259700,268.0625
2021-07-21,278.8999938964844,281.5199890136719,277.2900085449219,281.3999938964844,24364300,270.05865478515625
2021-07-22,283.8399963378906,286.4200134277344,283.4200134277344,286.1400146484375,23384100,274.6075439453125
2021-07-23,287.3699951171875,289.989990234375,286.5,289.6700134277344,22768100,277.9952697753906
2021-07-26,289,289.69000244140625,286.6400146484375,289.04998779296875,23176100,277.40032958984375
2021-07-27,289.42999267578125,289.5799865722656,282.95001220703125,286.5400085449219,33604100,274.9914855957031
2021-07-28,288.989990234375,290.1499938964844,283.8299865722656,286.2200012207031,33566900,274.6844482421875
2021-07-29,286.239990234375,288.6199951171875,286.0799865722656,286.5,18168300,274.9530944824219
2021-07-30,285.1700134277344,286.6600036621094,283.9100036621094,284.9100036621094,20944800,273.4272155761719
2021-08-02,286.3599853515625,286.7699890136719,283.739990234375,284.82000732421875,16267400,273.34088134765625
2021-08-03,285.4200134277344,287.2300109863281,284,287.1199951171875,17879000,275.54815673828125
2021-08-04,286.2200012207031,287.5899963378906,284.6499938964844,286.510009765625,16191300,274.9627685546875
2021-08-05,286.8800048828125,289.6300048828125,286.1000061035156,289.5199890136719,13900200,277.8513488769531
2021-08-06,288.510009765625,289.5,287.6199951171875,289.4599914550781,16589300,277.79388427734375
2021-08-09,289.75,291.54998779296875,287.80999755859375,288.3299865722656,16117600,276.7093505859375
2021-08-10,288.79998779296875,289.25,285.20001220703125,286.44000244140625,18616600,274.8956298828125
2021-08-11,287.2099914550781,288.6600036621094,285.8599853515625,286.95001220703125,13955900,275.385009765625
2021-08-12,286.6300048828125,289.9700012207031,286.3399963378906,289.80999755859375,14561300,278.1296691894531
2021-08-13,289.4800109863281,292.8999938964844,289.29998779296875,292.8500061035156,18249000,281.0472106933594
2021-08-16,293.19000244140625,294.82000732421875,290.0199890136719,294.6000061035156,22507600,282.7266845703125
2021-08-17,292.3900146484375,293.42999267578125,291.0799865722656,293.0799865722656,20075300,281.2679138183594
2021-08-18,292.0400085449219,294.82000732421875,290.2699890136719,290.7300109863281,21813000,279.54681396484375
2021-08-19,288.69000244140625,297.4700012207031,288.6400146484375,296.7699890136719,29850500,285.3544616699219
2021-08-20,299.7200012207031,305.8399963378906,298.05999755859375,304.3599853515625,40817600,292.6524658203125
2021-08-23,303.25,305.3999938964844,301.8500061035156,304.6499938964844,22830200,292.9313049316406
2021-08-24,305.0199890136719,305.6499938964844,302,302.6199951171875,18175800,290.9793701171875
2021-08-25,304.29998779296875,304.5899963378906,300.4200134277344,302.010009765625,20006100,290.392822265625
2021-08-26,300.989990234375,302.42999267578125,298.95001220703125,299.0899963378906,17666100,287.5851135253906
2021-08-27,298.989990234375,300.8699951171875,296.8299865722656,299.7200012207031,22605700,288.19091796875
2021-08-30,301.1199951171875,304.2200012207031,301.05999755859375,303.5899963378906,16348100,291.912109375
2021-08-31,304.4200134277344,304.5,301.5,301.8800048828125,26285300,290.26788330078125
2021-09-01,302.8699951171875,305.19000244140625,301.489990234375,301.8299865722656,18983800,290.21978759765625
2021-09-02,302.20001220703125,303.3599853515625,300.17999267578125,301.1499938964844,16285600,289.5659484863281
2021-09-03,300.989990234375,302.6000061035156,300.260009765625,301.1400146484375,14747900,289.55633544921875
2021-09-07,301.010009765625,301.0899963378906,298.20001220703125,300.17999267578125,17180400,288.63323974609375
2021-09-08,299.7799987792969,300.6099853515625,297.4700012207031,300.2099914550781,15046800,288.6620788574219
2021-09-09,300.82000732421875,302.1400146484375,297,297.25,19927000,285.81597900390625
2021-09-10,298.4200134277344,299.9200134277344,295.3800048828125,295.7099914550781,19633400,284.335205078125
2021-09-13,297.54998779296875,298.5400085449219,294.0799865722656,296.989990234375,23652900,285.5660095214844
2021-09-14,299.55999755859375,301.3900146484375,298.1000061035156,299.7900085449219,21853400,288.25823974609375
2021-09-15,303.260009765625,305.32000732421875,301.82000732421875,304.82000732421875,28356300,293.0947570800781
2021-09-16,303.760009765625,305.30999755859375,300.760009765625,305.2200012207031,19550800,293.4794006347656
2021-09-17,304.1700134277344,304.5,299.5299987792969,299.8699951171875,41372500,288.3351745605469
2021-09-20,296.3299865722656,298.7200012207031,289.5199890136719,294.29998779296875,38278700,282.9794616699219
2021-09-21,295.69000244140625,297.5400085449219,294.07000732421875,294.79998779296875,22364100,283.4602355957031
2021-09-22,296.7300109863281,300.2200012207031,294.510009765625,298.5799865722656,26626300,287.0947570800781
2021-09-23,298.8500061035156,300.8999938964844,297.5299987792969,299.55999755859375,18604600,288.03717041015625
2021-09-24,298.2300109863281,299.79998779296875,296.92999267578125,299.3500061035156,14999000,287.83514404296875
2021-09-27,296.1400146484375,296.4700012207031,292.94000244140625,294.1700134277344,23571700,282.85443115234375
2021-09-28,289.79998779296875,290.7799987792969,282.75,283.5199890136719,43186200,272.6141662597656
2021-09-29,285.1000061035156,286.7699890136719,283.010009765625,284,26353700,273.07562255859375
2021-09-30,285.7099914550781,287.8299865722656,281.6199951171875,281.9200134277344,32343600,271.0756530761719
2021-10-01,282.1199951171875,289.9800109863281,281.2900085449219,289.1000061035156,30086300,277.9793395996094
2021-10-04,287.3999938964844,287.75,280.25,283.1099853515625,31350700,272.2198791503906
2021-10-05,284.04998779296875,290.3999938964844,284.04998779296875,288.760009765625,24993000,277.6525573730469
2021-10-06,285.7799987792969,293.6300048828125,285.510009765625,293.1099853515625,28002600,281.835205078125
2021-10-07,295.17999267578125,296.6400146484375,293.9200134277344,294.8500061035156,20430500,283.5083312988281
2021-10-08,296.2200012207031,296.6400146484375,293.760009765625,294.8500061035156,17685700,283.5083312988281
2021-10-11,292.9200134277344,297.9700012207031,292.75,294.2300109863281,19298600,282.91217041015625
2021-10-12,295.3399963378906,295.44000244140625,292.3500061035156,292.8800048828125,17974100,281.6140441894531
2021-10-13,294.9100036621094,297.2799987792969,293.489990234375,296.30999755859375,23416300,284.91217041015625
2021-10-14,299.2099914550781,303.2699890136719,297.8299865722656,302.75,27262900,291.1043395996094
2021-10-15,302.3399963378906,304.45001220703125,300.5199890136719,304.2099914550781,25384800,292.5082092285156
2021-10-18,303.57000732421875,308.2099914550781,302.69000244140625,307.2900085449219,22729300,295.46978759765625
2021-10-19,308.3500061035156,309.29998779296875,307.2200012207031,308.2300109863281,17682100,296.3736572265625
2021-10-20,309.2099914550781,309.70001220703125,306.1099853515625,307.4100036621094,16537100,295.58514404296875
2021-10-21,307.1700134277344,311.0199890136719,306.3599853515625,310.760009765625,16918100,298.80633544921875
2021-10-22,310.3999938964844,311.0899963378906,307.79998779296875,309.1600036621094,17449300,297.2677917480469
2021-10-25,309.3599853515625,309.3999938964844,306.4599914550781,308.1300048828125,17554500,296.2774658203125
2021-10-26,311,312.3999938964844,308.6000061035156,310.1099853515625,28107300,298.1812744140625
2021-10-27,316,326.1000061035156,316,323.1700134277344,52588700,310.73895263671875
2021-10-28,324.3299865722656,324.8699951171875,321.3599853515625,324.3500061035156,26297900,311.87353515625
2021-10-29,324.1300048828125,332,323.8999938964844,331.6199951171875,34766000,318.8638916015625
2021-11-01,331.3599853515625,331.489990234375,326.3699951171875,329.3699951171875,27073200,316.70050048828125
2021-11-02,330.30999755859375,333.45001220703125,330,333.1300048828125,26487100,320.3157958984375
2021-11-03,333.8999938964844,334.8999938964844,330.6499938964844,334,21500100,321.1523132324219
2021-11-04,332.8900146484375,336.5400085449219,329.510009765625,336.44000244140625,23992200,323.49847412109375
2021-11-05,338.510009765625,338.7900085449219,334.4200134277344,336.05999755859375,22570100,323.133056640625
2021-11-08,337.29998779296875,337.6499938964844,334.44000244140625,336.989990234375,20897000,324.02734375
2021-11-09,337.1099853515625,338.7200012207031,334.5299987792969,335.95001220703125,21307400,323.0273132324219
2021-11-10,334.57000732421875,334.6300048828125,329.9200134277344,330.79998779296875,25500900,318.075439453125
2021-11-11,331.25,333.7699890136719,330.510009765625,332.42999267578125,16849800,319.64276123046875
2021-11-12,333.9200134277344,337.2300109863281,333.7900085449219,336.7200012207031,23831000,323.76776123046875
2021-11-15,337.5400085449219,337.8800048828125,334.0299987792969,336.07000732421875,16723000,323.14276123046875
2021-11-16,335.67999267578125,340.6700134277344,335.510009765625,339.510009765625,20886800,326.450439453125
2021-11-17,338.94000244140625,342.19000244140625,338,339.1199951171875,19053400,326.6719665527344
2021-11-18,338.17999267578125,342.45001220703125,337.1199951171875,341.2699890136719,22463500,328.7430114746094
2021-11-19,342.6400146484375,345.1000061035156,342.20001220703125,343.1099853515625,21963400,330.51544189453125
2021-11-22,344.6199951171875,349.6700134277344,339.54998779296875,339.8299865722656,31031100,327.3558654785156
2021-11-23,337.04998779296875,339.45001220703125,333.55999755859375,337.67999267578125,30427600,325.28485107421875
2021-11-24,336.2799987792969,338.1600036621094,333.9100036621094,337.9100036621094,21661300,325.50640869140625
2021-11-26,334.3500061035156,337.92999267578125,328.1199951171875,329.67999267578125,24217200,317.5784912109375
2021-11-29,334.94000244140625,339.0299987792969,334.739990234375,336.6300048828125,28563500,324.2733154296875
2021-11-30,335.32000732421875,337.7799987792969,328.989990234375,330.5899963378906,42885600,318.4550476074219
2021-12-01,335.1300048828125,339.2799987792969,329.3900146484375,330.0799865722656,33337600,317.96380615234375
2021-12-02,330.29998779296875,333.489990234375,327.79998779296875,329.489990234375,30766000,317.39544677734375
2021-12-03,331.989990234375,332.70001220703125,318.0299987792969,323.010009765625,41779300,311.1533508300781
2021-12-06,323.95001220703125,327.45001220703125,319.2300109863281,326.19000244140625,30032600,314.2165832519531
2021-12-07,331.6400146484375,335.79998779296875,330.1000061035156,334.9200134277344,31021900,322.6261901855469
2021-12-08,335.30999755859375,335.5,330.79998779296875,334.9700012207031,24761000,322.67437744140625
2021-12-09,334.4100036621094,336.489990234375,332.1199951171875,333.1000061035156,22214200,320.8729553222656
2021-12-10,334.9800109863281,343,334.7900085449219,342.5400085449219,38095700,329.9664001464844
2021-12-13,340.67999267578125,343.7900085449219,339.0799865722656,339.3999938964844,28899400,326.9416809082031
2021-12-14,333.2200012207031,334.6400146484375,324.1099853515625,328.3399963378906,44438700,316.2876281738281
2021-12-15,328.6099853515625,335.19000244140625,324.5,334.6499938964844,35381100,322.3660583496094
2021-12-16,335.7099914550781,336.760009765625,323.0199890136719,324.8999938964844,35034800,312.9739074707031
2021-12-17,320.8800048828125,324.9200134277344,317.25,323.79998779296875,47750300,311.91424560546875
2021-12-20,320.04998779296875,322.79998779296875,317.57000732421875,319.9100036621094,28326500,308.1670837402344
2021-12-21,323.2900085449219,327.7300109863281,319.79998779296875,327.2900085449219,24740600,315.27618408203125
2021-12-22,328.29998779296875,333.6099853515625,325.75,333.20001220703125,24831500,320.9692687988281
2021-12-23,332.75,336.3900146484375,332.7300109863281,334.69000244140625,19617800,322.4045104980469
2021-12-27,335.4599914550781,342.4800109863281,335.42999267578125,342.45001220703125,19947000,329.8797302246094
2021-12-28,343.1499938964844,343.80999755859375,340.32000732421875,341.25,15661500,328.7237548828125
2021-12-29,341.29998779296875,344.29998779296875,339.67999267578125,341.95001220703125,15042000,329.39813232421875
2021-12-30,341.9100036621094,343.1300048828125,338.82000732421875,339.32000732421875,15994500,326.8646240234375
2021-12-31,338.510009765625,339.3599853515625,335.8500061035156,336.32000732421875,18000800,323.9747009277344
2022-01-03,335.3500061035156,338,329.7799987792969,334.75,28865100,322.46240234375
2022-01-04,334.8299865722656,335.20001220703125,326.1199951171875,329.010009765625,32674300,316.9330749511719
2022-01-05,325.8599853515625,326.07000732421875,315.9800109863281,316.3800048828125,40054300,304.7666320800781
2022-01-06,313.1499938964844,318.70001220703125,311.489990234375,313.8800048828125,39646100,302.35845947265625
2022-01-07,314.1499938964844,316.5,310.0899963378906,314.0400085449219,32720000,302.51263427734375
2022-01-10,309.489990234375,314.7200012207031,304.69000244140625,314.2699890136719,44289500,302.73406982421875
2022-01-11,313.3800048828125,316.6099853515625,309.8900146484375,314.9800109863281,29386800,303.4180603027344
2022-01-12,319.6700134277344,323.4100036621094,317.0799865722656,318.2699890136719,34372200,306.5872497558594
2022-01-13,320.4700012207031,320.8800048828125,304,304.79998779296875,45366000,293.6116943359375
2022-01-14,304.25,310.82000732421875,303.75,310.20001220703125,39846400,298.81353759765625
2022-01-18,304.07000732421875,309.79998779296875,301.739990234375,302.6499938964844,42333200,291.5406188964844
2022-01-19,306.2900085449219,313.9100036621094,302.70001220703125,303.3299865722656,45933900,292.19561767578125
2022-01-20,309.07000732421875,311.6499938964844,301.1400146484375,301.6000061035156,35380700,290.52923583984375
2022-01-21,302.69000244140625,304.1099853515625,295.6099853515625,296.0299987792969,57984400,285.1636657714844
2022-01-24,292.20001220703125,297.1099853515625,276.04998779296875,296.3699951171875,85731500,285.49114990234375
2022-01-25,291.5199890136719,294.989990234375,285.1700134277344,288.489990234375,72848600,277.9004211425781
2022-01-26,307.989990234375,308.5,293.0299987792969,296.7099914550781,90428900,285.81866455078125
2022-01-27,302.6600036621094,307.29998779296875,297.92999267578125,299.8399963378906,53481300,288.8338317871094
2022-01-28,300.2300109863281,308.4800109863281,294.45001220703125,308.260009765625,49743700,296.9447937011719
2022-01-31,308.95001220703125,312.3800048828125,306.3699951171875,310.9800109863281,46444500,299.5649108886719
2022-02-01,310.4100036621094,310.6300048828125,305.1300048828125,308.760009765625,40950400,297.4263610839844
2022-02-02,309.6300048828125,315.1199951171875,308.8800048828125,313.4599914550781,36636000,301.9538269042969
2022-02-03,309.489990234375,311.2300109863281,299.9599914550781,301.25,43730000,290.1920166015625
2022-02-04,300.2099914550781,308.79998779296875,299.9700012207031,305.94000244140625,35096500,294.7099304199219
2022-02-07,306.1700134277344,307.8399963378906,299.8999938964844,300.95001220703125,28533300,289.903076171875
2022-02-08,301.25,305.55999755859375,299.95001220703125,304.55999755859375,32421200,293.38055419921875
2022-02-09,309.8699951171875,311.92999267578125,307.3900146484375,311.2099914550781,31284700,299.7864074707031
2022-02-10,304.0400085449219,309.1199951171875,300.70001220703125,302.3800048828125,45386200,291.2806091308594
2022-02-11,303.19000244140625,304.2900085449219,294.2200012207031,295.0400085449219,39175600,284.2099914550781
2022-02-14,293.7699890136719,296.760009765625,291.3500061035156,295,36359500,284.1715087890625
2022-02-15,300.010009765625,300.79998779296875,297.0199890136719,300.4700012207031,27058300,289.44061279296875
2022-02-16,298.3699951171875,300.8699951171875,293.67999267578125,299.5,29982100,289.102783203125
2022-02-17,296.3599853515625,296.79998779296875,290,290.7300109863281,32461600,280.6373596191406
2022-02-18,293.04998779296875,293.8599853515625,286.30999755859375,287.92999267578125,34264000,277.9344482421875
2022-02-22,285,291.5400085449219,284.5,287.7200012207031,41736100,277.73175048828125
2022-02-23,290.17999267578125,291.70001220703125,280.1000061035156,280.2699890136719,37811200,270.5404052734375
2022-02-24,272.510009765625,295.1600036621094,271.5199890136719,294.5899963378906,56989700,284.3633117675781
2022-02-25,295.1400146484375,297.6300048828125,291.6499938964844,297.30999755859375,32546700,286.9888610839844
2022-02-28,294.30999755859375,299.1400146484375,293,298.7900085449219,34627500,288.4174499511719
2022-03-01,296.3999938964844,299.9700012207031,292.1499938964844,294.95001220703125,31217800,284.7107849121094
2022-03-02,295.3599853515625,301.4700012207031,293.70001220703125,300.19000244140625,31873000,289.7689208984375
2022-03-03,302.8900146484375,303.1300048828125,294.04998779296875,295.9200134277344,27314500,285.6471252441406
2022-03-04,294.2900085449219,295.6600036621094,287.1700134277344,289.8599853515625,32356500,279.7974853515625
2022-03-07,288.5299987792969,289.69000244140625,278.5299987792969,278.9100036621094,43157200,269.22760009765625
2022-03-08,277.79998779296875,283.9599914550781,270,275.8500061035156,48159500,266.2738952636719
2022-03-09,283.44000244140625,289.6000061035156,280.7799987792969,288.5,35204500,278.4846496582031
2022-03-10,283.0199890136719,286.6000061035156,280.5799865722656,285.5899963378906,30628000,275.67572021484375
2022-03-11,287.9599914550781,289.510009765625,279.42999267578125,280.07000732421875,27209300,270.34735107421875
2022-03-14,280.3399963378906,285.3999938964844,275.82000732421875,276.44000244140625,30660700,266.8433837890625
2022-03-15,280.3500061035156,287.82000732421875,278.7300109863281,287.1499938964844,34245100,277.1815490722656
2022-03-16,289.1099853515625,294.57000732421875,283.20001220703125,294.3900146484375,37826300,284.1702575683594
2022-03-17,293.2900085449219,295.6099853515625,289.3699951171875,295.2200012207031,30816600,284.971435546875
2022-03-18,295.3699951171875,301,292.7300109863281,300.42999267578125,43390600,290.0005187988281
2022-03-21,298.8900146484375,300.1400146484375,294.8999938964844,299.1600036621094,28351200,288.774658203125
2022-03-22,299.79998779296875,305,298.7699890136719,304.05999755859375,27599700,293.5045166015625
2022-03-23,300.510009765625,303.2300109863281,297.7200012207031,299.489990234375,25715400,289.0931396484375
2022-03-24,299.1400146484375,304.20001220703125,298.32000732421875,304.1000061035156,24484500,293.54315185546875
2022-03-25,305.2300109863281,305.5,299.2900085449219,303.67999267578125,22566500,293.1377258300781
2022-03-28,304.3299865722656,310.79998779296875,304.3299865722656,310.70001220703125,29578200,299.91400146484375
2022-03-29,313.9100036621094,315.82000732421875,309.04998779296875,315.4100036621094,30393400,304.4604797363281
2022-03-30,313.760009765625,315.95001220703125,311.5799865722656,313.8599853515625,28163600,302.96429443359375
2022-03-31,313.8999938964844,315.1400146484375,307.8900146484375,308.30999755859375,33422100,297.60699462890625
2022-04-01,309.3699951171875,310.1300048828125,305.5400085449219,309.4200134277344,27110500,298.67852783203125
2022-04-04,310.0899963378906,315.1099853515625,309.7099914550781,314.9700012207031,24289600,304.03582763671875
2022-04-05,313.2699890136719,314.8699951171875,309.8699951171875,310.8800048828125,23156700,300.0877990722656
2022-04-06,305.19000244140625,307,296.7099914550781,299.5,40110400,289.102783203125
2022-04-07,296.6600036621094,303.6499938964844,296.3500061035156,301.3699951171875,31411200,290.90789794921875
2022-04-08,300.44000244140625,301.1199951171875,296.2799987792969,296.9700012207031,24361900,286.6606750488281
2022-04-11,291.7900085449219,292.6099853515625,285,285.260009765625,34569300,275.357177734375
2022-04-12,289.239990234375,290.739990234375,280.489990234375,282.05999755859375,30966700,272.268310546875
2022-04-13,282.7300109863281,288.5799865722656,281.29998779296875,287.6199951171875,21907200,277.6352233886719
2022-04-14,288.0899963378906,288.30999755859375,279.32000732421875,279.8299865722656,28221600,270.11566162109375
2022-04-18,278.9100036621094,282.4599914550781,278.3399963378906,280.5199890136719,20778000,270.78167724609375
2022-04-19,279.3800048828125,286.1700134277344,278.4100036621094,285.29998779296875,22297700,275.39581298828125
2022-04-20,289.3999938964844,289.70001220703125,285.3699951171875,286.3599853515625,22906700,276.4189453125
2022-04-21,288.5799865722656,293.29998779296875,280.05999755859375,280.80999755859375,29454600,271.0616760253906
2022-04-22,281.67999267578125,283.20001220703125,273.3800048828125,274.0299987792969,29405800,264.5170593261719
2022-04-25,273.2900085449219,281.1099853515625,270.7699890136719,280.7200012207031,35678900,270.97479248046875
2022-04-26,277.5,278.3599853515625,270,270.2200012207031,46518400,260.8393249511719
2022-04-27,282.1000061035156,290.9700012207031,279.1600036621094,283.2200012207031,63477700,273.3880920410156
2022-04-28,285.19000244140625,290.9800109863281,281.4599914550781,289.6300048828125,33646600,279.575439453125
2022-04-29,288.6099853515625,289.8800048828125,276.5,277.5199890136719,37073900,267.8858337402344
2022-05-02,277.7099914550781,284.94000244140625,276.2200012207031,284.4700012207031,35151100,274.5945739746094
2022-05-03,283.9599914550781,284.1300048828125,280.1499938964844,281.7799987792969,25978600,271.99798583984375
2022-05-04,282.5899963378906,290.8800048828125,276.7300109863281,289.9800109863281,33599300,279.9133605957031
2022-05-05,285.5400085449219,286.3500061035156,274.3399963378906,277.3500061035156,43260400,267.72174072265625
2022-05-06,274.80999755859375,279.25,271.2699890136719,274.7300109863281,37780300,265.1927490234375
2022-05-09,270.05999755859375,272.3599853515625,263.32000732421875,264.5799865722656,47726000,255.39501953125
2022-05-10,271.69000244140625,273.75,265.07000732421875,269.5,39336400,260.144287109375
2022-05-11,265.67999267578125,271.3599853515625,259.29998779296875,260.54998779296875,48975900,251.50497436523438
2022-05-12,257.69000244140625,259.8800048828125,250.02000427246094,255.35000610351562,51033800,246.48550415039062
2022-05-13,257.3500061035156,263.0400085449219,255.35000610351562,261.1199951171875,34925100,252.05523681640625
2022-05-16,259.9599914550781,265.82000732421875,255.77999877929688,261.5,32550900,252.42201232910156
2022-05-17,266.1099853515625,268.3299865722656,262.4599914550781,266.82000732421875,28828800,257.5574035644531
2022-05-18,263,263.6000061035156,252.77000427246094,254.0800018310547,31356000,245.83082580566406
2022-05-19,253.89999389648438,257.6700134277344,251.8800048828125,253.13999938964844,32692300,244.92132568359375
2022-05-20,257.239990234375,258.5400085449219,246.44000244140625,252.55999755859375,39199300,244.36016845703125
2022-05-23,255.49000549316406,261.5,253.42999267578125,260.6499938964844,33175400,252.1875
2022-05-24,257.8900146484375,261.3299865722656,253.5,259.6199951171875,29043900,251.19094848632812
2022-05-25,258.1400146484375,264.5799865722656,257.1300048828125,262.5199890136719,28547900,253.99681091308594
2022-05-26,262.2699890136719,267.1099853515625,261.42999267578125,265.8999938964844,25002100,257.2671203613281
2022-05-27,268.4800109863281,273.3399963378906,267.55999755859375,273.239990234375,26910800,264.3687438964844
2022-05-31,272.5299987792969,274.7699890136719,268.92999267578125,271.8699951171875,37827700,263.0432434082031
2022-06-01,275.20001220703125,277.69000244140625,270.0400085449219,272.4200134277344,25292200,263.5754089355469
2022-06-02,264.45001220703125,274.6499938964844,261.6000061035156,274.5799865722656,44008200,265.6653137207031
2022-06-03,270.30999755859375,273.45001220703125,268.4100036621094,270.0199890136719,28059000,261.2532653808594
2022-06-06,272.05999755859375,274.17999267578125,267.2200012207031,268.75,22400300,260.02447509765625
2022-06-07,266.6400146484375,273.1300048828125,265.94000244140625,272.5,22860700,263.65283203125
2022-06-08,271.7099914550781,273,269.6099853515625,270.4100036621094,17372300,261.6305847167969
2022-06-09,267.7799987792969,272.7099914550781,264.6300048828125,264.7900085449219,26439700,256.19305419921875
2022-06-10,260.5799865722656,260.5799865722656,252.52999877929688,252.99000549316406,31422800,244.77622985839844
2022-06-13,245.11000061035156,249.02000427246094,241.52999877929688,242.25999450683594,46135800,234.39454650878906
2022-06-14,243.86000061035156,245.74000549316406,241.50999450683594,244.49000549316406,28651500,236.55215454101562
2022-06-15,248.30999755859375,255.3000030517578,246.4199981689453,251.75999450683594,33111700,243.58615112304688
2022-06-16,245.97999572753906,247.4199981689453,243.02000427246094,244.97000122070312,33169200,237.0166015625
2022-06-17,244.6999969482422,250.5,244.02999877929688,247.64999389648438,43084800,239.6095733642578
2022-06-21,250.25999450683594,254.75,249.50999450683594,253.74000549316406,29928300,245.5018768310547
2022-06-22,251.88999938964844,257.1700134277344,250.3699951171875,253.1300048828125,25939900,244.91163635253906
2022-06-23,255.57000732421875,259.3699951171875,253.6300048828125,258.8599853515625,25861400,250.45559692382812
2022-06-24,261.80999755859375,267.9800109863281,261.7200012207031,267.70001220703125,33923200,259.00860595703125
2022-06-27,268.2099914550781,268.29998779296875,263.2799987792969,264.8900146484375,24615100,256.2898864746094
2022-06-28,263.9800109863281,266.9100036621094,256.32000732421875,256.4800109863281,27295500,248.15293884277344
2022-06-29,257.5899963378906,261.9700012207031,255.75999450683594,260.260009765625,20069800,251.8102264404297
2022-06-30,257.04998779296875,259.5299987792969,252.89999389648438,256.8299865722656,31730900,248.49154663085938
2022-07-01,256.3900146484375,259.7699890136719,254.61000061035156,259.5799865722656,22837700,251.15220642089844
2022-07-05,256.1600036621094,262.9800109863281,254.74000549316406,262.8500061035156,22941000,254.31613159179688
2022-07-06,263.75,267.989990234375,262.3999938964844,266.2099914550781,23824400,257.56707763671875
2022-07-07,265.1199951171875,269.05999755859375,265.0199890136719,268.3999938964844,20859900,259.68597412109375
2022-07-08,264.7900085449219,268.1000061035156,263.2900085449219,267.6600036621094,19658800,258.96990966796875
2022-07-11,265.6499938964844,266.5299987792969,262.17999267578125,264.510009765625,19455200,255.9222412109375
2022-07-12,265.8800048828125,265.94000244140625,252.0399932861328,253.6699981689453,35868500,245.4341583251953
2022-07-13,250.19000244140625,253.5500030517578,248.11000061035156,252.72000122070312,29497400,244.5150146484375
2022-07-14,250.57000732421875,255.13999938964844,245.94000244140625,254.0800018310547,25102800,245.83082580566406
2022-07-15,255.72000122070312,260.3699951171875,254.77000427246094,256.7200012207031,29774100,248.38510131835938
2022-07-18,259.75,260.8399963378906,253.3000030517578,254.25,20975000,245.9953155517578
2022-07-19,257.5799865722656,259.7200012207031,253.67999267578125,259.5299987792969,25012600,251.10391235351562
2022-07-20,259.8999938964844,264.8699951171875,258.9100036621094,262.2699890136719,22788300,253.75494384765625
2022-07-21,259.7900085449219,264.8900146484375,257.0299987792969,264.8399963378906,22404700,256.241455078125
2022-07-22,265.239990234375,265.3299865722656,259.07000732421875,260.3599853515625,21881300,251.90689086914062
2022-07-25,261,261.5,256.80999755859375,258.8299865722656,21056000,250.42657470703125
2022-07-26,259.8599853515625,259.8800048828125,249.57000732421875,251.89999389648438,39348000,243.72158813476562
2022-07-27,261.1600036621094,270.04998779296875,258.8500061035156,268.739990234375,45994000,260.01483154296875
2022-07-28,269.75,277.8399963378906,267.8699951171875,276.4100036621094,33459300,267.4358825683594
2022-07-29,277.70001220703125,282,276.6300048828125,280.739990234375,32152800,271.6252746582031
2022-08-01,277.82000732421875,281.2799987792969,275.8399963378906,278.010009765625,21539600,268.9839172363281
2022-08-02,276,277.8900146484375,272.3800048828125,274.82000732421875,22754200,265.89752197265625
2022-08-03,276.760009765625,283.5,276.6099853515625,282.4700012207031,23518900,273.299072265625
2022-08-04,281.79998779296875,283.79998779296875,280.1700134277344,283.6499938964844,18098700,274.4407958984375
2022-08-05,279.1499938964844,283.6499938964844,278.67999267578125,282.9100036621094,16774600,273.7247619628906
2022-08-08,284.04998779296875,285.9200134277344,279.32000732421875,280.32000732421875,18739200,271.2189025878906
2022-08-09,279.6400146484375,283.0799865722656,277.6099853515625,282.29998779296875,23405200,273.1345520019531
2022-08-10,288.1700134277344,289.80999755859375,286.94000244140625,289.1600036621094,24687800,279.7718811035156
2022-08-11,290.8500061035156,291.2099914550781,286.510009765625,287.0199890136719,20065900,277.70135498046875
2022-08-12,288.4800109863281,291.9100036621094,286.94000244140625,291.9100036621094,22619700,282.43255615234375
2022-08-15,291,294.17999267578125,290.1099853515625,293.4700012207031,18085700,283.9419860839844
2022-08-16,291.989990234375,294.0400085449219,290.4200134277344,292.7099914550781,18102900,283.20660400390625
2022-08-17,289.739990234375,293.3500061035156,289.4700012207031,291.32000732421875,18253400,282.46002197265625
2022-08-18,290.19000244140625,291.9100036621094,289.0799865722656,290.1700134277344,17186200,281.344970703125
2022-08-19,288.8999938964844,289.25,285.55999755859375,286.1499938964844,20570000,277.44732666015625
2022-08-22,282.0799865722656,282.4599914550781,277.2200012207031,277.75,25061100,269.30267333984375
2022-08-23,276.44000244140625,278.8599853515625,275.3999938964844,276.44000244140625,17527400,268.0325622558594
2022-08-24,275.4100036621094,277.2300109863281,275.1099853515625,275.7900085449219,18137000,267.40240478515625
2022-08-25,277.3299865722656,279.0199890136719,274.5199890136719,278.8500061035156,16583400,270.36932373046875
2022-08-26,279.0799865722656,280.3399963378906,267.9800109863281,268.0899963378906,27549300,259.93658447265625
2022-08-29,265.8500061035156,267.3999938964844,263.8500061035156,265.2300109863281,20338500,257.16351318359375
2022-08-30,266.6700134277344,267.04998779296875,260.6600036621094,262.9700012207031,22767100,254.9722137451172
2022-08-31,265.3900146484375,267.1099853515625,261.3299865722656,261.4700012207031,24791800,253.51792907714844
2022-09-01,258.8699951171875,260.8900146484375,255.41000366210938,260.3999938964844,23263400,252.4804229736328
2022-09-02,261.70001220703125,264.739990234375,254.47000122070312,256.05999755859375,22855400,248.27243041992188
2022-09-06,256.20001220703125,257.8299865722656,251.94000244140625,253.25,21328200,245.54788208007812
2022-09-07,254.6999969482422,258.8299865722656,253.22000122070312,258.0899963378906,24126700,250.24066162109375
2022-09-08,257.510009765625,260.42999267578125,254.7899932861328,258.5199890136719,20319900,250.6575927734375
2022-09-09,260.5,265.2300109863281,260.2900085449219,264.4599914550781,22084700,256.41693115234375
2022-09-12,265.7799987792969,267.45001220703125,265.1600036621094,266.6499938964844,18747700,258.5403137207031
2022-09-13,258.8399963378906,260.3999938964844,251.58999633789062,251.99000549316406,33353300,244.32620239257812
2022-09-14,253.52999877929688,254.22999572753906,249.86000061035156,252.22000122070312,23913000,244.5491943359375
2022-09-15,249.77000427246094,251.39999389648438,244.02000427246094,245.3800048828125,31530900,237.91722106933594
2022-09-16,244.25999450683594,245.3000030517578,242.05999755859375,244.74000549316406,39791800,237.29666137695312
2022-09-19,242.47000122070312,245.13999938964844,240.85000610351562,244.52000427246094,26826900,237.0833740234375
2022-09-20,242.07000732421875,243.50999450683594,239.63999938964844,242.4499969482422,26660300,235.0763397216797
2022-09-21,244.27000427246094,247.66000366210938,238.89999389648438,238.9499969482422,28625600,231.68275451660156
2022-09-22,237.8699951171875,243.86000061035156,237.57000732421875,240.97999572753906,31061200,233.65106201171875
2022-09-23,239.5399932861328,241.1300048828125,235.1999969482422,237.9199981689453,34176000,230.68411254882812
2022-09-26,237.0500030517578,241.4499969482422,236.89999389648438,237.4499969482422,27694200,230.2283935546875
2022-09-27,239.97999572753906,241.8000030517578,234.5,236.41000366210938,27018700,229.22003173828125
2022-09-28,236.80999755859375,242.3300018310547,234.72999572753906,241.07000732421875,29029700,233.73828125
2022-09-29,238.88999938964844,239.9499969482422,234.41000366210938,237.5,27484200,230.27691650390625
2022-09-30,238.2899932861328,240.5399932861328,232.72999572753906,232.89999389648438,35694800,225.81675720214844
2022-10-03,235.41000366210938,241.61000061035156,234.66000366210938,240.74000549316406,28880400,233.41835021972656
2022-10-04,245.08999633789062,250.36000061035156,244.97999572753906,248.8800048828125,34888400,241.31080627441406
2022-10-05,245.99000549316406,250.5800018310547,244.10000610351562,249.1999969482422,20347100,241.62106323242188
2022-10-06,247.92999267578125,250.33999633789062,246.0800018310547,246.7899932861328,20239900,239.28431701660156
2022-10-07,240.89999389648438,241.32000732421875,233.1699981689453,234.24000549316406,37769600,227.11602783203125
2022-10-10,233.0500030517578,234.55999755859375,226.72999572753906,229.25,29743600,222.2777862548828
2022-10-11,227.6199951171875,229.05999755859375,224.11000061035156,225.41000366210938,30474000,218.55458068847656
2022-10-12,225.39999389648438,227.86000061035156,223.9600067138672,225.75,21903900,218.88421630859375
2022-10-13,219.85000610351562,236.10000610351562,219.1300048828125,234.24000549316406,42551800,227.11602783203125
2022-10-14,235.5399932861328,237.24000549316406,228.33999633789062,228.55999755859375,30198600,221.6087646484375
2022-10-17,235.82000732421875,238.9600067138672,235.13999938964844,237.52999877929688,28142300,230.3059844970703
2022-10-18,243.24000549316406,243.92999267578125,235.3699951171875,238.5,26329600,231.2464599609375
2022-10-19,237.0399932861328,239.61000061035156,234.2899932861328,236.47999572753906,19985700,229.28787231445312
2022-10-20,235.77000427246094,241.30999755859375,234.8699951171875,236.14999389648438,21811000,228.96792602539062
2022-10-21,234.74000549316406,243,234.5,242.1199951171875,26299700,234.75636291503906
2022-10-24,243.75999450683594,247.83999633789062,241.3000030517578,247.25,24911200,239.7303466796875
2022-10-25,247.25999450683594,251.0399932861328,245.8300018310547,250.66000366210938,34775500,243.03663635253906
2022-10-26,231.1699981689453,238.3000030517578,230.05999755859375,231.32000732421875,82543200,224.2848358154297
2022-10-27,231.0399932861328,233.69000244140625,225.77999877929688,226.75,40424600,219.8538360595703
2022-10-28,226.24000549316406,236.60000610351562,226.0500030517578,235.8699951171875,40647700,228.69644165039062
2022-10-31,233.75999450683594,234.9199981689453,231.14999389648438,232.1300048828125,28357300,225.07020568847656
2022-11-01,234.60000610351562,235.74000549316406,227.3300018310547,228.1699981689453,30592300,221.2306365966797
2022-11-02,229.4600067138672,231.3000030517578,220.0399932861328,220.10000610351562,38407000,213.4060821533203
2022-11-03,220.08999633789062,220.41000366210938,213.97999572753906,214.25,36633900,207.73397827148438
2022-11-04,217.5500030517578,221.58999633789062,213.42999267578125,221.38999938964844,36789100,214.6568145751953
2022-11-07,221.99000549316406,228.41000366210938,221.27999877929688,227.8699951171875,33498000,220.9397430419922
2022-11-08,228.6999969482422,231.64999389648438,225.83999633789062,228.8699951171875,28192500,221.90933227539062
2022-11-09,227.3699951171875,228.6300048828125,224.3300018310547,224.50999450683594,27852900,217.68191528320312
2022-11-10,235.42999267578125,243.3300018310547,235,242.97999572753906,46268000,235.59022521972656
2022-11-11,242.99000549316406,247.99000549316406,241.92999267578125,247.11000061035156,34620200,239.5946044921875
2022-11-14,241.99000549316406,243.91000366210938,239.2100067138672,241.5500030517578,31123300,234.20370483398438
2022-11-15,245.66000366210938,247,240.02999877929688,241.97000122070312,31390100,234.61093139648438
2022-11-16,242.7899932861328,243.8000030517578,240.4199981689453,241.72999572753906,24093300,235.03872680664062
2022-11-17,237.77999877929688,243.25,237.6300048828125,241.67999267578125,23123500,234.9901580810547
2022-11-18,243.50999450683594,243.74000549316406,239.02999877929688,241.22000122070312,27613500,234.5428466796875
2022-11-21,241.42999267578125,244.6699981689453,241.19000244140625,242.0500030517578,26394700,235.3498992919922
2022-11-22,243.58999633789062,245.30999755859375,240.7100067138672,245.02999877929688,19665700,238.2473907470703
2022-11-23,245.11000061035156,248.27999877929688,244.27000427246094,247.5800018310547,19508500,240.726806640625
2022-11-25,247.30999755859375,248.6999969482422,246.72999572753906,247.49000549316406,9200800,240.63929748535156
2022-11-28,246.0800018310547,246.64999389648438,240.8000030517578,241.75999450683594,24778200,235.06788635253906
2022-11-29,241.39999389648438,242.7899932861328,238.2100067138672,240.3300018310547,17956300,233.67752075195312
2022-11-30,240.57000732421875,255.3300018310547,239.86000061035156,255.13999938964844,47594200,248.0775604248047
2022-12-01,253.8699951171875,256.1199951171875,250.9199981689453,254.69000244140625,26041500,247.63998413085938
2022-12-02,249.82000732421875,256.05999755859375,249.69000244140625,255.02000427246094,21528500,247.96084594726562
2022-12-05,252.00999450683594,253.82000732421875,248.05999755859375,250.1999969482422,23435300,243.27427673339844
2022-12-06,250.82000732421875,251.86000061035156,243.77999877929688,245.1199951171875,22463700,238.33489990234375
2022-12-07,244.8300018310547,246.16000366210938,242.2100067138672,244.3699951171875,20481500,237.6056365966797
2022-12-08,244.83999633789062,248.74000549316406,243.05999755859375,247.39999389648438,22611800,240.55178833007812
2022-12-09,244.6999969482422,248.30999755859375,244.16000366210938,245.4199981689453,20609700,238.62661743164062
2022-12-12,247.4499969482422,252.5399932861328,247.1699981689453,252.50999450683594,30665100,245.5203094482422
2022-12-13,261.69000244140625,263.9200134277344,253.07000732421875,256.9200134277344,42196900,249.8082733154297
2022-12-14,257.1300048828125,262.5899963378906,254.30999755859375,257.2200012207031,35410900,250.10000610351562
2022-12-15,253.72000122070312,254.1999969482422,247.33999633789062,249.00999450683594,35560400,242.1172332763672
2022-12-16,248.5500030517578,249.83999633789062,243.50999450683594,244.69000244140625,86102000,237.9168243408203
2022-12-19,244.86000061035156,245.2100067138672,238.7100067138672,240.4499969482422,29696400,233.79415893554688
2022-12-20,239.39999389648438,242.91000366210938,238.4199981689453,241.8000030517578,25150800,235.10682678222656
2022-12-21,241.69000244140625,245.6199951171875,240.11000061035156,244.42999267578125,23690600,237.66400146484375
2022-12-22,241.25999450683594,241.99000549316406,233.8699951171875,238.19000244140625,28651700,231.5967254638672
2022-12-23,236.11000061035156,238.8699951171875,233.94000244140625,238.72999572753906,21207000,232.12181091308594
2022-12-27,238.6999969482422,238.92999267578125,235.8300018310547,236.9600067138672,16688600,230.4008026123047
2022-12-28,236.88999938964844,239.72000122070312,234.1699981689453,234.52999877929688,17457100,228.03805541992188
2022-12-29,235.64999389648438,241.9199981689453,235.64999389648438,241.00999450683594,19770700,234.3386993408203
2022-12-30,238.2100067138672,239.9600067138672,236.66000366210938,239.82000732421875,21938500,233.18161010742188
2023-01-03,243.0800018310547,245.75,237.39999389648438,239.5800018310547,25740000,232.9482421875
2023-01-04,232.27999877929688,232.8699951171875,225.9600067138672,229.10000610351562,50623400,222.75836181640625
2023-01-05,227.1999969482422,227.5500030517578,221.75999450683594,222.30999755859375,39585600,216.15631103515625
2023-01-06,223,225.75999450683594,219.35000610351562,224.92999267578125,43613600,218.70376586914062
2023-01-09,226.4499969482422,231.24000549316406,226.41000366210938,227.1199951171875,27369800,220.83316040039062
2023-01-10,227.75999450683594,231.30999755859375,227.3300018310547,228.85000610351562,27033900,222.51528930664062
2023-01-11,231.2899932861328,235.9499969482422,231.11000061035156,235.77000427246094,28669300,229.2437286376953
2023-01-12,235.25999450683594,239.89999389648438,233.55999755859375,238.50999450683594,27269500,231.90789794921875
2023-01-13,237,239.3699951171875,234.9199981689453,239.22999572753906,21333300,232.60794067382812
2023-01-17,237.97000122070312,240.91000366210938,237.08999633789062,240.35000610351562,29831300,233.69692993164062
2023-01-18,241.57000732421875,242.3800048828125,235.52000427246094,235.80999755859375,30028700,229.2826385498047
2023-01-19,233.77999877929688,235.52000427246094,230.67999267578125,231.92999267578125,28623000,225.510009765625
2023-01-20,234.86000061035156,240.74000549316406,234.50999450683594,240.22000122070312,35389800,233.57057189941406
2023-01-23,241.10000610351562,245.1699981689453,239.64999389648438,242.5800018310547,31934000,235.865234375
2023-01-24,242.5,243.9499969482422,240.44000244140625,242.0399932861328,40234400,235.34014892578125
2023-01-25,234.47999572753906,243.3000030517578,230.89999389648438,240.61000061035156,66526600,233.94973754882812
2023-01-26,243.64999389648438,248.30999755859375,242,248,33454500,241.1351776123047
2023-01-27,248.99000549316406,249.8300018310547,246.8300018310547,248.16000366210938,26498900,241.290771484375
2023-01-30,244.50999450683594,245.60000610351562,242.1999969482422,242.7100067138672,25867400,235.9916534423828
2023-01-31,243.4499969482422,247.9499969482422,242.9499969482422,247.80999755859375,26541100,240.95045471191406
2023-02-01,248,255.17999267578125,245.47000122070312,252.75,31259900,245.7537078857422
2023-02-02,258.82000732421875,264.69000244140625,257.25,264.6000061035156,39940400,257.275634765625
2023-02-03,259.5400085449219,264.20001220703125,257.1000061035156,258.3500061035156,29077300,251.19866943359375
2023-02-06,257.44000244140625,258.29998779296875,254.77999877929688,256.7699890136719,22518000,249.6624298095703
2023-02-07,260.5299987792969,268.7699890136719,260.0799865722656,267.55999755859375,50841400,260.1537780761719
2023-02-08,273.20001220703125,276.760009765625,266.2099914550781,266.7300109863281,54686000,259.34674072265625
2023-02-09,273.79998779296875,273.9800109863281,262.79998779296875,263.6199951171875,42375100,256.3227233886719
2023-02-10,261.5299987792969,264.0899963378906,260.6600036621094,263.1000061035156,25818500,255.81719970703125
2023-02-13,267.6400146484375,274.6000061035156,267.1499938964844,271.32000732421875,44630900,263.80963134765625
2023-02-14,272.6700134277344,274.9700012207031,269.2799987792969,272.1700134277344,37047900,264.6361389160156
2023-02-15,268.32000732421875,270.7300109863281,266.17999267578125,269.32000732421875,28922400,262.5209655761719
2023-02-16,264.0199890136719,266.739990234375,261.8999938964844,262.1499938964844,29603600,255.53196716308594
2023-02-17,259.3900146484375,260.0899963378906,256,258.05999755859375,30000100,251.54515075683594
2023-02-21,254.47999572753906,255.49000549316406,251.58999633789062,252.6699981689453,28397400,246.291259765625
2023-02-22,254.08999633789062,254.33999633789062,250.33999633789062,251.50999450683594,22491100,245.16053771972656
2023-02-23,255.55999755859375,256.8399963378906,250.47999572753906,254.77000427246094,29219100,248.33824157714844
2023-02-24,249.9600067138672,251,248.10000610351562,249.22000122070312,24990900,242.92840576171875
2023-02-27,252.4600067138672,252.82000732421875,249.38999938964844,250.16000366210938,21190000,243.84461975097656
2023-02-28,249.07000732421875,251.49000549316406,248.72999572753906,249.4199981689453,22491000,243.12330627441406
2023-03-01,250.75999450683594,250.92999267578125,245.7899932861328,246.27000427246094,27565300,240.05284118652344
2023-03-02,246.5500030517578,251.39999389648438,245.61000061035156,251.11000061035156,24808200,244.77064514160156
2023-03-03,252.19000244140625,255.6199951171875,251.38999938964844,255.2899932861328,30760100,248.84510803222656
2023-03-06,256.42999267578125,260.1199951171875,255.97999572753906,256.8699951171875,24109800,250.38522338867188
2023-03-07,256.29998779296875,257.69000244140625,253.38999938964844,254.14999389648438,21473200,247.73390197753906
2023-03-08,254.0399932861328,254.5399932861328,250.80999755859375,253.6999969482422,17340200,247.2952423095703
2023-03-09,255.82000732421875,259.55999755859375,251.5800018310547,252.32000732421875,26653400,245.95013427734375
2023-03-10,251.0800018310547,252.7899932861328,247.60000610351562,248.58999633789062,28333900,242.31427001953125
2023-03-13,247.39999389648438,257.9100036621094,245.72999572753906,253.9199981689453,33339700,247.5097198486328
2023-03-14,256.75,261.07000732421875,255.86000061035156,260.7900085449219,33620300,254.20626831054688
2023-03-15,259.9800109863281,266.4800109863281,259.2099914550781,265.44000244140625,46028000,258.7388916015625
2023-03-16,265.2099914550781,276.55999755859375,263.2799987792969,276.20001220703125,54768800,269.227294921875
2023-03-17,278.260009765625,283.3299865722656,276.32000732421875,279.42999267578125,69527400,272.375732421875
2023-03-20,276.9800109863281,277.4800109863281,269.8500061035156,272.2300109863281,43466600,265.35748291015625
2023-03-21,274.8800048828125,275,269.5199890136719,273.7799987792969,34558700,266.8683166503906
2023-03-22,273.3999938964844,281.0400085449219,272.17999267578125,272.2900085449219,34873300,265.41595458984375
2023-03-23,277.94000244140625,281.05999755859375,275.20001220703125,277.6600036621094,36610900,270.650390625
2023-03-24,277.239990234375,280.6300048828125,275.2799987792969,280.57000732421875,28172000,273.4869689941406
2023-03-27,280.5,281.4599914550781,275.5199890136719,276.3800048828125,26840200,269.4026794433594
2023-03-28,275.7900085449219,276.1400146484375,272.04998779296875,275.2300109863281,21878600,268.28167724609375
2023-03-29,278.9599914550781,281.1400146484375,278.4100036621094,280.510009765625,25087000,273.4284362792969
2023-03-30,284.2300109863281,284.4599914550781,281.4800109863281,284.04998779296875,25053400,276.8790588378906
2023-03-31,283.7300109863281,289.2699890136719,283,288.29998779296875,32766000,281.0217590332031
2023-04-03,286.5199890136719,288.2699890136719,283.95001220703125,287.2300109863281,24883300,279.97882080078125
2023-04-04,287.2300109863281,290.45001220703125,285.6700134277344,287.17999267578125,25824300,279.9300537109375
2023-04-05,285.8500061035156,287.1499938964844,282.9200134277344,284.3399963378906,22064800,277.1617126464844
2023-04-06,283.2099914550781,292.0799865722656,282.0299987792969,291.6000061035156,29770300,284.23846435546875
2023-04-10,289.2099914550781,289.6000061035156,284.7099914550781,289.3900146484375,23103000,282.0842590332031
2023-04-11,285.75,285.9800109863281,281.6400146484375,282.8299865722656,27276600,275.6899108886719
2023-04-12,284.7900085449219,287.010009765625,281.9599914550781,283.489990234375,27403400,276.33319091796875
2023-04-13,283.5899963378906,289.8999938964844,283.1700134277344,289.8399963378906,24222700,282.5229187011719
2023-04-14,287,288.4800109863281,283.69000244140625,286.1400146484375,20987900,278.916259765625
2023-04-17,289.92999267578125,291.6000061035156,286.1600036621094,288.79998779296875,23836200,281.5091552734375
2023-04-18,291.57000732421875,291.760009765625,287.010009765625,288.3699951171875,20161800,281.0899963378906
2023-04-19,285.989990234375,289.04998779296875,284.5400085449219,288.45001220703125,17150300,281.16796875
2023-04-20,285.25,289.0299987792969,285.0799865722656,286.1099853515625,23244400,278.88702392578125
2023-04-21,285.010009765625,286.2699890136719,283.05999755859375,285.760009765625,21676400,278.5459289550781
2023-04-24,282.0899963378906,284.95001220703125,278.7200012207031,281.7699890136719,26611000,274.6565856933594
2023-04-25,279.510009765625,281.6000061035156,275.3699951171875,275.4200134277344,45772200,268.46697998046875
2023-04-26,296.70001220703125,299.57000732421875,292.7300109863281,295.3699951171875,64599200,287.913330078125
2023-04-27,295.9700012207031,305.20001220703125,295.25,304.8299865722656,46462600,297.13446044921875
2023-04-28,304.010009765625,308.92999267578125,303.30999755859375,307.260009765625,36469600,299.5031433105469
2023-05-01,306.9700012207031,308.6000061035156,305.1499938964844,305.55999755859375,21294100,297.8460693359375
2023-05-02,307.760009765625,309.17999267578125,303.9100036621094,305.4100036621094,26404400,297.6998596191406
2023-05-03,306.6199951171875,308.6099853515625,304.0899963378906,304.3999938964844,22360800,296.7153015136719
2023-05-04,306.239990234375,307.760009765625,303.3999938964844,305.4100036621094,22519900,297.6998596191406
2023-05-05,305.7200012207031,311.9700012207031,304.2699890136719,310.6499938964844,28197100,302.8075866699219
2023-05-08,310.1300048828125,310.20001220703125,306.0899963378906,308.6499938964844,21318600,300.8580322265625
2023-05-09,308,310.0400085449219,306.30999755859375,307,21340800,299.2496643066406
2023-05-10,308.6199951171875,313,307.6700134277344,312.30999755859375,30078000,304.4256591796875
2023-05-11,310.1000061035156,311.1199951171875,306.260009765625,310.1099853515625,31680200,302.2811584472656
2023-05-12,310.54998779296875,310.6499938964844,306.6000061035156,308.9700012207031,19774700,301.16998291015625
2023-05-15,309.1000061035156,309.8999938964844,307.5899963378906,309.4599914550781,16336500,301.6475524902344
2023-05-16,309.8299865722656,313.7099914550781,309.8299865722656,311.739990234375,26730300,303.8699951171875
2023-05-17,312.2900085449219,314.42999267578125,310.739990234375,314,24315000,306.7420959472656
2023-05-18,314.5299987792969,319.0400085449219,313.7200012207031,318.5199890136719,27276000,311.1575927734375
2023-05-19,316.739990234375,318.75,316.3699951171875,318.3399963378906,27546700,310.9817199707031
2023-05-22,318.6000061035156,322.5899963378906,318.010009765625,321.17999267578125,24115700,313.7561340332031
2023-05-23,320.0299987792969,322.7200012207031,315.25,315.260009765625,30797200,307.97296142578125
2023-05-24,314.7300109863281,316.5,312.6099853515625,313.8500061035156,23384900,306.5955505371094
2023-05-25,323.239990234375,326.8999938964844,320,325.9200134277344,43301700,318.38653564453125
2023-05-26,324.0199890136719,333.3999938964844,323.8800048828125,332.8900146484375,36630600,325.1954650878906
2023-05-30,335.2300109863281,335.739990234375,330.5199890136719,331.2099914550781,29503100,323.5542907714844
2023-05-31,332.2900085449219,335.94000244140625,327.3299865722656,328.3900146484375,45950600,320.7994689941406
2023-06-01,325.92999267578125,333.5299987792969,324.7200012207031,332.5799865722656,26773900,324.892578125
2023-06-02,334.25,337.5,332.54998779296875,335.3999938964844,25873800,327.64739990234375
2023-06-05,335.2200012207031,338.55999755859375,334.6600036621094,335.94000244140625,21307100,328.1750183105469
2023-06-06,335.3299865722656,335.3699951171875,332.1700134277344,333.67999267578125,20396200,325.9671630859375
2023-06-07,331.6499938964844,334.489990234375,322.5,323.3800048828125,40717100,315.90521240234375
2023-06-08,323.94000244140625,326.6400146484375,323.3500061035156,325.260009765625,23277700,317.7417907714844
2023-06-09,324.989990234375,329.989990234375,324.4100036621094,326.7900085449219,22529000,319.2364807128906
2023-06-12,328.5799865722656,332.1000061035156,325.1600036621094,331.8500061035156,24260300,324.1794738769531
2023-06-13,334.4700012207031,336.9800109863281,330.3900146484375,334.2900085449219,22951300,326.5631103515625
2023-06-14,334.3399963378906,339.0400085449219,332.80999755859375,337.3399963378906,26003800,329.5425109863281
2023-06-15,337.4800109863281,349.8399963378906,337.20001220703125,348.1000061035156,38899100,340.05389404296875
2023-06-16,351.32000732421875,351.4700012207031,341.95001220703125,342.3299865722656,46552000,334.4172058105469
2023-06-20,339.30999755859375,342.0799865722656,335.8599853515625,338.04998779296875,26375400,330.23614501953125
2023-06-21,336.3699951171875,337.7300109863281,332.07000732421875,333.55999755859375,25117800,325.8499450683594
2023-06-22,334.1199951171875,340.1199951171875,333.3399963378906,339.7099914550781,23556800,331.8578186035156
2023-06-23,334.3599853515625,337.9599914550781,333.45001220703125,335.0199890136719,23146900,327.27618408203125
2023-06-26,333.7200012207031,336.1099853515625,328.489990234375,328.6000061035156,21520600,321.00457763671875
2023-06-27,331.8599853515625,336.1499938964844,329.29998779296875,334.57000732421875,24354100,326.8365783691406
2023-06-28,334.6600036621094,337.9800109863281,333.80999755859375,335.8500061035156,20259500,328.0870361328125
2023-06-29,334.7099914550781,336.1099853515625,332.6199951171875,335.04998779296875,16997000,327.3054504394531
2023-06-30,337.75,342.7300109863281,337.20001220703125,340.5400085449219,26832800,332.6685791015625
2023-07-03,339.19000244140625,340.8999938964844,336.57000732421875,337.989990234375,12508700,330.17755126953125
2023-07-05,335.0899963378906,341.6499938964844,334.7300109863281,338.1499938964844,18172400,330.3338623046875
2023-07-06,337.29998779296875,342.989990234375,335.5,341.2699890136719,28161200,333.3817443847656
2023-07-07,339.32000732421875,341.7900085449219,337,337.2200012207031,21214800,329.4253234863281
2023-07-10,334.6000061035156,335.2300109863281,327.5899963378906,331.8299865722656,32791400,324.1598815917969
2023-07-11,331.05999755859375,332.8599853515625,327,332.4700012207031,26698200,324.7851867675781
2023-07-12,336.6000061035156,341.6499938964844,335.6700134277344,337.20001220703125,29995300,329.40582275390625
2023-07-13,339.55999755859375,343.739990234375,339.0199890136719,342.6600036621094,20567200,334.7395935058594
2023-07-14,347.5899963378906,351.42999267578125,344.30999755859375,345.239990234375,28352700,337.2599792480469
2023-07-17,345.67999267578125,346.989990234375,342.20001220703125,345.7300109863281,20363900,337.7386474609375
2023-07-18,345.8299865722656,366.7799987792969,342.1700134277344,359.489990234375,64738600,351.1806335449219
2023-07-19,361.75,362.4599914550781,352.44000244140625,355.0799865722656,39732900,346.8725280761719
2023-07-20,353.57000732421875,357.9700012207031,345.3699951171875,346.8699951171875,33778400,338.852294921875
2023-07-21,349.1499938964844,350.29998779296875,339.8299865722656,343.7699890136719,69405400,335.8240051269531
2023-07-24,345.8500061035156,346.9200134277344,342.30999755859375,345.1099853515625,26678100,337.1329345703125
2023-07-25,347.1099853515625,351.8900146484375,345.07000732421875,350.9800109863281,41637700,342.8672790527344
2023-07-26,341.44000244140625,344.6700134277344,333.1099853515625,337.7699890136719,58383700,329.9626159667969
2023-07-27,340.4800109863281,341.3299865722656,329.04998779296875,330.7200012207031,39635300,323.0755615234375
2023-07-28,333.6700134277344,340.010009765625,333.1700134277344,338.3699951171875,28484900,330.5487365722656
2023-07-31,336.9200134277344,337.70001220703125,333.3599853515625,335.9200134277344,25446000,328.15545654296875
2023-08-01,335.19000244140625,338.5400085449219,333.70001220703125,336.3399963378906,18311900,328.565673828125
2023-08-02,333.6300048828125,333.6300048828125,326.3599853515625,327.5,27761300,319.9300537109375
2023-08-03,326,329.8800048828125,325.95001220703125,326.6600036621094,18253700,319.1094055175781
2023-08-04,331.8800048828125,335.1400146484375,327.239990234375,327.7799987792969,23741500,320.2035827636719
2023-08-07,328.3699951171875,331.1099853515625,327.5199890136719,330.1099853515625,17741500,322.47967529296875
2023-08-08,326.9599914550781,328.75,323,326.04998779296875,22327600,318.5135192871094
2023-08-09,326.4700012207031,327.1099853515625,321.04998779296875,322.2300109863281,22373300,314.7818603515625
2023-08-10,326.0199890136719,328.260009765625,321.17999267578125,322.92999267578125,20113700,315.4656066894531
2023-08-11,320.260009765625,322.4100036621094,319.2099914550781,321.010009765625,24355500,313.590087890625
2023-08-14,321.3900146484375,324.05999755859375,320.0799865722656,324.0400085449219,18836100,316.5500183105469
2023-08-15,323,325.0899963378906,320.8999938964844,321.8599853515625,16966300,314.42034912109375
2023-08-16,320.79998779296875,324.4200134277344,319.79998779296875,320.3999938964844,20698900,313.65679931640625
2023-08-17,320.5400085449219,321.8699951171875,316.2099914550781,316.8800048828125,21257200,310.21087646484375
2023-08-18,314.489990234375,318.3800048828125,311.54998779296875,316.4800109863281,24755000,309.8193359375
2023-08-21,317.92999267578125,322.7699890136719,317.0400085449219,321.8800048828125,24040000,315.105712890625
2023-08-22,325.5,326.0799865722656,321.4599914550781,322.4599914550781,16084600,315.6734313964844
2023-08-23,323.82000732421875,329.20001220703125,323.4599914550781,327,21166400,320.117919921875
2023-08-24,332.8500061035156,332.9800109863281,319.9599914550781,319.9700012207031,23281400,313.23583984375
2023-08-25,321.4700012207031,325.3599853515625,318.79998779296875,322.9800109863281,21684100,316.1825256347656
2023-08-28,325.6600036621094,326.1499938964844,321.7200012207031,323.70001220703125,14808500,316.8873596191406
2023-08-29,321.8800048828125,328.9800109863281,321.8800048828125,328.4100036621094,19284600,321.4982604980469
2023-08-30,328.6700134277344,329.80999755859375,326.45001220703125,328.7900085449219,15222100,321.8702392578125
2023-08-31,329.20001220703125,330.9100036621094,326.7799987792969,327.760009765625,26411000,320.8619689941406
2023-09-01,331.30999755859375,331.989990234375,326.7799987792969,328.6600036621094,14942000,321.74298095703125
2023-09-05,329,334.8500061035156,328.6600036621094,333.54998779296875,18553900,326.530029296875
2023-09-06,333.3800048828125,334.4599914550781,330.17999267578125,332.8800048828125,17535800,325.8741455078125
2023-09-07,331.2900085449219,333.0799865722656,329.0299987792969,329.9100036621094,18381000,322.9666748046875
2023-09-08,330.0899963378906,336.1600036621094,329.4599914550781,334.2699890136719,19530100,327.23492431640625
2023-09-11,337.239990234375,338.4200134277344,335.42999267578125,337.94000244140625,16583300,330.8276672363281
2023-09-12,335.82000732421875,336.7900085449219,331.4800109863281,331.7699890136719,17565500,324.78753662109375
2023-09-13,331.30999755859375,336.8500061035156,331.1700134277344,336.05999755859375,16544400,328.9872131347656
2023-09-14,339.1499938964844,340.8599853515625,336.57000732421875,338.70001220703125,20267000,331.5716552734375
2023-09-15,336.9200134277344,337.3999938964844,329.6499938964844,330.2200012207031,37679800,323.2701416015625
2023-09-18,327.79998779296875,330.3999938964844,326.3599853515625,329.05999755859375,16834200,322.1345520019531
2023-09-19,326.1700134277344,329.3900146484375,324.510009765625,328.6499938964844,16505900,321.733154296875
2023-09-20,329.510009765625,329.5899963378906,320.510009765625,320.7699890136719,21436500,314.01898193359375
2023-09-21,319.260009765625,325.3500061035156,315,319.5299987792969,35560400,312.8050842285156
2023-09-22,321.32000732421875,321.45001220703125,316.1499938964844,317.010009765625,21447900,310.3381652832031
2023-09-25,316.5899963378906,317.6700134277344,315,317.5400085449219,17836000,310.8570251464844
2023-09-26,315.1300048828125,315.8800048828125,310.0199890136719,312.1400146484375,26297600,305.5706787109375
2023-09-27,312.29998779296875,314.29998779296875,309.69000244140625,312.7900085449219,19410100,306.2069396972656
2023-09-28,310.989990234375,315.4800109863281,309.45001220703125,313.6400146484375,19683600,307.0390930175781
2023-09-29,317.75,319.4700012207031,314.9800109863281,315.75,24147300,309.1047058105469
2023-10-02,316.2799987792969,321.8900146484375,315.17999267578125,321.79998779296875,20570000,315.02734375
2023-10-03,320.8299865722656,321.3900146484375,311.2099914550781,313.3900146484375,21033500,306.79437255859375
2023-10-04,314.0299987792969,320.0400085449219,314,318.9599914550781,20720100,312.24713134765625
2023-10-05,319.0899963378906,319.9800109863281,314.8999938964844,319.3599853515625,16965600,312.6386413574219
2023-10-06,316.54998779296875,329.19000244140625,316.29998779296875,327.260009765625,25673600,320.3724365234375
2023-10-09,324.75,330.29998779296875,323.17999267578125,329.82000732421875,19891200,322.8785095214844
2023-10-10,330.9599914550781,331.1000061035156,327.6700134277344,328.3900146484375,20557100,321.4786682128906
2023-10-11,331.2099914550781,332.82000732421875,329.1400146484375,332.4200134277344,20063200,325.4238586425781
2023-10-12,330.57000732421875,333.6300048828125,328.7200012207031,331.1600036621094,19313100,324.1903076171875
2023-10-13,332.3800048828125,333.8299865722656,326.3599853515625,327.7300109863281,21072400,320.83258056640625
2023-10-16,331.04998779296875,336.1400146484375,330.6000061035156,332.6400146484375,22158000,325.63922119140625
2023-10-17,329.5899963378906,333.4599914550781,327.4100036621094,332.05999755859375,18338500,325.07135009765625
2023-10-18,332.489990234375,335.5899963378906,328.29998779296875,330.1099853515625,23153600,323.16241455078125
2023-10-19,332.1499938964844,336.8800048828125,330.9100036621094,331.32000732421875,25052100,324.3470153808594
2023-10-20,331.7200012207031,331.9200134277344,325.45001220703125,326.6700134277344,25027700,319.794921875
2023-10-23,325.4700012207031,332.7300109863281,324.3900146484375,329.32000732421875,24374700,322.3891296386719
2023-10-24,331.29998779296875,331.8399963378906,327.6000061035156,330.5299987792969,31153600,323.5735778808594
2023-10-25,345.0199890136719,346.20001220703125,337.6199951171875,340.6700134277344,55053800,333.5002136230469
2023-10-26,340.5400085449219,341.6300048828125,326.94000244140625,327.8900146484375,37828500,320.9891662597656
2023-10-27,330.42999267578125,336.7200012207031,328.3999938964844,329.80999755859375,29856500,322.8687744140625
2023-10-30,333.4100036621094,339.45001220703125,331.8299865722656,337.30999755859375,22828100,330.2109375
2023-10-31,338.8500061035156,339,334.69000244140625,338.1099853515625,20265300,330.99407958984375
2023-11-01,339.7900085449219,347.4200134277344,339.6499938964844,346.07000732421875,28158800,338.78656005859375
2023-11-02,347.239990234375,348.8299865722656,344.7699890136719,348.32000732421875,24348100,340.9892272949219
2023-11-03,349.6300048828125,354.3900146484375,347.3299865722656,352.79998779296875,23637700,345.3749084472656
2023-11-06,353.45001220703125,357.5400085449219,353.3500061035156,356.5299987792969,23828300,349.0264587402344
2023-11-07,359.3999938964844,362.4599914550781,357.6300048828125,360.5299987792969,25833900,352.9422302246094
2023-11-08,361.67999267578125,363.8699951171875,360.54998779296875,363.20001220703125,26767800,355.5560302734375
2023-11-09,362.29998779296875,364.7900085449219,360.3599853515625,360.69000244140625,24847300,353.0988464355469
2023-11-10,361.489990234375,370.1000061035156,361.07000732421875,369.6700134277344,28042100,361.889892578125
2023-11-13,368.2200012207031,368.4700012207031,365.8999938964844,366.67999267578125,19986500,358.9627990722656
2023-11-14,371.010009765625,371.95001220703125,367.3500061035156,370.2699890136719,27683900,362.47723388671875
2023-11-15,371.2799987792969,373.1300048828125,367.1099853515625,369.6700134277344,26860100,362.6243896484375
2023-11-16,370.9599914550781,376.3500061035156,370.17999267578125,376.1700134277344,27182300,369.0005187988281
2023-11-17,373.6099853515625,374.3699951171875,367,369.8500061035156,40157000,362.80096435546875
2023-11-20,371.2200012207031,378.8699951171875,371,377.44000244140625,52465100,370.2462463378906
2023-11-21,375.6700134277344,376.2200012207031,371.1199951171875,373.07000732421875,28423100,365.9595947265625
2023-11-22,378,379.7900085449219,374.9700012207031,377.8500061035156,23345300,370.6485290527344
2023-11-24,377.3299865722656,377.9700012207031,375.1400146484375,377.42999267578125,10176600,370.2364807128906
2023-11-27,376.7799987792969,380.6400146484375,376.20001220703125,378.6099853515625,22179200,371.39398193359375
2023-11-28,378.3500061035156,383,378.1600036621094,382.70001220703125,20453100,375.4060363769531
2023-11-29,383.760009765625,384.29998779296875,377.44000244140625,378.8500061035156,28963400,371.6294250488281
2023-11-30,378.489990234375,380.0899963378906,375.4700012207031,378.9100036621094,30554400,371.6882629394531
2023-12-01,376.760009765625,378.1600036621094,371.30999755859375,374.510009765625,33040500,367.37213134765625
2023-12-04,369.1000061035156,369.5199890136719,362.8999938964844,369.1400146484375,32063300,362.1044921875
2023-12-05,366.45001220703125,373.0799865722656,365.6199951171875,372.5199890136719,23065000,365.4200439453125
2023-12-06,373.5400085449219,374.17999267578125,368.0299987792969,368.79998779296875,21182100,361.7709045410156
2023-12-07,368.2300109863281,371.45001220703125,366.32000732421875,370.95001220703125,23118900,363.8800048828125
2023-12-08,369.20001220703125,374.4599914550781,368.2300109863281,374.2300109863281,20154400,367.0975036621094
2023-12-11,368.4800109863281,371.6000061035156,366.1000061035156,371.29998779296875,27708800,364.2232971191406
2023-12-12,370.8500061035156,374.4200134277344,370.4599914550781,374.3800048828125,24838300,367.2445983886719
2023-12-13,376.0199890136719,377.6400146484375,370.7699890136719,374.3699951171875,30955500,367.23480224609375
2023-12-14,373.30999755859375,373.760009765625,364.1300048828125,365.92999267578125,43277500,358.9556579589844
2023-12-15,366.8500061035156,372.3999938964844,366.2799987792969,370.7300109863281,78502300,363.6642150878906
2023-12-18,369.45001220703125,373,368.67999267578125,372.6499938964844,21802900,365.5475158691406
2023-12-19,371.489990234375,373.260009765625,369.8399963378906,373.260009765625,20603700,366.14593505859375
2023-12-20,375,376.0299987792969,370.5299987792969,370.6199951171875,26316700,363.5562438964844
2023-12-21,372.55999755859375,374.4100036621094,370.0400085449219,373.5400085449219,17708000,366.4206848144531
2023-12-22,373.67999267578125,375.17999267578125,372.7099914550781,374.5799865722656,17107500,367.4408264160156
2023-12-26,375,376.94000244140625,373.5,374.6600036621094,12673100,367.5193176269531
2023-12-27,373.69000244140625,375.05999755859375,372.80999755859375,374.07000732421875,14905400,366.9404602050781
2023-12-28,375.3699951171875,376.4599914550781,374.1600036621094,375.2799987792969,14327000,368.1274108886719
2023-12-29,376,377.1600036621094,373.4800109863281,376.0400085449219,18730800,368.8729553222656
2024-01-02,373.8599853515625,375.8999938964844,366.7699890136719,370.8699951171875,25258600,363.801513671875
2024-01-03,369.010009765625,373.260009765625,368.510009765625,370.6000061035156,23083500,363.53668212890625
2024-01-04,370.6700134277344,373.1000061035156,367.1700134277344,367.94000244140625,20901500,360.92730712890625
2024-01-05,368.9700012207031,372.05999755859375,366.5,367.75,21004600,360.7409973144531
2024-01-08,369.29998779296875,375.20001220703125,369.010009765625,374.69000244140625,23134000,367.5486755371094
2024-01-09,372.010009765625,375.989990234375,371.19000244140625,375.7900085449219,20830000,368.62774658203125
2024-01-10,376.3699951171875,384.1700134277344,376.32000732421875,382.7699890136719,25514200,375.4747009277344
2024-01-11,386,390.67999267578125,380.3800048828125,384.6300048828125,27850800,377.2992248535156
2024-01-12,385.489990234375,388.67999267578125,384.6499938964844,388.4700012207031,21661200,381.06610107421875
2024-01-16,393.6600036621094,394.0299987792969,387.6199951171875,390.2699890136719,27202300,382.83172607421875
2024-01-17,387.9800109863281,390.1099853515625,384.80999755859375,389.4700012207031,22234100,382.0469970703125
2024-01-18,391.7200012207031,393.989990234375,390.1199951171875,393.8699951171875,23392100,386.3631286621094
2024-01-19,395.760009765625,398.6700134277344,393.5,398.6700134277344,29331100,391.0716552734375
2024-01-22,400.0199890136719,400.6199951171875,393.5899963378906,396.510009765625,27016900,388.952880859375
2024-01-23,395.75,399.3800048828125,393.92999267578125,398.8999938964844,20525900,391.2972412109375
2024-01-24,401.5400085449219,405.6300048828125,400.45001220703125,402.55999755859375,24867000,394.88751220703125
2024-01-25,404.32000732421875,407.010009765625,402.5299987792969,404.8699951171875,21021200,397.1534729003906
2024-01-26,404.3699951171875,406.1700134277344,402.42999267578125,403.92999267578125,17803300,396.23138427734375
2024-01-29,406.05999755859375,409.9800109863281,404.3299865722656,409.7200012207031,24510200,401.91107177734375
2024-01-30,412.260009765625,413.04998779296875,406.45001220703125,408.5899963378906,33477600,400.8025817871094
2024-01-31,406.9599914550781,415.32000732421875,397.2099914550781,397.5799865722656,47871100,390.0024108886719
2024-02-01,401.8299865722656,408,401.79998779296875,403.7799987792969,30657700,396.08428955078125
2024-02-02,403.80999755859375,412.6499938964844,403.55999755859375,411.2200012207031,28256700,403.3824462890625
2024-02-05,409.8999938964844,411.1600036621094,403.989990234375,405.6499938964844,25352300,397.91864013671875
2024-02-06,405.8800048828125,407.9700012207031,402.9100036621094,405.489990234375,18382600,397.76165771484375
2024-02-07,407.44000244140625,414.29998779296875,407.3999938964844,414.04998779296875,22340500,406.1585388183594
2024-02-08,414.04998779296875,415.55999755859375,412.5299987792969,414.1099853515625,21225300,406.2173767089844
2024-02-09,415.25,420.82000732421875,415.0899963378906,420.54998779296875,22032800,412.53460693359375
2024-02-12,420.55999755859375,420.739990234375,414.75,415.260009765625,21202900,407.3454895019531
2024-02-13,404.94000244140625,410.07000732421875,403.3900146484375,406.32000732421875,27824900,398.57586669921875
2024-02-14,408.07000732421875,409.8399963378906,404.57000732421875,409.489990234375,20401200,402.42822265625
2024-02-15,408.1400146484375,409.1300048828125,404.2900085449219,406.55999755859375,21825500,399.5487976074219
2024-02-16,407.9599914550781,408.2900085449219,403.44000244140625,404.05999755859375,22296500,397.0919189453125
2024-02-20,403.239990234375,404.489990234375,398.010009765625,402.7900085449219,24307900,395.8437805175781
2024-02-21,400.1700134277344,402.2900085449219,397.2200012207031,402.17999267578125,18518900,395.24432373046875
2024-02-22,410.19000244140625,412.8299865722656,408.57000732421875,411.6499938964844,27009900,404.5509948730469
2024-02-23,415.6700134277344,415.8599853515625,408.9700012207031,410.3399963378906,16295900,403.2635803222656
2024-02-26,411.4599914550781,412.1600036621094,407.3599853515625,407.5400085449219,16193500,400.5118408203125
2024-02-27,407.989990234375,408.32000732421875,403.8500061035156,407.4800109863281,14835800,400.45294189453125
2024-02-28,408.17999267578125,409.29998779296875,405.32000732421875,407.7200012207031,13183100,400.6888122558594
2024-02-29,408.6400146484375,414.20001220703125,405.9200134277344,413.6400146484375,31947300,406.5067138671875
2024-03-01,411.2699890136719,415.8699951171875,410.8800048828125,415.5,17823400,408.3345947265625
2024-03-04,413.44000244140625,417.3500061035156,412.32000732421875,414.9200134277344,17596000,407.7646484375
2024-03-05,413.9599914550781,414.25,400.6400146484375,402.6499938964844,26919200,395.7062072753906
2024-03-06,402.9700012207031,405.1600036621094,398.3900146484375,402.0899963378906,22344100,395.1558837890625
2024-03-07,406.1199951171875,409.7799987792969,402.239990234375,409.1400146484375,18718500,402.0843505859375
2024-03-08,407.9599914550781,410.4200134277344,404.3299865722656,406.2200012207031,18002200,399.2146301269531
2024-03-11,403.760009765625,405.67999267578125,401.260009765625,404.5199890136719,16120800,397.5439453125
2024-03-12,407.6199951171875,415.57000732421875,406.7900085449219,415.2799987792969,22457000,408.1183776855469
2024-03-13,418.1000061035156,418.17999267578125,411.45001220703125,415.1000061035156,17115900,407.9415283203125
2024-03-14,420.239990234375,427.82000732421875,417.989990234375,425.2200012207031,34157300,417.886962890625
2024-03-15,419.2900085449219,422.6000061035156,412.7900085449219,416.4200134277344,45079900,409.23876953125
2024-03-18,414.25,420.7300109863281,413.7799987792969,417.32000732421875,20106000,410.12322998046875
2024-03-19,417.8299865722656,421.6700134277344,415.54998779296875,421.4100036621094,19837900,414.1426696777344
2024-03-20,422,425.9599914550781,420.6600036621094,425.2300109863281,17860100,417.8968505859375
2024-03-21,429.8299865722656,430.82000732421875,427.1600036621094,429.3699951171875,21296200,421.9654235839844
2024-03-22,429.70001220703125,429.8599853515625,426.07000732421875,428.739990234375,17648500,421.3463134765625
2024-03-25,425.239990234375,427.4100036621094,421.6099853515625,422.8599853515625,18060500,415.5676574707031
2024-03-26,425.6099853515625,425.989990234375,421.3500061035156,421.6499938964844,16725600,414.3785400390625
2024-03-27,424.44000244140625,424.45001220703125,419.010009765625,421.42999267578125,16705000,414.1623229980469
2024-03-28,420.9599914550781,421.8699951171875,419.1199951171875,420.7200012207031,21871200,413.4645690917969
2024-04-01,423.95001220703125,427.8900146484375,422.2200012207031,424.57000732421875,16316000,417.2481689453125
2024-04-02,420.1099853515625,422.3800048828125,417.8399963378906,421.44000244140625,17912000,414.17218017578125
2024-04-03,419.7300109863281,423.260009765625,419.0899963378906,420.45001220703125,16502300,413.19927978515625
2024-04-04,424.989990234375,428.6700134277344,417.57000732421875,417.8800048828125,19370900,410.673583984375
2024-04-05,420.010009765625,426.510009765625,418.32000732421875,425.5199890136719,16554800,418.1817626953125
2024-04-08,425.1700134277344,427.2799987792969,423.29998779296875,424.5899963378906,14272400,417.267822265625
2024-04-09,426.44000244140625,427.739990234375,421.6199951171875,426.2799987792969,12496900,418.9287414550781
2024-04-10,422.19000244140625,424.0299987792969,419.70001220703125,423.260009765625,16216600,415.9607849121094
2024-04-11,425.82000732421875,429.3699951171875,422.3599853515625,427.92999267578125,17966400,420.55023193359375
2024-04-12,424.04998779296875,425.17999267578125,419.7699890136719,421.8999938964844,19253800,414.624267578125
2024-04-15,426.6000061035156,426.82000732421875,413.42999267578125,413.6400146484375,20273500,406.5067138671875
2024-04-16,414.57000732421875,418.3999938964844,413.7300109863281,414.5799865722656,16765600,407.43048095703125
2024-04-17,417.25,418.8800048828125,410.3299865722656,411.8399963378906,15855500,404.73773193359375
2024-04-18,410.6300048828125,411.8900146484375,403.95001220703125,404.2699890136719,21029900,397.29827880859375
2024-04-19,404.0299987792969,405.4800109863281,397.7699890136719,399.1199951171875,30565800,392.2370910644531
2024-04-22,400.0799865722656,402.8500061035156,395.75,400.9599914550781,20286900,394.0453796386719
2024-04-23,404.239990234375,408.20001220703125,403.05999755859375,407.57000732421875,15734500,400.5413818359375
2024-04-24,409.55999755859375,412.4700012207031,406.7799987792969,409.05999755859375,15065300,402.00567626953125
2024-04-25,394.0299987792969,399.8900146484375,388.0299987792969,399.0400085449219,40586500,392.15850830078125
2024-04-26,412.1700134277344,413,405.760009765625,406.32000732421875,29694700,399.31292724609375
2024-04-29,405.25,406.32000732421875,399.19000244140625,402.25,19582100,395.3131103515625
2024-04-30,401.489990234375,402.1600036621094,389.1700134277344,389.3299865722656,28781400,382.6159362792969
2024-05-01,392.6099853515625,401.7200012207031,390.30999755859375,394.94000244140625,23562500,388.129150390625
2024-05-02,397.6600036621094,399.92999267578125,394.6499938964844,397.8399963378906,17709400,390.9791259765625
2024-05-03,402.2799987792969,407.1499938964844,401.8599853515625,406.6600036621094,17446700,399.6470947265625
2024-05-06,408.760009765625,413.92999267578125,406.3699951171875,413.5400085449219,16996600,406.408447265625
2024-05-07,414.6600036621094,414.6700134277344,409.0899963378906,409.3399963378906,20018200,402.2808532714844
2024-05-08,408.1700134277344,412.2300109863281,406.7099914550781,410.5400085449219,11792300,403.460205078125
2024-05-09,410.57000732421875,412.7200012207031,409.1000061035156,412.32000732421875,14689700,405.20947265625
2024-05-10,412.94000244140625,415.3800048828125,411.79998779296875,414.739990234375,13402300,407.58770751953125
2024-05-13,418.010009765625,418.3500061035156,410.82000732421875,413.7200012207031,15440200,406.58526611328125
2024-05-14,412.0199890136719,417.489990234375,411.54998779296875,416.55999755859375,15109300,409.37640380859375
2024-05-15,417.8999938964844,423.80999755859375,417.2699890136719,423.0799865722656,22239500,416.5338134765625
2024-05-16,421.79998779296875,425.4200134277344,420.3500061035156,420.989990234375,17530100,414.4761657714844
2024-05-17,422.5400085449219,422.9200134277344,418.0299987792969,420.2099914550781,15352200,413.708251953125
2024-05-20,420.2099914550781,426.7699890136719,419.989990234375,425.3399963378906,16272100,418.75885009765625
2024-05-21,426.8299865722656,432.9700012207031,424.8500061035156,429.0400085449219,21453300,422.4016418457031
2024-05-22,430.0899963378906,432.4100036621094,427.1300048828125,430.5199890136719,18073700,423.8587646484375
2024-05-23,432.9700012207031,433.6000061035156,425.4200134277344,427,17211700,420.3931579589844
2024-05-24,427.19000244140625,431.05999755859375,424.4100036621094,430.1600036621094,11855300,423.5043640136719
2024-05-28,429.6300048828125,430.82000732421875,426.6000061035156,430.32000732421875,15718000,423.6618347167969
2024-05-29,425.69000244140625,430.94000244140625,425.69000244140625,429.1700134277344,15517100,422.5296325683594
2024-05-30,424.29998779296875,424.29998779296875,414.239990234375,414.6700134277344,28394500,408.2540283203125
2024-05-31,416.75,416.75,404.510009765625,415.1300048828125,47995300,408.7068786621094
2024-06-03,415.5299987792969,416.42999267578125,408.9200134277344,413.5199890136719,17484700,407.12176513671875
2024-06-04,412.42999267578125,416.44000244140625,409.67999267578125,416.07000732421875,14348900,409.63238525390625
2024-06-05,417.80999755859375,424.0799865722656,416.29998779296875,424.010009765625,16988000,417.4494323730469
2024-06-06,424.010009765625,425.30999755859375,420.5799865722656,424.5199890136719,14861300,417.9515380859375
2024-06-07,426.20001220703125,426.2799987792969,423,423.8500061035156,13621700,417.29193115234375
2024-06-10,424.70001220703125,428.0799865722656,423.8900146484375,427.8699951171875,13982900,421.24969482421875
2024-06-11,425.4800109863281,432.82000732421875,425.25,432.67999267578125,14551100,425.9853210449219
2024-06-12,435.32000732421875,443.3999938964844,433.25,441.05999755859375,22366200,434.2356262207031
2024-06-13,440.8500061035156,443.3900146484375,439.3699951171875,441.5799865722656,15960600,434.74761962890625
2024-06-14,438.2799987792969,443.1400146484375,436.7200012207031,442.57000732421875,13582000,435.7223205566406
2024-06-17,442.5899963378906,450.94000244140625,440.7200012207031,448.3699951171875,20790000,441.4324951171875
2024-06-18,449.7099914550781,450.1400146484375,444.8900146484375,446.3399963378906,17112500,439.4339599609375
2024-06-20,446.29998779296875,446.5299987792969,441.2699890136719,445.70001220703125,19877400,438.8038635253906
2024-06-21,447.3800048828125,450.5799865722656,446.510009765625,449.7799987792969,34187100,442.8207702636719
2024-06-24,449.79998779296875,452.75,446.4100036621094,447.6700134277344,15913700,440.7434387207031
2024-06-25,448.25,451.4200134277344,446.75,450.95001220703125,16413400,443.9726257324219
2024-06-26,449,453.6000061035156,448.19000244140625,452.1600036621094,16507000,445.1639099121094
2024-06-27,452.17999267578125,456.1700134277344,451.7699890136719,452.8500061035156,14806300,445.8432312011719
2024-06-28,453.07000732421875,455.3800048828125,446.4100036621094,446.95001220703125,28362300,440.0345153808594
2024-07-01,448.6600036621094,457.3699951171875,445.6600036621094,456.7300109863281,17662800,449.6631774902344
2024-07-02,453.20001220703125,459.5899963378906,453.1099853515625,459.2799987792969,13979800,452.1737365722656
2024-07-03,458.19000244140625,461.0199890136719,457.8800048828125,460.7699890136719,9932800,453.64068603515625
2024-07-05,459.6099853515625,468.3500061035156,458.9700012207031,467.55999755859375,16000300,460.3255920410156
2024-07-08,466.54998779296875,467.70001220703125,464.4599914550781,466.239990234375,12962300,459.0260314941406
2024-07-09,467,467.3299865722656,458,459.5400085449219,17207200,452.4297180175781
2024-07-10,461.2200012207031,466.4599914550781,458.8599853515625,466.25,18196100,459.0359191894531
2024-07-11,462.9800109863281,464.7799987792969,451.54998779296875,454.70001220703125,23111200,447.66461181640625
2024-07-12,454.3299865722656,456.3599853515625,450.6499938964844,453.54998779296875,16324300,446.5323791503906
2024-07-15,453.29998779296875,457.260009765625,451.42999267578125,453.9599914550781,14429400,446.9360656738281
2024-07-16,454.2200012207031,454.29998779296875,446.6600036621094,449.5199890136719,17175700,442.56475830078125
2024-07-17,442.5899963378906,444.8500061035156,439.17999267578125,443.5199890136719,21778000,436.6575622558594
2024-07-18,444.3399963378906,444.6499938964844,434.3999938964844,440.3699951171875,20794800,433.55633544921875
2024-07-19,433.1000061035156,441.1400146484375,432,437.1099853515625,20940400,430.3467712402344
2024-07-22,441.7900085449219,444.6000061035156,438.9100036621094,442.94000244140625,15808800,436.0865478515625
2024-07-23,443.8999938964844,448.3900146484375,443.1000061035156,444.8500061035156,13107100,437.9670104980469
2024-07-24,440.45001220703125,441.4800109863281,427.5899963378906,428.8999938964844,26805800,422.2637939453125
2024-07-25,428.79998779296875,429.79998779296875,417.510009765625,418.3999938964844,29943800,411.9262390136719
2024-07-26,418.20001220703125,428.9200134277344,417.2699890136719,425.2699890136719,23583800,418.6899719238281
2024-07-29,431.5799865722656,432.1499938964844,424.70001220703125,426.7300109863281,15125800,420.12738037109375
2024-07-30,427.7200012207031,429.04998779296875,417.3599853515625,422.9200134277344,32687600,416.3763732910156
2024-07-31,420.5,421.7799987792969,412.2099914550781,418.3500061035156,42891400,411.8769836425781
2024-08-01,420.7900085449219,427.4599914550781,413.0899963378906,417.1099853515625,30296400,410.6562194824219
2024-08-02,412.489990234375,415,404.3399963378906,408.489990234375,29437900,402.1695556640625
2024-08-05,389.1700134277344,401.0400085449219,385.5799865722656,395.1499938964844,40709200,389.03594970703125
2024-08-06,400,405.6700134277344,398.5,399.6099853515625,24946500,393.4269714355469
2024-08-07,408.6400146484375,410.0799865722656,397.4700012207031,398.42999267578125,20650900,392.2652587890625
2024-08-08,402.44000244140625,405.8599853515625,399.94000244140625,402.69000244140625,20203000,396.45928955078125
2024-08-09,404.0299987792969,408.04998779296875,402.260009765625,406.0199890136719,19276700,399.73779296875
2024-08-12,407.05999755859375,408.760009765625,404.239990234375,406.80999755859375,16762900,400.51556396484375
2024-08-13,409.5899963378906,414.95001220703125,409.57000732421875,414.010009765625,19414300,407.6042175292969
2024-08-14,414.79998779296875,417.7200012207031,412.45001220703125,416.8599853515625,18267000,410.41009521484375
2024-08-15,419.79998779296875,421.1099853515625,417.6600036621094,421.0299987792969,20752100,415.2626953125
2024-08-16,420.6000061035156,421.3399963378906,417.29998779296875,418.4700012207031,22775600,412.73779296875
2024-08-19,418.9599914550781,421.75,416.4599914550781,421.5299987792969,15234000,415.755859375
2024-08-20,421.70001220703125,425.8599853515625,421.6400146484375,424.79998779296875,16387600,418.9810485839844
2024-08-21,424.0799865722656,426.3999938964844,421.7200012207031,424.1400146484375,16067300,418.3301086425781
2024-08-22,424.3599853515625,426.7900085449219,414.6099853515625,415.54998779296875,19361900,409.85772705078125
2024-08-23,416.9800109863281,419.260009765625,412.0899963378906,416.7900085449219,18493800,411.0808410644531
2024-08-26,416.3699951171875,417.2799987792969,411.3399963378906,413.489990234375,13152800,407.82598876953125
2024-08-27,412.8599853515625,414.3599853515625,410.25,413.8399963378906,13492900,408.17120361328125
2024-08-28,414.8800048828125,415,407.30999755859375,410.6000061035156,14882700,404.9755554199219
2024-08-29,414.94000244140625,422.04998779296875,410.6000061035156,413.1199951171875,17045200,407.4610595703125
2024-08-30,415.6000061035156,417.489990234375,412.1300048828125,417.1400146484375,24308300,411.4259948730469
2024-09-03,417.9100036621094,419.8800048828125,407.0299987792969,409.44000244140625,20313600,403.8314514160156
2024-09-04,405.9100036621094,411.239990234375,404.3699951171875,408.8999938964844,15135800,403.298828125
2024-09-05,407.6199951171875,413.1000061035156,406.1300048828125,408.3900146484375,14195500,402.7958679199219
2024-09-06,409.05999755859375,410.6499938964844,400.79998779296875,401.70001220703125,19609500,396.197509765625
2024-09-09,407.239990234375,408.6499938964844,402.1499938964844,405.7200012207031,15295100,400.16241455078125
2024-09-10,408.20001220703125,416.3299865722656,407.70001220703125,414.20001220703125,19594300,408.52630615234375
2024-09-11,415.5,423.989990234375,409.5799865722656,423.0400085449219,19266900,417.2451477050781
2024-09-12,423.30999755859375,427.3699951171875,419.75,427,17395700,421.15093994140625
2024-09-13,425.8299865722656,431.8299865722656,425.4599914550781,430.5899963378906,15874600,424.6917419433594
2024-09-16,430.6000061035156,433.5299987792969,428.2200012207031,431.3399963378906,13834700,425.43145751953125
2024-09-17,440.2300109863281,441.8500061035156,432.2699890136719,435.1499938964844,18874200,429.18927001953125
2024-09-18,435,436.0299987792969,430.4100036621094,430.80999755859375,18898000,424.9087219238281
2024-09-19,441.2300109863281,441.5,436.8999938964844,438.69000244140625,21706600,432.6808166503906
2024-09-20,437.2200012207031,439.239990234375,434.2200012207031,435.2699890136719,55167100,429.3076171875
2024-09-23,434.2799987792969,436.4599914550781,430.3900146484375,433.510009765625,15128900,427.5718078613281
2024-09-24,433,433.3500061035156,426.1000061035156,429.1700134277344,17015800,423.29119873046875
2024-09-25,429.8299865722656,433.1199951171875,428.57000732421875,432.1099853515625,13396400,426.1909484863281
2024-09-26,435.0899963378906,435.29998779296875,429.1300048828125,431.30999755859375,14492000,425.4018859863281
2024-09-27,431.5199890136719,431.8500061035156,427.4700012207031,428.0199890136719,14896100,422.15692138671875
2024-09-30,428.2099914550781,430.4200134277344,425.3699951171875,430.29998779296875,16807300,424.4057312011719
2024-10-01,428.45001220703125,428.4800109863281,418.80999755859375,420.69000244140625,19092900,414.9273681640625
2024-10-02,422.5799865722656,422.82000732421875,416.7099914550781,417.1300048828125,16582300,411.41619873046875
2024-10-03,417.6300048828125,419.54998779296875,414.2900085449219,416.5400085449219,13686400,410.8341979980469
2024-10-04,418.239990234375,419.75,414.9700012207031,416.05999755859375,19169700,410.36077880859375
2024-10-07,416,417.1099853515625,409,409.5400085449219,20919800,403.93011474609375
2024-10-08,410.8999938964844,415.6600036621094,408.1700134277344,414.7099914550781,19229300,409.0292663574219
2024-10-09,415.8599853515625,420.3800048828125,414.29998779296875,417.4599914550781,14974300,411.7415771484375
2024-10-10,415.2300109863281,417.3500061035156,413.1499938964844,415.8399963378906,13848400,410.143798828125
2024-10-11,416.1400146484375,417.1300048828125,413.25,416.32000732421875,14144900,410.6171875
2024-10-14,417.7699890136719,424.0400085449219,417.5199890136719,419.1400146484375,16653100,413.39862060546875
2024-10-15,422.17999267578125,422.4800109863281,415.260009765625,418.739990234375,18900200,413.0040588378906
2024-10-16,415.1700134277344,416.3599853515625,410.4800109863281,416.1199951171875,15508900,410.4199523925781
2024-10-17,422.3599853515625,422.5,415.5899963378906,416.7200012207031,14820000,411.0117492675781
2024-10-18,417.1400146484375,419.6499938964844,416.260009765625,418.1600036621094,17145300,412.4320373535156
2024-10-21,416.1199951171875,418.9599914550781,413.75,418.7799987792969,14206100,413.0435485839844
2024-10-22,418.489990234375,430.5799865722656,418.0400085449219,427.510009765625,25482200,421.6539611816406
2024-10-23,430.8599853515625,431.0799865722656,422.5299987792969,424.6000061035156,19654400,418.7838439941406
2024-10-24,425.3299865722656,425.9800109863281,422.3999938964844,424.7300109863281,13581600,418.9120178222656
2024-10-25,426.760009765625,432.5199890136719,426.57000732421875,428.1499938964844,16899100,422.28515625
2024-10-28,431.6600036621094,431.94000244140625,426.29998779296875,426.5899963378906,14882400,420.7465515136719
2024-10-29,428,433.1700134277344,425.79998779296875,431.95001220703125,17644100,426.0331115722656
2024-10-30,437.44000244140625,438.5,432.1000061035156,432.5299987792969,29749100,426.6051940917969
2024-10-31,415.3599853515625,416.1600036621094,406.29998779296875,406.3500061035156,53971000,400.7838439941406
2024-11-01,409.010009765625,415.5,407.5,410.3699951171875,24230400,404.7486877441406
2024-11-04,409.79998779296875,410.4200134277344,405.57000732421875,408.4599914550781,19672300,402.8648986816406
2024-11-05,408.3699951171875,414.8999938964844,408.0799865722656,411.4599914550781,17626000,405.8237609863281
2024-11-06,412.4200134277344,420.45001220703125,410.5199890136719,420.17999267578125,26681800,414.42437744140625
2024-11-07,421.2799987792969,426.8500061035156,419.8800048828125,425.42999267578125,19901800,419.6023864746094
2024-11-08,425.32000732421875,426.5,421.7799987792969,422.5400085449219,16891400,416.75201416015625
2024-11-11,422.5199890136719,424.80999755859375,416,418.010009765625,24503300,412.2840576171875
2024-11-12,418.25,424.44000244140625,417.20001220703125,423.0299987792969,19401200,417.23529052734375
2024-11-13,421.6400146484375,429.3299865722656,418.2099914550781,425.20001220703125,21502200,419.37554931640625
2024-11-14,425,428.1700134277344,420,426.8900146484375,30246900,421.0424499511719
2024-11-15,419.82000732421875,422.79998779296875,413.6400146484375,415,28247600,409.3153076171875
2024-11-18,414.8699951171875,418.3999938964844,412.1000061035156,415.760009765625,24727000,410.0649108886719
2024-11-19,413.1099853515625,417.94000244140625,411.54998779296875,417.7900085449219,18133500,412.0671081542969
2024-11-20,416.8699951171875,417.2900085449219,410.5799865722656,415.489990234375,19191700,409.79864501953125
2024-11-21,419.5,419.7799987792969,410.2900085449219,412.8699951171875,20780200,408.0295715332031
2024-11-22,411.3699951171875,417.3999938964844,411.05999755859375,417,24814600,412.1111755371094
2024-11-25,418.3800048828125,421.0799865722656,414.8500061035156,418.7900085449219,27691100,413.880126953125
2024-11-26,419.5899963378906,429.0400085449219,418.8500061035156,427.989990234375,23458900,422.9722900390625
2024-11-27,425.1099853515625,427.2300109863281,422.0199890136719,422.989990234375,18332400,418.03094482421875
2024-11-29,420.0899963378906,424.8800048828125,417.79998779296875,423.4599914550781,16271900,418.4953918457031
2024-12-02,421.57000732421875,433,421.30999755859375,430.9800109863281,20207200,425.9272766113281
2024-12-03,429.8399963378906,432.4700012207031,427.739990234375,431.20001220703125,18302000,426.1446533203125
2024-12-04,433.0299987792969,439.6700134277344,432.6300048828125,437.4200134277344,26009400,432.2917785644531
2024-12-05,437.9200134277344,444.6600036621094,436.1700134277344,442.6199951171875,21697800,437.4307861328125
2024-12-06,442.29998779296875,446.1000061035156,441.7699890136719,443.57000732421875,18821000,438.36968994140625
2024-12-09,442.6000061035156,448.3299865722656,440.5,446.0199890136719,19144400,440.79095458984375
2024-12-10,444.3900146484375,449.6199951171875,441.6000061035156,443.3299865722656,18469500,438.1324462890625
2024-12-11,444.04998779296875,450.3500061035156,444.04998779296875,448.989990234375,19200200,443.72607421875
2024-12-12,449.1099853515625,456.1600036621094,449.1099853515625,449.55999755859375,20834800,444.2894287109375
2024-12-13,448.44000244140625,451.42999267578125,445.5799865722656,447.2699890136719,20177800,442.0262451171875
2024-12-16,447.2699890136719,452.17999267578125,445.2799987792969,451.5899963378906,23598800,446.29559326171875
2024-12-17,451.010009765625,455.2900085449219,449.57000732421875,454.4599914550781,22733500,449.1319885253906
2024-12-18,451.32000732421875,452.6499938964844,437.0199890136719,437.3900146484375,24444500,432.26214599609375
2024-12-19,441.6199951171875,443.17999267578125,436.32000732421875,437.0299987792969,22963700,431.90631103515625
2024-12-20,433.1099853515625,443.739990234375,428.6300048828125,436.6000061035156,64263700,431.48138427734375
2024-12-23,436.739990234375,437.6499938964844,432.8299865722656,435.25,19152500,430.1471862792969
2024-12-24,434.6499938964844,439.6000061035156,434.19000244140625,439.3299865722656,7164500,434.1793212890625
2024-12-26,439.0799865722656,440.94000244140625,436.6300048828125,438.1099853515625,8194200,432.9736633300781
2024-12-27,434.6000061035156,435.2200012207031,426.3500061035156,430.5299987792969,18117700,425.4825439453125
2024-12-30,426.05999755859375,427.54998779296875,421.8999938964844,424.8299865722656,13158700,419.8493347167969
