date,open,high,low,close,volume,adjusted
2015-01-02,206.3800048828125,206.8800048828125,204.17999267578125,205.42999267578125,121465900,169.68780517578125
2015-01-05,204.1699981689453,204.3699951171875,201.35000610351562,201.72000122070312,169632600,166.6233673095703
2015-01-06,202.08999633789062,202.72000122070312,198.86000061035156,199.82000732421875,209151400,165.05386352539062
2015-01-07,201.4199981689453,202.72000122070312,200.8800048828125,202.30999755859375,125346700,167.11070251464844
2015-01-08,204.00999450683594,206.16000366210938,203.99000549316406,205.89999389648438,147217800,170.0760955810547
2015-01-09,206.39999389648438,206.4199981689453,203.50999450683594,204.25,158567300,168.71316528320312
2015-01-12,204.41000366210938,204.60000610351562,201.9199981689453,202.64999389648438,144396100,167.39154052734375
2015-01-13,204.1199951171875,205.47999572753906,200.50999450683594,202.0800018310547,214553300,166.92071533203125
2015-01-14,199.64999389648438,201.10000610351562,198.57000732421875,200.86000061035156,192991100,165.9129638671875
2015-01-15,201.6300048828125,202.00999450683594,198.8800048828125,199.02000427246094,176613900,164.3931121826172
2015-01-16,198.77000427246094,201.82000732421875,198.5500030517578,201.6300048828125,211879600,166.54901123046875
2015-01-20,202.39999389648438,202.72000122070312,200.1699981689453,202.05999755859375,130991100,166.90414428710938
2015-01-21,201.5,203.66000366210938,200.94000244140625,203.0800018310547,122942700,167.7467803955078
2015-01-22,203.99000549316406,206.25999450683594,202.3300018310547,206.10000610351562,174356000,170.24124145507812
2015-01-23,205.7899932861328,206.10000610351562,204.80999755859375,204.97000122070312,117516800,169.30787658691406
2015-01-26,204.7100067138672,205.55999755859375,203.85000610351562,205.4499969482422,92009700,169.7043914794922
2015-01-27,202.97000122070312,204.1199951171875,201.74000549316406,202.74000549316406,134044600,167.4658203125
2015-01-28,204.1699981689453,204.2899932861328,199.91000366210938,200.13999938964844,168514300,165.31820678710938
2015-01-29,200.3800048828125,202.3000030517578,198.67999267578125,201.99000549316406,173585400,166.84637451171875
2015-01-30,200.57000732421875,202.1699981689453,199.1300048828125,199.4499969482422,197729700,164.74830627441406
2015-02-02,200.0500030517578,202.02999877929688,197.86000061035156,201.9199981689453,163107000,166.78854370117188
2015-02-03,203,204.85000610351562,202.5500030517578,204.83999633789062,124212900,169.20050048828125
2015-02-04,203.9199981689453,205.3800048828125,203.50999450683594,204.05999755859375,134306700,168.55624389648438
2015-02-05,204.86000061035156,206.3000030517578,204.77000427246094,206.1199951171875,97953200,170.25779724121094
2015-02-06,206.55999755859375,207.24000549316406,204.9199981689453,205.5500030517578,125672000,169.78695678710938
2015-02-09,204.77000427246094,205.63999938964844,204.13999938964844,204.6300048828125,87219000,169.02699279785156
2015-02-10,205.8800048828125,207.1199951171875,204.67999267578125,206.80999755859375,96164200,170.82777404785156
2015-02-11,206.61000061035156,207.4499969482422,205.8300018310547,206.92999267578125,91087800,170.9268798828125
2015-02-12,207.88999938964844,208.99000549316406,206.97000122070312,208.9199981689453,97545900,172.57061767578125
2015-02-13,209.07000732421875,209.83999633789062,208.75999450683594,209.77999877929688,93670400,173.28097534179688
2015-02-17,209.39999389648438,210.32000732421875,209.10000610351562,210.11000061035156,76968200,173.55361938476562
2015-02-18,209.66000366210938,210.22000122070312,209.33999633789062,210.1300048828125,80652900,173.57009887695312
2015-02-19,209.41000366210938,210.4199981689453,209.24000549316406,209.97999572753906,91462500,173.44619750976562
2015-02-20,209.47999572753906,211.3300018310547,208.72999572753906,211.24000549316406,140896400,174.48690795898438
2015-02-23,210.94000244140625,211.2100067138672,210.47999572753906,211.2100067138672,74411100,174.46218872070312
2015-02-24,211.1199951171875,212.0500030517578,210.75999450683594,211.80999755859375,72472300,174.9578094482422
2015-02-25,211.66000366210938,212.24000549316406,211.22000122070312,211.6300048828125,73061700,174.80914306640625
2015-02-26,211.52000427246094,211.7100067138672,210.64999389648438,211.3800048828125,72697900,174.6025848388672
2015-02-27,211.25999450683594,211.5800018310547,210.60000610351562,210.66000366210938,108076000,174.0078887939453
2015-03-02,210.77999877929688,212.05999755859375,210.72000122070312,211.99000549316406,87491400,175.10650634765625
2015-03-03,211.47000122070312,212.0500030517578,210.0800018310547,211.1199951171875,110325800,174.3878173828125
2015-03-04,210.39999389648438,210.49000549316406,209.05999755859375,210.22999572753906,114497200,173.65272521972656
2015-03-05,210.6199951171875,210.8000030517578,209.85000610351562,210.4600067138672,76873000,173.8426513671875
2015-03-06,209.4199981689453,209.94000244140625,207.10000610351562,207.5,188128000,171.397705078125
2015-03-09,207.74000549316406,208.7899932861328,207.5500030517578,208.36000061035156,89818900,172.1080780029297
2015-03-10,206.7100067138672,206.80999755859375,204.92999267578125,204.97999572753906,157121300,169.31614685058594
2015-03-11,205.2899932861328,205.5,204.39999389648438,204.5,110145700,168.91964721679688
2015-03-12,205.25999450683594,207.17999267578125,205.1999969482422,207.10000610351562,93993500,171.06729125976562
2015-03-13,206.77000427246094,207.92999267578125,204.5800018310547,205.8300018310547,162410900,170.01824951171875
2015-03-16,206.7100067138672,208.69000244140625,205.86000061035156,208.5800018310547,136099200,172.2897491455078
2015-03-17,207.69000244140625,208.4199981689453,206.97999572753906,207.9600067138672,94510400,171.7776641845703
2015-03-18,207.38999938964844,211.27000427246094,206.6199951171875,210.4600067138672,228808500,173.8426513671875
2015-03-19,209.9600067138672,210.47000122070312,209.02999877929688,209.5,117917300,173.04969787597656
2015-03-20,209.7100067138672,211.02000427246094,209.49000549316406,210.41000366210938,177715100,174.57723999023438
2015-03-23,210.4199981689453,211.11000061035156,210,210,71784500,174.23699951171875
2015-03-24,209.85000610351562,210.39999389648438,208.74000549316406,208.82000732421875,77805300,173.2579803466797
2015-03-25,209.07000732421875,209.35000610351562,205.7100067138672,205.75999450683594,159521700,170.71914672851562
2015-03-26,204.9600067138672,206.3699951171875,204.1199951171875,205.27000427246094,153067200,170.3125457763672
2015-03-27,205.1300048828125,205.9499969482422,204.89999389648438,205.74000549316406,118939000,170.7025146484375
2015-03-30,206.97999572753906,208.61000061035156,206.9600067138672,208.25,96180400,172.78506469726562
2015-03-31,207.25999450683594,208.10000610351562,206.36000061035156,206.42999267578125,126768700,171.27491760253906
2015-04-01,206.38999938964844,206.4199981689453,204.50999450683594,205.6999969482422,137303600,170.66932678222656
2015-04-02,205.6199951171875,206.97999572753906,205.39999389648438,206.44000244140625,86900900,171.2832794189453
2015-04-06,205.3699951171875,208.4499969482422,205.2100067138672,207.8300018310547,114368200,172.4365692138672
2015-04-07,207.86000061035156,208.75999450683594,207.24000549316406,207.27999877929688,81236300,171.98025512695312
2015-04-08,207.5500030517578,208.50999450683594,207.0800018310547,207.97999572753906,89351900,172.5610809326172
2015-04-09,207.77999877929688,209.17999267578125,207.19000244140625,208.89999389648438,85548900,173.32432556152344
2015-04-10,209.1999969482422,210.08999633789062,208.9600067138672,210.0399932861328,72722900,174.2702178955078
2015-04-13,209.8699951171875,210.6300048828125,209.02999877929688,209.08999633789062,74436600,173.48196411132812
2015-04-14,208.85000610351562,209.7100067138672,208.10000610351562,209.49000549316406,75099900,173.8139190673828
2015-04-15,210.0500030517578,211.0399932861328,209.9499969482422,210.42999267578125,99529300,174.59378051757812
2015-04-16,210.02999877929688,210.97999572753906,209.7899932861328,210.3699951171875,68934900,174.54403686523438
2015-04-17,208.94000244140625,209.22999572753906,207.00999450683594,207.9499969482422,191113200,172.53614807128906
2015-04-20,209.05999755859375,210.25,208.9600067138672,209.85000610351562,92189500,174.11260986328125
2015-04-21,210.6699981689453,210.86000061035156,209.24000549316406,209.60000610351562,72559800,173.9051513671875
2015-04-22,210.00999450683594,210.85000610351562,208.89999389648438,210.6300048828125,78264600,174.75973510742188
2015-04-23,210.14999389648438,211.94000244140625,210.00999450683594,211.16000366210938,102585900,175.19949340820312
2015-04-24,211.66000366210938,211.97000122070312,211.11000061035156,211.64999389648438,61327400,175.60604858398438
2015-04-27,212.3300018310547,212.47999572753906,210.5399932861328,210.77000427246094,79358100,174.87588500976562
2015-04-28,210.74000549316406,211.5,209.3300018310547,211.44000244140625,86863500,175.43182373046875
2015-04-29,210.3699951171875,211.2899932861328,209.60000610351562,210.57000732421875,125684900,174.70993041992188
2015-04-30,209.8800048828125,210.35000610351562,207.6199951171875,208.4600067138672,161304900,172.95933532714844
2015-05-01,209.39999389648438,210.77000427246094,209.27999877929688,210.72000122070312,103399700,174.83441162109375
2015-05-04,211.22999572753906,212.02000427246094,211.10000610351562,211.32000732421875,70927200,175.33224487304688
2015-05-05,211.02999877929688,211.4600067138672,208.72999572753906,208.89999389648438,113326200,173.32432556152344
2015-05-06,209.55999755859375,209.92999267578125,206.75999450683594,208.0399932861328,135060200,172.61082458496094
2015-05-07,207.9199981689453,209.3800048828125,207.52000427246094,208.8699951171875,88244900,173.29945373535156
2015-05-08,210.8800048828125,211.86000061035156,210.77999877929688,211.6199951171875,155877300,175.5811309814453
2015-05-11,211.57000732421875,211.88999938964844,210.52000427246094,210.61000061035156,75708100,174.74319458007812
2015-05-12,209.61000061035156,210.6300048828125,208.6199951171875,209.97999572753906,119727600,174.22042846679688
2015-05-13,210.47000122070312,211.22000122070312,209.74000549316406,210.02000427246094,94667900,174.2535858154297
2015-05-14,211.24000549316406,212.32000732421875,210.91000366210938,212.2100067138672,95934000,176.07066345214844
2015-05-15,212.44000244140625,212.61000061035156,211.86000061035156,212.44000244140625,76510100,176.26148986816406
2015-05-18,212.24000549316406,213.39999389648438,212.16000366210938,213.10000610351562,74549700,176.80911254882812
2015-05-19,213.24000549316406,213.57000732421875,212.69000244140625,213.02999877929688,72114600,176.75096130371094
2015-05-20,213.14999389648438,213.77999877929688,212.5,212.8800048828125,76857500,176.6265411376953
2015-05-21,212.7100067138672,213.75,212.50999450683594,213.5,64764600,177.1409912109375
2015-05-22,213.0399932861328,213.5399932861328,212.91000366210938,212.99000549316406,57433500,176.71780395507812
2015-05-26,212.39999389648438,212.91000366210938,210.1999969482422,210.6999969482422,124308600,174.81787109375
2015-05-27,211.25,212.97999572753906,210.75999450683594,212.6999969482422,93214000,176.4771728515625
2015-05-28,212.3300018310547,212.58999633789062,211.6300048828125,212.4600067138672,74974600,176.27809143066406
2015-05-29,212.3800048828125,212.42999267578125,210.82000732421875,211.13999938964844,124919600,175.18289184570312
2015-06-01,211.94000244140625,212.33999633789062,210.6199951171875,211.57000732421875,93338800,175.53968811035156
2015-06-02,211.02000427246094,212.19000244140625,210.27000427246094,211.36000061035156,91531000,175.36544799804688
2015-06-03,212,212.6699981689453,211.3300018310547,211.9199981689453,87820900,175.83004760742188
2015-06-04,211.07000732421875,211.86000061035156,209.75,210.1300048828125,151882800,174.3448944091797
2015-06-05,209.9499969482422,210.5800018310547,208.97999572753906,209.77000427246094,121704700,174.04615783691406
2015-06-08,209.63999938964844,209.82000732421875,208.38999938964844,208.47999572753906,89063300,172.975830078125
2015-06-09,208.4499969482422,209.10000610351562,207.69000244140625,208.4499969482422,105034700,172.9509735107422
2015-06-10,209.3699951171875,211.41000366210938,209.3000030517578,210.9499969482422,134551300,175.02525329589844
2015-06-11,211.47999572753906,212.08999633789062,211.1999969482422,211.6300048828125,73876400,175.58946228027344
2015-06-12,210.63999938964844,211.47999572753906,209.67999267578125,210.00999450683594,135382400,174.2453155517578
2015-06-15,208.63999938964844,209.4499969482422,207.7899932861328,209.11000061035156,124384200,173.49859619140625
2015-06-16,208.92999267578125,210.35000610351562,208.72000122070312,210.25,85308200,174.44442749023438
2015-06-17,210.58999633789062,211.32000732421875,209.36000061035156,210.58999633789062,126708600,174.7265167236328
2015-06-18,211.30999755859375,213.33999633789062,210.6300048828125,212.77999877929688,165867900,176.54356384277344
2015-06-19,211.4600067138672,211.5500030517578,210.36000061035156,210.80999755859375,130478700,175.75987243652344
2015-06-22,211.91000366210938,212.58999633789062,211.63999938964844,211.88999938964844,70696000,176.6603240966797
2015-06-23,212.13999938964844,212.44000244140625,211.57000732421875,212.0399932861328,68476800,176.785400390625
2015-06-24,211.72000122070312,212.1699981689453,210.47000122070312,210.5,92307300,175.50146484375
2015-06-25,211.10000610351562,211.25,209.77000427246094,209.86000061035156,97107400,174.9678497314453
2015-06-26,210.2899932861328,210.5800018310547,209.16000366210938,209.82000732421875,104174800,174.93446350097656
2015-06-29,208.0500030517578,209.8300018310547,205.3300018310547,205.4199981689453,202621300,171.2660369873047
2015-06-30,207.25999450683594,207.32000732421875,205.27999877929688,205.85000610351562,182925100,171.62451171875
2015-07-01,207.72999572753906,208.02999877929688,206.55999755859375,207.5,135979900,173.00030517578125
2015-07-02,208.07000732421875,208.27000427246094,206.80999755859375,207.30999755859375,104373700,172.84182739257812
2015-07-06,205.77000427246094,207.64999389648438,205.52999877929688,206.72000122070312,117975400,172.34991455078125
2015-07-07,206.9600067138672,208.1699981689453,204.11000061035156,208.02000427246094,173820200,173.4337615966797
2015-07-08,206.4199981689453,206.75999450683594,204.25,204.52999877929688,164020100,170.52401733398438
2015-07-09,207.0399932861328,207.35000610351562,204.77000427246094,204.89999389648438,144113100,170.83248901367188
2015-07-10,207.2899932861328,207.97999572753906,204.9499969482422,207.47999572753906,129456900,172.9835205078125
2015-07-13,208.99000549316406,209.89999389648438,208.94000244140625,209.77000427246094,106069400,174.8927459716797
2015-07-14,209.72000122070312,211.0500030517578,209.64999389648438,210.67999267578125,81709600,175.65145874023438
2015-07-15,210.72999572753906,211.27999877929688,210.0399932861328,210.61000061035156,97914100,175.59310913085938
2015-07-16,211.8699951171875,212.3000030517578,211.5800018310547,212.3000030517578,106683300,177.00216674804688
2015-07-17,212.2899932861328,212.5500030517578,211.8000030517578,212.47999572753906,89030000,177.1522216796875
2015-07-20,212.75,213.17999267578125,212.2100067138672,212.58999633789062,70446800,177.24395751953125
2015-07-21,212.42999267578125,212.74000549316406,211.38999938964844,211.75,77965000,176.54359436035156
2015-07-22,210.92999267578125,211.77000427246094,210.88999938964844,211.3699951171875,88667900,176.22677612304688
2015-07-23,211.52999877929688,211.64999389648438,209.75,210.17999267578125,90509100,175.23460388183594
2015-07-24,210.3000030517578,210.3699951171875,207.60000610351562,208,117755000,173.41708374023438
2015-07-27,206.94000244140625,207.5500030517578,206.25999450683594,206.7899932861328,132361100,172.40821838378906
2015-07-28,207.7899932861328,209.5,206.8000030517578,209.3300018310547,123544800,174.52593994140625
2015-07-29,209.47999572753906,211.0399932861328,209.30999755859375,210.77000427246094,105791300,175.72654724121094
2015-07-30,210.16000366210938,211.02000427246094,209.4199981689453,210.82000732421875,91304400,175.76817321777344
2015-07-31,211.4199981689453,211.4499969482422,210.16000366210938,210.5,103266900,175.50146484375
2015-08-03,210.4600067138672,210.52999877929688,208.64999389648438,209.7899932861328,113965700,174.90948486328125
2015-08-04,209.6999969482422,210.25,208.8000030517578,209.3800048828125,81820800,174.5676727294922
2015-08-05,210.4499969482422,211.30999755859375,209.72999572753906,210.07000732421875,85786800,175.14288330078125
2015-08-06,210.2899932861328,210.4199981689453,207.64999389648438,208.35000610351562,116030800,173.70884704589844
2015-08-07,208.16000366210938,208.33999633789062,206.8699951171875,207.9499969482422,117858000,173.3753662109375
2015-08-10,209.27999877929688,210.6699981689453,209.27999877929688,210.57000732421875,80270700,175.55978393554688
2015-08-11,208.97000122070312,209.47000122070312,207.75999450683594,208.6699981689453,126081400,173.97567749023438
2015-08-12,207.11000061035156,209.13999938964844,205.36000061035156,208.9199981689453,172123700,174.1840362548828
2015-08-13,208.72999572753906,209.5500030517578,208.00999450683594,208.66000366210938,89383300,173.9673614501953
2015-08-14,208.42999267578125,209.50999450683594,208.25999450683594,209.4199981689453,72786500,174.6009521484375
2015-08-17,208.7100067138672,210.58999633789062,208.16000366210938,210.58999633789062,79072600,175.57643127441406
2015-08-18,210.25999450683594,210.67999267578125,209.6999969482422,209.97999572753906,71692700,175.06784057617188
2015-08-19,209.08999633789062,210.00999450683594,207.35000610351562,208.32000732421875,172946000,173.6838836669922
2015-08-20,206.50999450683594,208.2899932861328,203.89999389648438,203.97000122070312,194327900,170.05712890625
2015-08-21,201.72999572753906,203.94000244140625,197.52000427246094,197.8300018310547,346588500,164.93800354003906
2015-08-24,187.49000549316406,197.47999572753906,182.39999389648438,189.5,507244300,157.9929962158203
2015-08-25,195.42999267578125,195.4499969482422,186.9199981689453,187.27000427246094,369833100,156.13372802734375
2015-08-26,192.0800018310547,194.7899932861328,188.3699951171875,194.4600067138672,339257000,162.12831115722656
2015-08-27,197.02000427246094,199.4199981689453,195.2100067138672,199.27000427246094,274143900,166.1385498046875
2015-08-28,198.5,199.83999633789062,197.9199981689453,199.27999877929688,160414400,166.1468505859375
2015-08-31,198.11000061035156,199.1300048828125,197.00999450683594,197.6699981689453,163298800,164.8045654296875
2015-09-01,193.1199951171875,194.77000427246094,190.72999572753906,191.77000427246094,256000400,159.8855438232422
2015-09-02,194.6199951171875,195.4600067138672,192.4199981689453,195.41000366210938,160269300,162.92037963867188
2015-09-03,196.25999450683594,198.0500030517578,194.9600067138672,195.5500030517578,152087800,163.03704833984375
2015-09-04,192.85000610351562,193.86000061035156,191.61000061035156,192.58999633789062,207081000,160.5692596435547
2015-09-08,195.94000244140625,197.61000061035156,195.1699981689453,197.42999267578125,116025700,164.6044464111328
2015-09-09,199.32000732421875,199.47000122070312,194.35000610351562,194.7899932861328,149347700,162.40345764160156
2015-09-10,194.55999755859375,197.22000122070312,194.25,195.85000610351562,158611100,163.2871856689453
2015-09-11,195.3800048828125,196.82000732421875,194.52999877929688,196.74000549316406,119691200,164.0292205810547
2015-09-14,196.9499969482422,197.00999450683594,195.42999267578125,196.00999450683594,79452000,163.42056274414062
2015-09-15,196.61000061035156,198.99000549316406,195.9600067138672,198.4600067138672,113806200,165.46327209472656
2015-09-16,198.82000732421875,200.41000366210938,198.41000366210938,200.17999267578125,99581600,166.897216796875
2015-09-17,200.02000427246094,202.88999938964844,199.27999877929688,199.72999572753906,276046600,166.52207946777344
2015-09-18,195.7100067138672,198.67999267578125,194.9600067138672,195.4499969482422,223657500,163.8008575439453
2015-09-21,196.44000244140625,197.67999267578125,195.2100067138672,196.4600067138672,105726200,164.6472625732422
2015-09-22,193.8800048828125,194.4600067138672,192.55999755859375,193.91000366210938,153890900,162.51026916503906
2015-09-23,194.11000061035156,194.6699981689453,192.91000366210938,193.60000610351562,92790600,162.25035095214844
2015-09-24,192.14999389648438,193.4499969482422,190.55999755859375,192.89999389648438,159378800,161.66383361816406
2015-09-25,194.63999938964844,195,191.80999755859375,192.85000610351562,155054800,161.6219024658203
2015-09-28,191.77999877929688,191.91000366210938,187.63999938964844,188.00999450683594,178515900,157.5656280517578
2015-09-29,188.27000427246094,189.74000549316406,186.92999267578125,188.1199951171875,159045600,157.6577606201172
2015-09-30,190.3699951171875,191.8300018310547,189.44000244140625,191.6300048828125,163452000,160.59942626953125
2015-10-01,192.0800018310547,192.49000549316406,189.82000732421875,192.1300048828125,131079000,161.01844787597656
2015-10-02,189.77000427246094,195.02999877929688,189.1199951171875,195,211003300,163.42373657226562
2015-10-05,196.4600067138672,198.74000549316406,196.3300018310547,198.47000122070312,126320800,166.33189392089844
2015-10-06,198.30999755859375,198.97999572753906,197,197.7899932861328,110274500,165.7619171142578
2015-10-07,198.89999389648438,199.8300018310547,197.47999572753906,199.41000366210938,124307300,167.11962890625
2015-10-08,198.9499969482422,201.5500030517578,198.58999633789062,201.2100067138672,153055200,168.6281280517578
2015-10-09,201.3800048828125,201.89999389648438,200.5800018310547,201.3300018310547,107069200,168.72872924804688
2015-10-12,201.4199981689453,201.75999450683594,200.91000366210938,201.52000427246094,56395600,168.88796997070312
2015-10-13,200.64999389648438,202.16000366210938,200.0500030517578,200.25,88038700,167.82363891601562
2015-10-14,200.17999267578125,200.8699951171875,198.94000244140625,199.2899932861328,99106200,167.01901245117188
2015-10-15,200.0800018310547,202.36000061035156,199.63999938964844,202.35000610351562,134142200,169.58355712890625
2015-10-16,202.8300018310547,203.2899932861328,201.9199981689453,203.27000427246094,114580100,170.35462951660156
2015-10-19,202.5,203.3699951171875,202.1300048828125,203.3699951171875,76523900,170.43838500976562
2015-10-20,202.85000610351562,203.83999633789062,202.5500030517578,203.11000061035156,78448500,170.2205047607422
2015-10-21,203.61000061035156,203.7899932861328,201.64999389648438,201.85000610351562,102038000,169.1645050048828
2015-10-22,202.97999572753906,205.50999450683594,201.85000610351562,205.25999450683594,174911700,172.0222930908203
2015-10-23,207.25,207.9499969482422,206.3000030517578,207.50999450683594,144442300,173.90797424316406
2015-10-26,207.3000030517578,207.3699951171875,206.55999755859375,207,69033000,173.4805145263672
2015-10-27,206.1999969482422,207,205.7899932861328,206.60000610351562,77905800,173.14537048339844
2015-10-28,207,208.97999572753906,206.2100067138672,208.9499969482422,135906700,175.11480712890625
2015-10-29,208.35000610351562,209.27000427246094,208.2100067138672,208.8300018310547,90525500,175.0143280029297
2015-10-30,209.05999755859375,209.44000244140625,207.74000549316406,207.92999267578125,131076900,174.2599334716797
2015-11-02,208.32000732421875,210.6199951171875,208.1699981689453,210.38999938964844,86270800,176.32162475585938
2015-11-03,209.97000122070312,211.66000366210938,209.6999969482422,211,95246100,176.8328094482422
2015-11-04,211.35000610351562,211.5,209.72000122070312,210.36000061035156,96224500,176.2964630126953
2015-11-05,210.42999267578125,210.97999572753906,209.08999633789062,210.14999389648438,78408700,176.1204833984375
2015-11-06,209.74000549316406,210.32000732421875,208.4600067138672,210.0399932861328,110471500,176.02830505371094
2015-11-09,209.30999755859375,209.49000549316406,206.9499969482422,208.0800018310547,131008700,174.3857421875
2015-11-10,207.50999450683594,208.60000610351562,207.19000244140625,208.55999755859375,75874600,174.7879638671875
2015-11-11,208.8800048828125,208.94000244140625,207.66000366210938,207.74000549316406,67846000,174.10073852539062
2015-11-12,206.5,207.05999755859375,204.82000732421875,204.83999633789062,121315200,171.6703338623047
2015-11-13,204.35000610351562,204.6699981689453,202.44000244140625,202.5399932861328,153577100,169.74276733398438
2015-11-16,202.32000732421875,205.69000244140625,202.17999267578125,205.6199951171875,117645200,172.32403564453125
2015-11-17,205.99000549316406,207.0399932861328,204.8800048828125,205.47000122070312,121123700,172.1983642578125
2015-11-18,206.0399932861328,208.89999389648438,205.99000549316406,208.72999572753906,121342500,174.93038940429688
2015-11-19,208.58999633789062,209.0500030517578,208.1999969482422,208.5500030517578,88220500,174.7795867919922
2015-11-20,209.4499969482422,210.1199951171875,208.86000061035156,209.30999755859375,94011500,175.41651916503906
2015-11-23,209.3800048828125,209.97999572753906,208.52000427246094,209.07000732421875,64931200,175.21539306640625
2015-11-24,207.8699951171875,209.8300018310547,207.41000366210938,209.35000610351562,98874400,175.4500274658203
2015-11-25,209.5,209.74000549316406,209.00999450683594,209.32000732421875,51980100,175.4249267578125
2015-11-27,209.42999267578125,209.8000030517578,208.86000061035156,209.55999755859375,37317800,175.62606811523438
2015-11-30,209.75,209.88999938964844,208.55999755859375,208.69000244140625,112822700,174.8968963623047
2015-12-01,209.44000244140625,210.82000732421875,209.11000061035156,210.67999267578125,97858400,176.56468200683594
2015-12-02,210.6199951171875,211,208.22999572753906,208.52999877929688,108441300,174.76284790039062
2015-12-03,208.8300018310547,209.14999389648438,204.75,205.61000061035156,166224200,172.31564331054688
2015-12-04,205.61000061035156,209.97000122070312,205.61000061035156,209.6199951171875,192913900,175.67630004882812
2015-12-07,209.22999572753906,209.72999572753906,207.1999969482422,208.35000610351562,102027100,174.61192321777344
2015-12-08,206.49000549316406,208.2899932861328,205.77999877929688,206.9499969482422,103372400,173.43865966796875
2015-12-09,206.19000244140625,208.67999267578125,204.17999267578125,205.33999633789062,162401500,172.0894317626953
2015-12-10,205.4199981689453,207.42999267578125,205.13999938964844,205.8699951171875,116128900,172.53358459472656
2015-12-11,203.35000610351562,204.13999938964844,201.50999450683594,201.8800048828125,211173300,169.18968200683594
2015-12-14,202.07000732421875,203.0500030517578,199.9499969482422,202.89999389648438,182385200,170.0444793701172
2015-12-15,204.6999969482422,206.11000061035156,202.8699951171875,205.02999877929688,154069600,171.82957458496094
2015-12-16,206.3699951171875,208.38999938964844,204.8000030517578,208.02999877929688,197017000,174.3438262939453
2015-12-17,208.39999389648438,208.47999572753906,204.83999633789062,204.86000061035156,173092500,171.68710327148438
2015-12-18,202.77000427246094,202.92999267578125,199.8300018310547,200.02000427246094,251393500,168.62847900390625
2015-12-21,201.41000366210938,201.8800048828125,200.08999633789062,201.6699981689453,99094300,170.01951599121094
2015-12-22,202.72000122070312,203.85000610351562,201.5500030517578,203.5,111026200,171.56236267089844
2015-12-23,204.69000244140625,206.07000732421875,204.5800018310547,206.02000427246094,110987200,173.68687438964844
2015-12-24,205.72000122070312,206.3300018310547,205.4199981689453,205.67999267578125,48539600,173.40016174316406
2015-12-28,204.86000061035156,205.25999450683594,203.94000244140625,205.2100067138672,65899900,173.00396728515625
2015-12-29,206.50999450683594,207.7899932861328,206.47000122070312,207.39999389648438,92640700,174.8502655029297
2015-12-30,207.11000061035156,207.2100067138672,205.75999450683594,205.92999267578125,63317700,173.61093139648438
2015-12-31,205.1300048828125,205.88999938964844,203.8699951171875,203.8699951171875,114877900,171.87425231933594
2016-01-04,200.49000549316406,201.02999877929688,198.58999633789062,201.02000427246094,222353500,169.47158813476562
2016-01-05,201.39999389648438,201.89999389648438,200.0500030517578,201.36000061035156,110845800,169.7581787109375
2016-01-06,198.33999633789062,200.05999755859375,197.60000610351562,198.82000732421875,152112600,167.61691284179688
2016-01-07,195.3300018310547,197.44000244140625,193.58999633789062,194.0500030517578,213436100,163.5954132080078
2016-01-08,195.19000244140625,195.85000610351562,191.5800018310547,191.9199981689453,209817200,161.79974365234375
2016-01-11,193.00999450683594,193.41000366210938,189.82000732421875,192.11000061035156,187941300,161.9599151611328
2016-01-12,193.82000732421875,194.5500030517578,191.13999938964844,193.66000366210938,172330500,163.26666259765625
2016-01-13,194.4499969482422,194.86000061035156,188.3800048828125,188.8300018310547,221168900,159.1947021484375
2016-01-14,189.5500030517578,193.25999450683594,187.66000366210938,191.92999267578125,240795600,161.80816650390625
2016-01-15,186.77000427246094,188.75999450683594,185.52000427246094,187.80999755859375,324846400,158.33477783203125
2016-01-19,189.9600067138672,190.11000061035156,186.1999969482422,188.05999755859375,195244400,158.5455322265625
2016-01-20,185.02999877929688,187.5,181.02000427246094,185.64999389648438,286547800,156.51373291015625
2016-01-21,186.2100067138672,188.8699951171875,184.63999938964844,186.69000244140625,195772900,157.3905487060547
2016-01-22,189.77999877929688,190.75999450683594,188.8800048828125,190.52000427246094,168319600,160.6195068359375
2016-01-25,189.9199981689453,190.14999389648438,187.41000366210938,187.63999938964844,130371700,158.1914520263672
2016-01-26,188.4199981689453,190.52999877929688,188.02000427246094,190.1999969482422,141036800,160.34967041015625
2016-01-27,189.5800018310547,191.55999755859375,187.05999755859375,188.1300048828125,185681700,158.60459899902344
2016-01-28,189.9600067138672,190.1999969482422,187.16000366210938,189.11000061035156,143798800,159.43075561523438
2016-01-29,190.02000427246094,193.8800048828125,189.8800048828125,193.72000122070312,210529300,163.3172149658203
2016-02-01,192.52999877929688,194.5800018310547,191.83999633789062,193.64999389648438,136061600,163.25814819335938
2016-02-02,191.9600067138672,191.97000122070312,189.5399932861328,190.16000366210938,182564900,160.31590270996094
2016-02-03,191.41000366210938,191.77999877929688,187.10000610351562,191.3000030517578,205054900,161.27700805664062
2016-02-04,190.7100067138672,192.75,189.9600067138672,191.60000610351562,139531800,161.5299835205078
2016-02-05,190.99000549316406,191.6699981689453,187.1999969482422,187.9499969482422,180788300,158.45277404785156
2016-02-08,185.77000427246094,186.1199951171875,182.8000030517578,185.4199981689453,191526700,156.31980895996094
2016-02-09,183.36000061035156,186.94000244140625,183.1999969482422,185.42999267578125,184513100,156.32827758789062
2016-02-10,186.41000366210938,188.33999633789062,185.1199951171875,185.27000427246094,148214100,156.19338989257812
2016-02-11,182.33999633789062,184.10000610351562,181.08999633789062,182.86000061035156,219058900,154.16159057617188
2016-02-12,184.9600067138672,186.64999389648438,183.9600067138672,186.6300048828125,127632400,157.33995056152344
2016-02-16,188.77000427246094,189.80999755859375,187.6300048828125,189.77999877929688,120250700,159.99557495117188
2016-02-17,191.16000366210938,193.32000732421875,191.00999450683594,192.8800048828125,136009500,162.60910034179688
2016-02-18,193.1999969482422,193.27000427246094,191.72000122070312,192.08999633789062,102343000,161.9430389404297
2016-02-19,191.1699981689453,192.17999267578125,190.4499969482422,192,114793000,161.86712646484375
2016-02-22,193.8699951171875,194.9499969482422,193.7899932861328,194.77999877929688,103640300,164.2108612060547
2016-02-23,194,194.32000732421875,192.17999267578125,192.32000732421875,111455300,162.136962890625
2016-02-24,190.6300048828125,193.52999877929688,189.32000732421875,193.1999969482422,150812200,162.87881469726562
2016-02-25,193.72999572753906,195.5500030517578,192.8300018310547,195.5399932861328,110728300,164.85159301757812
2016-02-26,196.57000732421875,196.67999267578125,194.89999389648438,195.08999633789062,129833700,164.47219848632812
2016-02-29,195.11000061035156,196.22999572753906,193.3300018310547,193.55999755859375,125918100,163.18235778808594
2016-03-01,195.00999450683594,198.2100067138672,194.4499969482422,198.11000061035156,141799700,167.0182342529297
2016-03-02,197.74000549316406,199.05999755859375,197.25,199,102415000,167.7686309814453
2016-03-03,198.7899932861328,199.8000030517578,198.11000061035156,199.77999877929688,95172200,168.42617797851562
2016-03-04,200.00999450683594,201.35000610351562,199.02999877929688,200.42999267578125,129293600,168.97412109375
2016-03-07,199.33999633789062,201.07000732421875,199.25,200.58999633789062,100219000,169.10899353027344
2016-03-08,199.32000732421875,199.9199981689453,198.2100067138672,198.39999389648438,123974900,167.26278686523438
2016-03-09,199.36000061035156,199.7899932861328,198.42999267578125,199.3800048828125,94801200,168.0889434814453
2016-03-10,199.9600067138672,201.07000732421875,197.3800048828125,199.5399932861328,156838700,168.22384643554688
2016-03-11,201.25999450683594,202.80999755859375,199.52000427246094,202.75999450683594,137964500,170.9384765625
2016-03-14,202.16000366210938,203.0399932861328,201.77000427246094,202.5,73612000,170.7192840576172
2016-03-15,201.36000061035156,202.52999877929688,201.0500030517578,202.1699981689453,93169100,170.44107055664062
2016-03-16,201.60000610351562,203.82000732421875,201.5500030517578,203.33999633789062,129303200,171.42745971679688
2016-03-17,203.24000549316406,205.22999572753906,202.77000427246094,204.6300048828125,134278500,172.5150146484375
2016-03-18,204.1699981689453,204.77999877929688,203.8000030517578,204.3800048828125,138372400,173.19290161132812
2016-03-21,204.07000732421875,204.94000244140625,203.8000030517578,204.6699981689453,72926700,173.4386749267578
2016-03-22,203.75999450683594,205.22999572753906,203.57000732421875,204.55999755859375,97471900,173.34544372558594
2016-03-23,204.11000061035156,204.3300018310547,203.00999450683594,203.2100067138672,81052500,172.2014923095703
2016-03-24,202,203.16000366210938,201.74000549316406,203.1199951171875,84360900,172.12515258789062
2016-03-28,203.61000061035156,203.86000061035156,202.7100067138672,203.24000549316406,62408200,172.2268829345703
2016-03-29,202.75999450683594,205.25,202.39999389648438,205.1199951171875,92922900,173.81996154785156
2016-03-30,206.3000030517578,206.8699951171875,205.58999633789062,206.02000427246094,86365300,174.5826416015625
2016-03-31,205.91000366210938,206.41000366210938,205.3300018310547,205.52000427246094,94584100,174.15890502929688
2016-04-01,204.35000610351562,207.13999938964844,203.97999572753906,206.9199981689453,114423500,175.34530639648438
2016-04-04,206.8300018310547,207.07000732421875,205.88999938964844,206.25,63497000,174.7775421142578
2016-04-05,204.6699981689453,206.25999450683594,203.88999938964844,204.19000244140625,99662200,173.0319366455078
2016-04-06,204.19000244140625,206.49000549316406,203.97999572753906,206.4199981689453,91839800,174.921630859375
2016-04-07,205.13999938964844,205.55999755859375,203.08999633789062,203.9499969482422,113859000,172.82847595214844
2016-04-08,205.33999633789062,205.85000610351562,203.8699951171875,204.5,95040600,173.29461669921875
2016-04-11,205.25,206.07000732421875,203.91000366210938,204.02000427246094,83757500,172.8878173828125
2016-04-12,204.22000122070312,206.25,203.6999969482422,205.9199981689453,115350600,174.49790954589844
2016-04-13,207,208.10000610351562,206.83999633789062,208,96336400,176.26051330566406
2016-04-14,208.07000732421875,208.60000610351562,207.60000610351562,208.00999450683594,65212900,176.26902770996094
2016-04-15,208.00999450683594,208.1699981689453,207.39999389648438,207.77999877929688,75761600,176.07412719726562
2016-04-18,207.77999877929688,209.27999877929688,207,209.24000549316406,82531000,177.3113250732422
2016-04-19,209.74000549316406,210.1999969482422,208.94000244140625,209.89999389648438,88316100,177.87062072753906
2016-04-20,209.9499969482422,210.9199981689453,209.38999938964844,210.10000610351562,81100300,178.04006958007812
2016-04-21,210.1199951171875,210.25,208.64999389648438,208.97000122070312,85695000,177.08251953125
2016-04-22,208.5500030517578,209.2899932861328,207.91000366210938,208.97000122070312,99251700,177.08251953125
2016-04-25,208.25999450683594,208.66000366210938,207.5399932861328,208.61000061035156,66166500,176.77740478515625
2016-04-26,209.0399932861328,209.52000427246094,208.36000061035156,208.9199981689453,75864200,177.04010009765625
2016-04-27,208.47000122070312,209.80999755859375,208.0500030517578,209.35000610351562,77329400,177.404541015625
2016-04-28,208.4600067138672,209.75999450683594,206.9600067138672,207.4499969482422,97216200,175.79446411132812
2016-04-29,206.72000122070312,207.1300048828125,205.02999877929688,206.3300018310547,142424100,174.84536743164062
2016-05-02,206.9199981689453,208.17999267578125,206.41000366210938,207.97000122070312,62188000,176.235107421875
2016-05-03,206.52000427246094,206.8000030517578,205.27999877929688,206.16000366210938,106422100,174.70132446289062
2016-05-04,204.99000549316406,205.85000610351562,204.4199981689453,205.00999450683594,92243800,173.72677612304688
2016-05-05,205.55999755859375,205.97999572753906,204.47000122070312,204.97000122070312,67619200,173.6929168701172
2016-05-06,204.05999755859375,205.77000427246094,203.8800048828125,205.72000122070312,89315000,174.32839965820312
2016-05-09,205.57000732421875,206.39999389648438,205.36000061035156,205.88999938964844,74374900,174.47250366210938
2016-05-10,206.72000122070312,208.47000122070312,206.63999938964844,208.4499969482422,77472200,176.64190673828125
2016-05-11,207.91000366210938,208.5399932861328,206.5,206.5,81727000,174.98936462402344
2016-05-12,207.2899932861328,207.49000549316406,205.3699951171875,206.55999755859375,89586300,175.04025268554688
2016-05-13,206.2100067138672,206.86000061035156,204.3800048828125,204.75999450683594,96474600,173.51492309570312
2016-05-16,204.9600067138672,207.33999633789062,204.88999938964844,206.77999877929688,77486800,175.22666931152344
2016-05-17,206.4600067138672,206.8000030517578,204.22999572753906,204.85000610351562,114924900,173.59115600585938
2016-05-18,204.44000244140625,206.3000030517578,203.6300048828125,204.91000366210938,120062100,173.64207458496094
2016-05-19,204.05999755859375,204.5399932861328,202.77999877929688,204.1999969482422,115430500,173.04034423828125
2016-05-20,204.9199981689453,206.10000610351562,204.86000061035156,205.49000549316406,104990400,174.133544921875
2016-05-23,205.50999450683594,205.83999633789062,204.99000549316406,205.2100067138672,58682600,173.89627075195312
2016-05-24,206.1699981689453,208.24000549316406,206.13999938964844,207.8699951171875,93537800,176.15036010742188
2016-05-25,208.6699981689453,209.77000427246094,207.8699951171875,209.27999877929688,76621400,177.34524536132812
2016-05-26,209.44000244140625,209.7100067138672,208.97000122070312,209.33999633789062,55280700,177.3960723876953
2016-05-27,209.52999877929688,210.25,209.47000122070312,210.24000549316406,64211200,178.15872192382812
2016-05-31,210.55999755859375,210.69000244140625,209.17999267578125,209.83999633789062,109879400,177.81973266601562
2016-06-01,209.1199951171875,210.47999572753906,208.88999938964844,210.27000427246094,69936200,178.18414306640625
2016-06-02,209.8000030517578,210.92999267578125,209.24000549316406,210.91000366210938,63044700,178.72645568847656
2016-06-03,210.25,210.69000244140625,208.86000061035156,210.27999877929688,101757100,178.19265747070312
2016-06-06,210.6999969482422,211.77000427246094,210.50999450683594,211.35000610351562,64887000,179.09930419921875
2016-06-07,211.52999877929688,212.33999633789062,211.5,211.67999267578125,60974800,179.37896728515625
2016-06-08,211.83999633789062,212.52000427246094,211.69000244140625,212.3699951171875,66170900,179.96371459960938
2016-06-09,211.50999450683594,212.22000122070312,211.19000244140625,212.0800018310547,73786900,179.71788024902344
2016-06-10,210.4600067138672,210.86000061035156,209.42999267578125,210.07000732421875,113829200,178.0146942138672
2016-06-13,209.36000061035156,210.3699951171875,208.35000610351562,208.4499969482422,117751200,176.64190673828125
2016-06-14,208,208.74000549316406,206.9199981689453,208.0399932861328,125059300,176.29437255859375
2016-06-15,208.0399932861328,209.36000061035156,207.52999877929688,207.75,109124500,176.04864501953125
2016-06-16,207.75,208.57000732421875,205.58999633789062,208.3699951171875,149533100,176.57403564453125
2016-06-17,207.1699981689453,207.1999969482422,205.75,206.52000427246094,117055700,175.91648864746094
2016-06-20,208.82000732421875,209.61000061035156,207.75,207.85000610351562,82789600,177.0493927001953
2016-06-21,208.3000030517578,208.9199981689453,207.77999877929688,208.44000244140625,72461700,177.55197143554688
2016-06-22,208.64999389648438,209.5,207.92999267578125,208.10000610351562,95560500,177.2623748779297
2016-06-23,209.80999755859375,210.8699951171875,209.27000427246094,210.80999755859375,102731400,179.5707244873047
2016-06-24,203.6300048828125,210.85000610351562,202.72000122070312,203.24000549316406,333444400,173.12252807617188
2016-06-27,201.58999633789062,201.60000610351562,198.64999389648438,199.60000610351562,230775800,170.02194213867188
2016-06-28,201.47999572753906,203.22999572753906,201.1199951171875,203.1999969482422,159382400,173.08843994140625
2016-06-29,204.83999633789062,206.92999267578125,204.72000122070312,206.66000366210938,137328600,176.03575134277344
2016-06-30,207.2100067138672,209.5399932861328,206.55999755859375,209.47999572753906,165021900,178.43780517578125
2016-07-01,209.47999572753906,210.49000549316406,209.2899932861328,209.9199981689453,106055300,178.81263732910156
2016-07-05,208.9499969482422,209.0800018310547,207.7100067138672,208.41000366210938,109803700,177.52638244628906
2016-07-06,207.8300018310547,209.8000030517578,207.05999755859375,209.66000366210938,96021500,178.59115600585938
2016-07-07,209.8699951171875,210.64999389648438,208.6300048828125,209.52999877929688,85593800,178.48045349121094
2016-07-08,211.0500030517578,212.94000244140625,210.77999877929688,212.64999389648438,133971000,181.1380615234375
2016-07-11,213.19000244140625,214.07000732421875,212.9499969482422,213.39999389648438,73633900,181.77694702148438
2016-07-12,214.52999877929688,215.3000030517578,213.42999267578125,214.9499969482422,101275600,183.09725952148438
2016-07-13,215.44000244140625,215.4499969482422,214.35000610351562,214.9199981689453,87324100,183.07168579101562
2016-07-14,216.39999389648438,216.6699981689453,215.66000366210938,216.1199951171875,91230900,184.09390258789062
2016-07-15,216.77999877929688,217.00999450683594,215.30999755859375,215.8300018310547,107155400,183.84686279296875
2016-07-18,215.97000122070312,216.60000610351562,215.6699981689453,216.41000366210938,58725900,184.34085083007812
2016-07-19,215.9199981689453,216.22999572753906,215.6300048828125,216.19000244140625,54345700,184.15353393554688
2016-07-20,216.19000244140625,217.3699951171875,216.19000244140625,217.08999633789062,58159500,184.9200897216797
2016-07-21,216.9600067138672,217.22000122070312,215.75,216.27000427246094,67777300,184.22166442871094
2016-07-22,216.41000366210938,217.3000030517578,216.10000610351562,217.24000549316406,62787500,185.04786682128906
2016-07-25,217,217.05999755859375,215.97000122070312,216.64999389648438,55873100,184.54534912109375
2016-07-26,216.52999877929688,217.1699981689453,215.75999450683594,216.75,70080500,184.6305389404297
2016-07-27,217.19000244140625,217.27000427246094,215.6199951171875,216.52000427246094,84083900,184.43458557128906
2016-07-28,216.2899932861328,217.11000061035156,215.75,216.77000427246094,65035700,184.6475067138672
2016-07-29,216.4600067138672,217.5399932861328,216.1300048828125,217.1199951171875,79519400,184.94570922851562
2016-08-01,217.19000244140625,217.64999389648438,216.41000366210938,216.94000244140625,73311400,184.7923583984375
2016-08-02,216.64999389648438,216.8300018310547,214.57000732421875,215.5500030517578,92295500,183.60830688476562
2016-08-03,215.47999572753906,216.25,215.1300048828125,216.17999267578125,53993600,184.14495849609375
2016-08-04,216.30999755859375,216.77999877929688,214.25,216.41000366210938,46585500,184.34085083007812
2016-08-05,216.41000366210938,218.22999572753906,216.41000366210938,218.17999267578125,71892200,185.84861755371094
2016-08-08,218.39999389648438,218.52000427246094,217.74000549316406,218.0500030517578,39906500,185.73789978027344
2016-08-09,218.1300048828125,218.75999450683594,217.8000030517578,218.17999267578125,51251700,185.84861755371094
2016-08-10,218.30999755859375,218.39999389648438,217.22999572753906,217.63999938964844,57941100,185.38865661621094
2016-08-11,218.25999450683594,218.94000244140625,217.9499969482422,218.64999389648438,72504300,186.24896240234375
2016-08-12,218.2899932861328,218.7100067138672,217.99000549316406,218.4600067138672,61313500,186.08717346191406
2016-08-15,218.88999938964844,219.5,218.8800048828125,219.08999633789062,49813500,186.62379455566406
2016-08-16,218.60000610351562,218.67999267578125,217.9600067138672,217.9600067138672,53213600,185.66122436523438
2016-08-17,218,218.52999877929688,217.02000427246094,218.3699951171875,75134300,186.01046752929688
2016-08-18,218.33999633789062,218.89999389648438,218.2100067138672,218.86000061035156,52989300,186.4278564453125
2016-08-19,218.30999755859375,218.75,217.74000549316406,218.5399932861328,75443000,186.1552734375
2016-08-22,218.25999450683594,218.8000030517578,217.8300018310547,218.52999877929688,61368800,186.14671325683594
2016-08-23,219.25,219.60000610351562,218.89999389648438,218.97000122070312,53399200,186.52149963378906
2016-08-24,218.8000030517578,218.91000366210938,217.36000061035156,217.85000610351562,71728900,185.56748962402344
2016-08-25,217.39999389648438,218.19000244140625,217.22000122070312,217.6999969482422,69224800,185.439697265625
2016-08-26,217.9199981689453,219.1199951171875,216.25,217.2899932861328,122506300,185.09046936035156
2016-08-29,217.44000244140625,218.6699981689453,217.39999389648438,218.36000061035156,70502200,186.00193786621094
2016-08-30,218.25999450683594,218.58999633789062,217.35000610351562,218,58114500,185.6952362060547
2016-08-31,217.61000061035156,217.75,216.47000122070312,217.3800048828125,85269500,185.16714477539062
2016-09-01,217.3699951171875,217.72999572753906,216.02999877929688,217.38999938964844,97844200,185.1757049560547
2016-09-02,218.38999938964844,218.8699951171875,217.6999969482422,218.3699951171875,79293900,186.01046752929688
2016-09-06,218.6999969482422,219.1199951171875,217.86000061035156,219.02999877929688,56702100,186.57264709472656
2016-09-07,218.83999633789062,219.22000122070312,218.3000030517578,219.00999450683594,76554900,186.55560302734375
2016-09-08,218.6199951171875,218.94000244140625,218.14999389648438,218.50999450683594,74102900,186.12966918945312
2016-09-09,216.97000122070312,217.02999877929688,213.25,213.27999877929688,221589100,181.67478942871094
2016-09-12,212.38999938964844,216.80999755859375,212.30999755859375,216.33999633789062,168110900,184.28126525878906
2016-09-13,214.83999633789062,215.14999389648438,212.5,213.22999572753906,182828800,181.632080078125
2016-09-14,213.2899932861328,214.6999969482422,212.5,213.14999389648438,134185500,181.56396484375
2016-09-15,212.9600067138672,215.72999572753906,212.75,215.27999877929688,134427900,183.3783416748047
2016-09-16,213.47999572753906,213.69000244140625,212.57000732421875,213.3699951171875,155236400,182.66946411132812
2016-09-19,214.1300048828125,214.8800048828125,213.02999877929688,213.41000366210938,80250500,182.7036895751953
2016-09-20,214.41000366210938,214.58999633789062,213.3800048828125,213.4199981689453,69665300,182.71231079101562
2016-09-21,214.24000549316406,216.02999877929688,213.44000244140625,215.82000732421875,110284400,184.7669677734375
2016-09-22,217,217.52999877929688,216.7100067138672,217.17999267578125,76678700,185.93125915527344
2016-09-23,216.72000122070312,216.8800048828125,215.8800048828125,215.99000549316406,73630900,184.91253662109375
2016-09-26,215.02000427246094,215.22999572753906,214.00999450683594,214.24000549316406,89827300,183.41429138183594
2016-09-27,214.0500030517578,215.67999267578125,213.6199951171875,215.57000732421875,78494800,184.55294799804688
2016-09-28,215.8300018310547,216.82000732421875,214.7100067138672,216.63999938964844,87411000,185.46897888183594
2016-09-29,216.39999389648438,216.8699951171875,214.0399932861328,214.67999267578125,128070600,183.79095458984375
2016-09-30,215.64999389648438,217.1199951171875,215.36000061035156,216.3000030517578,117202900,185.17787170410156
2016-10-03,215.82000732421875,216.0399932861328,215.0399932861328,215.77999877929688,83512100,184.73272705078125
2016-10-04,215.91000366210938,216.1699981689453,213.99000549316406,214.67999267578125,119948100,183.79095458984375
2016-10-05,215.41000366210938,216.1300048828125,215.3300018310547,215.6300048828125,72816000,184.60427856445312
2016-10-06,215.3699951171875,216.0399932861328,214.74000549316406,215.77999877929688,62927400,184.73272705078125
2016-10-07,216.10000610351562,216.3000030517578,214.19000244140625,215.0399932861328,89788300,184.09915161132812
2016-10-10,216.16000366210938,216.6999969482422,215.99000549316406,216.16000366210938,51855000,185.0580596923828
2016-10-11,215.66000366210938,215.74000549316406,212.5800018310547,213.42999267578125,130367400,182.72085571289062
2016-10-12,213.58999633789062,214.32000732421875,213.00999450683594,213.7100067138672,73866100,182.9605712890625
2016-10-13,212.16000366210938,213.58999633789062,211.2100067138672,213.00999450683594,101357000,182.36129760742188
2016-10-14,214.14999389648438,214.69000244140625,213.02999877929688,213.1199951171875,93346200,182.45542907714844
2016-10-17,213.08999633789062,213.38999938964844,212.1699981689453,212.3800048828125,58275700,181.82192993164062
2016-10-18,214.24000549316406,214.30999755859375,213.27000427246094,213.7100067138672,76869700,182.9605712890625
2016-10-19,214.02000427246094,214.63999938964844,213.60000610351562,214.27999877929688,66519200,183.4485321044922
2016-10-20,213.8699951171875,214.52999877929688,213.11000061035156,213.8800048828125,73639800,183.1060791015625
2016-10-21,213.8800048828125,214.0800018310547,212.75999450683594,213.97999572753906,89089100,183.1917724609375
2016-10-24,215,215.32000732421875,214.47999572753906,214.88999938964844,60146600,183.97076416015625
2016-10-25,214.67999267578125,214.97999572753906,213.97999572753906,214.1699981689453,66542300,183.3543701171875
2016-10-26,213.2100067138672,214.4199981689453,212.92999267578125,213.74000549316406,75705500,182.98623657226562
2016-10-27,214.5800018310547,214.6199951171875,213.0800018310547,213.1699981689453,77220200,182.4982452392578
2016-10-28,213.13999938964844,213.92999267578125,211.7100067138672,212.5399932861328,140623200,181.95887756347656
2016-10-31,212.92999267578125,213.19000244140625,212.36000061035156,212.5500030517578,61272500,181.96743774414062
2016-11-01,212.92999267578125,212.99000549316406,209.60000610351562,211.00999450683594,122781800,180.64906311035156
2016-11-02,210.64999389648438,211.10000610351562,209.22999572753906,209.74000549316406,103330800,179.56179809570312
2016-11-03,209.99000549316406,210.24000549316406,208.4600067138672,208.77999877929688,88939300,178.73992919921875
2016-11-04,208.91000366210938,209.88999938964844,208.3800048828125,208.5500030517578,109122100,178.54296875
2016-11-07,208.5500030517578,213.19000244140625,208.5500030517578,213.14999389648438,109794900,182.48114013671875
2016-11-08,212.69000244140625,214.77000427246094,212.3800048828125,214.11000061035156,106772100,183.30299377441406
2016-11-09,212.3699951171875,217.10000610351562,212.33999633789062,216.3800048828125,258429000,185.24639892578125
2016-11-10,217.3000030517578,218.30999755859375,215.22000122070312,216.9199981689453,172113300,185.70872497558594
2016-11-11,216.0800018310547,216.6999969482422,215.32000732421875,216.4199981689453,100552700,185.2806396484375
2016-11-14,217.02999877929688,217.27000427246094,215.72000122070312,216.58999633789062,94580000,185.42617797851562
2016-11-15,217.0399932861328,218.27999877929688,216.8000030517578,218.27999877929688,91652600,186.8729705810547
2016-11-16,217.55999755859375,218.13999938964844,217.4199981689453,217.8699951171875,65617700,186.52198791503906
2016-11-17,218.0500030517578,219.05999755859375,217.9199981689453,218.99000549316406,69797200,187.48085021972656
2016-11-18,219.07000732421875,219.27000427246094,218.2899932861328,218.5,86265800,187.0613555908203
2016-11-21,219.1699981689453,220.17999267578125,219,220.14999389648438,72402600,188.4739532470703
2016-11-22,220.50999450683594,220.7899932861328,219.72999572753906,220.5800018310547,67429000,188.8420867919922
2016-11-23,219.97999572753906,220.75999450683594,219.75,220.6999969482422,56620200,188.9447784423828
2016-11-25,221.10000610351562,221.55999755859375,221.00999450683594,221.52000427246094,37872300,189.6468505859375
2016-11-28,221.16000366210938,221.47999572753906,220.36000061035156,220.47999572753906,76572500,188.75640869140625
2016-11-29,220.52000427246094,221.44000244140625,220.1699981689453,220.91000366210938,69886700,189.12460327148438
2016-11-30,221.6300048828125,221.82000732421875,220.30999755859375,220.3800048828125,113291800,188.6708984375
2016-12-01,220.72999572753906,220.72999572753906,219.14999389648438,219.57000732421875,79040500,187.97744750976562
2016-12-02,219.6699981689453,220.25,219.25999450683594,219.67999267578125,74840300,188.07159423828125
2016-12-05,220.64999389648438,221.39999389648438,220.4199981689453,221,67837800,189.20164489746094
2016-12-06,221.22000122070312,221.74000549316406,220.66000366210938,221.6999969482422,59877400,189.80093383789062
2016-12-07,221.52000427246094,224.6699981689453,221.3800048828125,224.60000610351562,110738100,192.2836456298828
2016-12-08,224.57000732421875,225.6999969482422,224.25999450683594,225.14999389648438,99714400,192.7545166015625
2016-12-09,225.41000366210938,226.52999877929688,225.3699951171875,226.50999450683594,88005800,193.91880798339844
2016-12-12,226.39999389648438,226.9600067138672,225.75999450683594,226.25,102016100,193.6962890625
2016-12-13,227.02000427246094,228.33999633789062,227,227.75999450683594,110477500,194.98898315429688
2016-12-14,227.41000366210938,228.22999572753906,225.3699951171875,225.8800048828125,142501800,193.3795623779297
2016-12-15,226.16000366210938,227.80999755859375,225.88999938964844,226.80999755859375,124972600,194.1757049560547
2016-12-16,226.00999450683594,226.0800018310547,224.6699981689453,225.0399932861328,156420200,193.79588317871094
2016-12-19,225.25,226.02000427246094,225.0800018310547,225.52999877929688,90341100,194.2178955078125
2016-12-20,226.14999389648438,226.57000732421875,225.8800048828125,226.39999389648438,89838800,194.9671173095703
2016-12-21,226.25,226.4499969482422,225.77000427246094,225.77000427246094,67909000,194.42453002929688
2016-12-22,225.60000610351562,225.74000549316406,224.9199981689453,225.3800048828125,56219100,194.0886993408203
2016-12-23,225.42999267578125,225.72000122070312,225.2100067138672,225.7100067138672,36697800,194.37289428710938
2016-12-27,226.02000427246094,226.72999572753906,226,226.27000427246094,42672500,194.85516357421875
2016-12-28,226.57000732421875,226.58999633789062,224.27000427246094,224.39999389648438,64095000,193.2447509765625
2016-12-29,224.47999572753906,224.88999938964844,223.83999633789062,224.35000610351562,48696100,193.20172119140625
2016-12-30,224.72999572753906,224.8300018310547,222.72999572753906,223.52999877929688,108998300,192.4955291748047
2017-01-03,225.0399932861328,225.8300018310547,223.8800048828125,225.24000549316406,91366500,193.96817016601562
2017-01-04,225.6199951171875,226.75,225.61000061035156,226.5800018310547,78744400,195.12210083007812
2017-01-05,226.27000427246094,226.5800018310547,225.47999572753906,226.39999389648438,78379000,194.9671173095703
2017-01-06,226.52999877929688,227.75,225.89999389648438,227.2100067138672,71559900,195.6646270751953
2017-01-09,226.91000366210938,227.07000732421875,226.4199981689453,226.4600067138672,46939700,195.01881408691406
2017-01-10,226.47999572753906,227.4499969482422,226.00999450683594,226.4600067138672,63771900,195.01881408691406
2017-01-11,226.36000061035156,227.10000610351562,225.58999633789062,227.10000610351562,74650000,195.5699462890625
2017-01-12,226.5,226.75,224.9600067138672,226.52999877929688,72113200,195.07904052734375
2017-01-13,226.72999572753906,227.39999389648438,226.69000244140625,227.0500030517578,62717900,195.52687072753906
2017-01-17,226.30999755859375,226.77999877929688,225.8000030517578,226.25,61240800,194.8379669189453
2017-01-18,226.5399932861328,226.8000030517578,225.89999389648438,226.75,54793300,195.26849365234375
2017-01-19,226.83999633789062,227,225.41000366210938,225.91000366210938,66608800,194.5451202392578
2017-01-20,226.6999969482422,227.30999755859375,225.97000122070312,226.74000549316406,129168600,195.25985717773438
2017-01-23,226.74000549316406,226.80999755859375,225.27000427246094,226.14999389648438,75061600,194.7517547607422
2017-01-24,226.39999389648438,228.0800018310547,226.27000427246094,227.60000610351562,95555300,196.00048828125
2017-01-25,228.6999969482422,229.57000732421875,228.50999450683594,229.57000732421875,84437700,197.69696044921875
2017-01-26,229.39999389648438,229.7100067138672,229.00999450683594,229.3300018310547,59970700,197.4902801513672
2017-01-27,229.4199981689453,229.58999633789062,228.75999450683594,228.97000122070312,59711100,197.1802978515625
2017-01-30,228.1699981689453,228.1999969482422,226.41000366210938,227.5500030517578,79737300,195.95742797851562
2017-01-31,226.97999572753906,227.60000610351562,226.32000732421875,227.52999877929688,75880800,195.94017028808594
2017-02-01,227.52999877929688,228.58999633789062,226.94000244140625,227.6199951171875,79117700,196.01766967773438
2017-02-02,227.6199951171875,228.10000610351562,226.82000732421875,227.77000427246094,69657600,196.14686584472656
2017-02-03,228.82000732421875,229.5500030517578,228.4600067138672,229.33999633789062,80563200,197.49887084960938
2017-02-06,228.8699951171875,229.3300018310547,228.5399932861328,228.92999267578125,57790100,197.1457977294922
2017-02-07,229.3800048828125,229.66000366210938,228.72000122070312,228.94000244140625,57931200,197.15443420410156
2017-02-08,228.94000244140625,229.38999938964844,228.30999755859375,229.24000549316406,51566200,197.4127960205078
2017-02-09,229.24000549316406,230.9499969482422,229.24000549316406,230.60000610351562,65955200,198.58395385742188
2017-02-10,231,231.77000427246094,230.6199951171875,231.50999450683594,66015900,199.3675994873047
2017-02-13,232.0800018310547,233.07000732421875,232.0500030517578,232.77000427246094,55182100,200.45269775390625
2017-02-14,232.55999755859375,233.7100067138672,232.16000366210938,233.6999969482422,71109000,201.2535858154297
2017-02-15,233.4499969482422,235.13999938964844,233.38999938964844,234.9199981689453,86785800,202.30418395996094
2017-02-16,234.9499969482422,235.16000366210938,233.85000610351562,234.72000122070312,84722400,202.13198852539062
2017-02-17,233.9499969482422,235.08999633789062,233.92999267578125,235.08999633789062,77204100,202.45059204101562
2017-02-21,235.52000427246094,236.69000244140625,235.50999450683594,236.49000549316406,88946100,203.65623474121094
2017-02-22,236.02000427246094,236.5399932861328,235.8300018310547,236.27999877929688,62115200,203.47537231445312
2017-02-23,236.8800048828125,236.89999389648438,235.55999755859375,236.44000244140625,74615900,203.61318969726562
2017-02-24,235.4600067138672,236.7899932861328,235.41000366210938,236.74000549316406,82381600,203.87152099609375
2017-02-27,236.63999938964844,237.30999755859375,236.35000610351562,237.11000061035156,56515400,204.19017028808594
2017-02-28,236.6699981689453,236.9499969482422,236.02000427246094,236.47000122070312,96961900,203.63902282714844
2017-03-01,238.38999938964844,240.32000732421875,238.3699951171875,239.77999877929688,149158200,206.4894256591797
2017-03-02,239.55999755859375,239.57000732421875,238.2100067138672,238.27000427246094,70246000,205.18910217285156
2017-03-03,238.1699981689453,238.61000061035156,237.72999572753906,238.4199981689453,81974300,205.31826782226562
2017-03-06,237.5,238.1199951171875,237.00999450683594,237.7100067138672,55391500,204.7068328857422
2017-03-07,237.36000061035156,237.77000427246094,236.75999450683594,237,65103700,204.09548950195312
2017-03-08,237.33999633789062,237.63999938964844,236.39999389648438,236.55999755859375,78168800,203.7164764404297
2017-03-09,236.6999969482422,237.24000549316406,235.74000549316406,236.86000061035156,90683900,203.97486877441406
2017-03-10,237.97000122070312,238.02000427246094,236.58999633789062,237.69000244140625,81991700,204.68966674804688
2017-03-13,237.6199951171875,237.86000061035156,237.24000549316406,237.80999755859375,57256800,204.79298400878906
2017-03-14,237.17999267578125,237.24000549316406,236.19000244140625,236.89999389648438,59880800,204.00927734375
2017-03-15,237.55999755859375,239.44000244140625,237.2899932861328,238.9499969482422,96081800,205.774658203125
2017-03-16,239.11000061035156,239.1999969482422,238.10000610351562,238.47999572753906,78344000,205.36993408203125
2017-03-17,237.75,237.97000122070312,237.02999877929688,237.02999877929688,89002100,205.00924682617188
2017-03-20,237.02999877929688,237.36000061035156,236.32000732421875,236.77000427246094,52537000,204.78436279296875
2017-03-21,237.47000122070312,237.61000061035156,233.5800018310547,233.72999572753906,131809300,202.155029296875
2017-03-22,233.77000427246094,234.61000061035156,233.0500030517578,234.27999877929688,97569200,202.6307373046875
2017-03-23,234.27999877929688,235.33999633789062,233.60000610351562,234.02999877929688,100410300,202.41455078125
2017-03-24,234.3800048828125,235.0399932861328,232.9600067138672,233.86000061035156,112504900,202.26748657226562
2017-03-27,231.92999267578125,233.9199981689453,231.61000061035156,233.6199951171875,87454500,202.0599365234375
2017-03-28,233.27000427246094,235.80999755859375,233.13999938964844,235.32000732421875,93483900,203.5302734375
2017-03-29,234.99000549316406,235.80999755859375,234.72999572753906,235.5399932861328,61950400,203.72055053710938
2017-03-30,235.47000122070312,236.52000427246094,235.27000427246094,236.2899932861328,56737900,204.36923217773438
2017-03-31,235.89999389648438,236.50999450683594,235.67999267578125,235.74000549316406,73733100,203.8935546875
2017-04-03,235.8000030517578,236.02999877929688,233.91000366210938,235.3300018310547,85546500,203.53890991210938
2017-04-04,235,235.5800018310547,234.55999755859375,235.47999572753906,56466200,203.6686248779297
2017-04-05,236.25999450683594,237.38999938964844,234.5399932861328,234.77999877929688,108800600,203.06320190429688
2017-04-06,234.94000244140625,236.0399932861328,234.42999267578125,235.44000244140625,69135800,203.6340789794922
2017-04-07,235.14999389648438,236,234.63999938964844,235.1999969482422,74412300,203.42649841308594
2017-04-10,235.36000061035156,236.25999450683594,234.72999572753906,235.33999633789062,67615300,203.5475616455078
2017-04-11,234.89999389648438,235.17999267578125,233.33999633789062,235.05999755859375,88045300,203.30538940429688
2017-04-12,234.74000549316406,234.9600067138672,233.77000427246094,234.02999877929688,81864400,202.41455078125
2017-04-13,233.63999938964844,234.49000549316406,232.50999450683594,232.50999450683594,92880400,201.099853515625
2017-04-17,233.11000061035156,234.57000732421875,232.8800048828125,234.57000732421875,68405400,202.881591796875
2017-04-18,233.72000122070312,234.49000549316406,233.0800018310547,233.8699951171875,83225800,202.276123046875
2017-04-19,234.52000427246094,234.9499969482422,233.17999267578125,233.44000244140625,68699900,201.90423583984375
2017-04-20,234.14999389648438,235.85000610351562,233.77999877929688,235.33999633789062,92572200,203.5475616455078
2017-04-21,235.25,235.30999755859375,234.1300048828125,234.58999633789062,110389800,202.8988800048828
2017-04-24,237.17999267578125,237.41000366210938,234.55999755859375,237.1699981689453,119209900,205.13034057617188
2017-04-25,237.91000366210938,238.9499969482422,237.80999755859375,238.5500030517578,76698300,206.32391357421875
2017-04-26,238.50999450683594,239.52999877929688,238.35000610351562,238.39999389648438,84702500,206.19415283203125
2017-04-27,238.77000427246094,238.9499969482422,237.97999572753906,238.60000610351562,57410300,206.36721801757812
2017-04-28,238.89999389648438,238.92999267578125,237.92999267578125,238.0800018310547,63532800,205.91741943359375
2017-05-01,238.67999267578125,239.1699981689453,238.1999969482422,238.67999267578125,66882500,206.43637084960938
2017-05-02,238.83999633789062,238.97999572753906,238.3000030517578,238.77000427246094,57375700,206.51419067382812
2017-05-03,238.77000427246094,238.8800048828125,237.6999969482422,238.47999572753906,73137700,206.26339721679688
2017-05-04,238.8300018310547,238.9199981689453,237.77999877929688,238.75999450683594,61462700,206.5055389404297
2017-05-05,239.19000244140625,239.72000122070312,238.67999267578125,239.6999969482422,62001300,207.318603515625
2017-05-08,239.75,239.9199981689453,239.1699981689453,239.66000366210938,48385700,207.28395080566406
2017-05-09,239.9600067138672,240.19000244140625,239.0399932861328,239.44000244140625,51363200,207.0937042236328
2017-05-10,239.38999938964844,239.8699951171875,239.14999389648438,239.8699951171875,54293800,207.465576171875
2017-05-11,239.35000610351562,239.57000732421875,238.1300048828125,239.3800048828125,62358300,207.04180908203125
2017-05-12,239.08999633789062,239.42999267578125,238.6699981689453,238.97999572753906,53912700,206.6958465576172
2017-05-15,239.47000122070312,240.44000244140625,239.4499969482422,240.3000030517578,61918900,207.8375244140625
2017-05-16,240.63999938964844,240.6699981689453,239.6300048828125,240.0800018310547,51241800,207.6472625732422
2017-05-17,240.0800018310547,240.0800018310547,235.75,235.82000732421875,172174100,203.9627227783203
2017-05-18,235.72999572753906,237.75,235.42999267578125,236.77000427246094,107047700,204.78436279296875
2017-05-19,237.3300018310547,239.0800018310547,237.27000427246094,238.30999755859375,115011400,206.11634826660156
2017-05-22,238.89999389648438,239.7100067138672,238.82000732421875,239.52000427246094,61010600,207.16285705566406
2017-05-23,239.9499969482422,240.24000549316406,239.50999450683594,240.0500030517578,48341700,207.621337890625
2017-05-24,240.32000732421875,240.72999572753906,239.92999267578125,240.61000061035156,46927700,208.10562133789062
2017-05-25,241.1999969482422,242.0800018310547,240.9600067138672,241.75999450683594,64071700,209.10023498535156
2017-05-26,241.5399932861328,241.89999389648438,241.4499969482422,241.7100067138672,46629900,209.0570526123047
2017-05-30,241.33999633789062,241.7899932861328,241.16000366210938,241.5,35201900,208.8754119873047
2017-05-31,241.83999633789062,241.8800048828125,240.63999938964844,241.44000244140625,91796000,208.82350158691406
2017-06-01,241.97000122070312,243.3800048828125,241.63999938964844,243.36000061035156,68962000,210.48414611816406
2017-06-02,243.4199981689453,244.35000610351562,243.0800018310547,244.1699981689453,88666100,211.1847381591797
2017-06-05,243.97000122070312,244.3000030517578,243.75999450683594,243.99000549316406,44698800,211.02899169921875
2017-06-06,243.33999633789062,243.97999572753906,243.1199951171875,243.2100067138672,50375400,210.35435485839844
2017-06-07,243.60000610351562,243.9199981689453,242.8300018310547,243.66000366210938,54144300,210.74362182617188
2017-06-08,243.77000427246094,244.3300018310547,243.1699981689453,243.77999877929688,65950700,210.8473663330078
2017-06-09,244.08999633789062,245.00999450683594,241.9499969482422,243.41000366210938,132256400,210.52735900878906
2017-06-12,243.1300048828125,243.4199981689453,242.3800048828125,243.36000061035156,86108100,210.48414611816406
2017-06-13,243.97999572753906,244.61000061035156,243.5800018310547,244.5500030517578,60067000,211.51336669921875
2017-06-14,244.86000061035156,244.8699951171875,243.2899932861328,244.24000549316406,78602300,211.2452392578125
2017-06-15,242.67999267578125,243.91000366210938,242.36000061035156,243.77000427246094,66464900,210.83872985839844
2017-06-16,242.77000427246094,242.8300018310547,241.6300048828125,242.63999938964844,84553100,210.88479614257812
2017-06-19,243.58999633789062,244.72999572753906,243.47999572753906,244.66000366210938,65123800,212.64044189453125
2017-06-20,244.25,244.25999450683594,242.99000549316406,243.00999450683594,56906400,211.2064208984375
2017-06-21,243.4600067138672,243.58999633789062,242.41000366210938,242.9499969482422,55977600,211.15426635742188
2017-06-22,242.9600067138672,243.52999877929688,242.63999938964844,242.83999633789062,44148100,211.05865478515625
2017-06-23,242.91000366210938,243.50999450683594,242.47000122070312,243.1300048828125,66986800,211.31069946289062
2017-06-26,243.89999389648438,244.3800048828125,243.0500030517578,243.2899932861328,56700500,211.4497528076172
2017-06-27,243.0399932861328,243.3800048828125,241.30999755859375,241.3300018310547,82247700,209.74623107910156
2017-06-28,242.5,243.72000122070312,242.22999572753906,243.49000549316406,70042600,211.6235809326172
2017-06-29,243.66000366210938,243.72000122070312,239.9600067138672,241.35000610351562,106949700,209.76368713378906
2017-06-30,242.27999877929688,242.7100067138672,241.5800018310547,241.8000030517578,86820700,210.1547393798828
2017-07-03,242.8800048828125,243.3800048828125,242.2100067138672,242.2100067138672,39153800,210.51109313964844
2017-07-05,242.6300048828125,243.00999450683594,241.6999969482422,242.77000427246094,54427600,210.99777221679688
2017-07-06,241.88999938964844,242.02999877929688,240.33999633789062,240.5500030517578,65400800,209.0683135986328
2017-07-07,241.2100067138672,242.27999877929688,240.55999755859375,242.11000061035156,57972300,210.42416381835938
2017-07-10,242.11000061035156,242.8000030517578,241.75999450683594,242.3699951171875,36663300,210.65016174316406
2017-07-11,242.3699951171875,242.5500030517578,240.85000610351562,242.19000244140625,50354600,210.49368286132812
2017-07-12,243.3000030517578,244.1999969482422,243.3000030517578,244.00999450683594,59610400,212.07553100585938
2017-07-13,244.02000427246094,244.5500030517578,243.75999450683594,244.4199981689453,39471600,212.43186950683594
2017-07-14,244.4199981689453,245.97000122070312,244.30999755859375,245.55999755859375,60262700,213.4226531982422
2017-07-17,245.47000122070312,245.91000366210938,245.3300018310547,245.52999877929688,33531900,213.3965606689453
2017-07-18,245.05999755859375,245.72000122070312,244.6699981689453,245.66000366210938,42742500,213.5095977783203
2017-07-19,246.02000427246094,247,246.00999450683594,246.99000549316406,51034300,214.66554260253906
2017-07-20,247.27999877929688,247.4199981689453,246.47000122070312,247.10000610351562,47135200,214.7611083984375
2017-07-21,246.44000244140625,246.91000366210938,246.17999267578125,246.8800048828125,82340800,214.56993103027344
2017-07-24,246.7899932861328,246.97999572753906,246.27999877929688,246.82000732421875,46622300,214.51779174804688
2017-07-25,247.67999267578125,247.8000030517578,247.16000366210938,247.4199981689453,54915600,215.0392608642578
2017-07-26,247.75,247.7899932861328,247.1300048828125,247.42999267578125,47575400,215.04791259765625
2017-07-27,247.9600067138672,248,245.67999267578125,247.1999969482422,70766600,214.84800720214844
2017-07-28,246.64999389648438,247.05999755859375,246.1300048828125,246.91000366210938,50088400,214.59597778320312
2017-07-31,247.3699951171875,247.47999572753906,246.52999877929688,246.77000427246094,65838700,214.47434997558594
2017-08-01,247.4600067138672,247.5,246.72000122070312,247.32000732421875,55050400,214.95230102539062
2017-08-02,247.47000122070312,247.60000610351562,246.3699951171875,247.44000244140625,47211200,215.05662536621094
2017-08-03,247.30999755859375,247.33999633789062,246.63999938964844,246.9600067138672,40856000,214.6394500732422
2017-08-04,247.52000427246094,247.7899932861328,246.97000122070312,247.41000366210938,60191800,215.03060913085938
2017-08-07,247.49000549316406,247.8699951171875,247.3699951171875,247.8699951171875,31995000,215.4303436279297
2017-08-08,247.50999450683594,248.91000366210938,246.8300018310547,247.25999450683594,61719400,214.90017700195312
2017-08-09,246.47000122070312,247.30999755859375,246.05999755859375,247.25,62632600,214.89154052734375
2017-08-10,246.2899932861328,246.44000244140625,243.6999969482422,243.75999450683594,120479500,211.85818481445312
2017-08-11,244.02000427246094,244.8000030517578,243.75,244.1199951171875,74869900,212.17111206054688
2017-08-14,245.58999633789062,246.7899932861328,245.5500030517578,246.5399932861328,73291900,214.27439880371094
2017-08-15,246.97999572753906,247,246.16000366210938,246.50999450683594,55242700,214.24832153320312
2017-08-16,247.11000061035156,247.57000732421875,246.4499969482422,246.94000244140625,56715500,214.62203979492188
2017-08-17,246.24000549316406,246.60000610351562,243.08999633789062,243.08999633789062,128490400,211.27589416503906
2017-08-18,242.89999389648438,244.19000244140625,242.1999969482422,242.7100067138672,136748000,210.9456024169922
2017-08-21,242.63999938964844,243.1999969482422,241.8300018310547,242.89999389648438,65469700,211.1107940673828
2017-08-22,243.57000732421875,245.6199951171875,243.5500030517578,245.44000244140625,63140100,213.31838989257812
2017-08-23,244.3300018310547,245.0500030517578,244.16000366210938,244.55999755859375,50203800,212.55357360839844
2017-08-24,245,245.17999267578125,243.75,243.99000549316406,50741700,212.05813598632812
2017-08-25,244.89999389648438,245.61000061035156,244.38999938964844,244.55999755859375,64445900,212.55357360839844
2017-08-28,245.1699981689453,245.1999969482422,244.08999633789062,244.57000732421875,40565600,212.56222534179688
2017-08-29,243.05999755859375,245.14999389648438,242.92999267578125,244.85000610351562,51135700,212.80557250976562
2017-08-30,244.8300018310547,246.32000732421875,244.6199951171875,246.00999450683594,62030800,213.81381225585938
2017-08-31,246.72000122070312,247.77000427246094,246.0500030517578,247.49000549316406,103803900,215.10011291503906
2017-09-01,247.9199981689453,248.3300018310547,247.6699981689453,247.83999633789062,62007000,215.4042510986328
2017-09-05,247.25999450683594,247.52000427246094,244.9499969482422,246.05999755859375,91398800,213.85719299316406
2017-09-06,246.83999633789062,247.27999877929688,246.22999572753906,246.89999389648438,57916900,214.58729553222656
2017-09-07,247.25,247.27000427246094,246.39999389648438,246.8699951171875,58034700,214.56121826171875
2017-09-08,246.5399932861328,247.11000061035156,246.3000030517578,246.5800018310547,63832800,214.30921936035156
2017-09-11,248.0399932861328,249.3000030517578,248.02000427246094,249.2100067138672,71364800,216.59500122070312
2017-09-12,249.6300048828125,250.08999633789062,249.4199981689453,250.0500030517578,56896000,217.32505798339844
2017-09-13,249.72000122070312,250.2100067138672,249.58999633789062,250.1699981689453,59228000,217.4293670654297
2017-09-14,249.8000030517578,250.32000732421875,249.60000610351562,250.08999633789062,95446300,217.35980224609375
2017-09-15,248.69000244140625,249.2899932861328,248.57000732421875,249.19000244140625,95432400,217.65243530273438
2017-09-18,249.61000061035156,250.1199951171875,249.27999877929688,249.72000122070312,46235200,218.1153564453125
2017-09-19,250,250.07000732421875,249.60000610351562,249.97000122070312,47108100,218.33367919921875
2017-09-20,250.07000732421875,250.19000244140625,248.9199981689453,250.05999755859375,59574100,218.41233825683594
2017-09-21,249.8800048828125,249.97999572753906,249.19000244140625,249.38999938964844,48211400,217.8271026611328
2017-09-22,249.0500030517578,249.6300048828125,249.02000427246094,249.44000244140625,51214000,217.87078857421875
2017-09-25,249.14999389648438,249.5500030517578,248.0800018310547,248.92999267578125,57064400,217.4253692626953
2017-09-26,249.4199981689453,249.6999969482422,248.80999755859375,249.0800018310547,54082000,217.5563201904297
2017-09-27,249.8800048828125,250.49000549316406,248.8699951171875,250.0500030517578,81001400,218.40359497070312
2017-09-28,249.72999572753906,250.44000244140625,249.6300048828125,250.35000610351562,44778800,218.6656036376953
2017-09-29,250.33999633789062,251.32000732421875,250.1300048828125,251.22999572753906,85578000,219.4342041015625
2017-10-02,251.49000549316406,252.32000732421875,251.2899932861328,252.32000732421875,59023000,220.38629150390625
2017-10-03,252.32000732421875,252.88999938964844,252.22999572753906,252.86000061035156,66810200,220.85794067382812
2017-10-04,252.69000244140625,253.44000244140625,252.55999755859375,253.16000366210938,55953600,221.1199493408203
2017-10-05,253.5399932861328,254.67999267578125,253.1999969482422,254.66000366210938,63522800,222.4300994873047
2017-10-06,254.14999389648438,254.6999969482422,253.85000610351562,254.3699951171875,80646000,222.1768341064453
2017-10-09,254.6300048828125,254.6999969482422,253.64999389648438,253.9499969482422,35803100,221.80999755859375
2017-10-10,254.60000610351562,255.0500030517578,253.97999572753906,254.6199951171875,43057400,222.39515686035156
2017-10-11,254.50999450683594,255.02000427246094,254.32000732421875,255.02000427246094,47674300,222.7445831298828
2017-10-12,254.66000366210938,255.05999755859375,254.3699951171875,254.63999938964844,47065100,222.4126739501953
2017-10-13,255.13999938964844,255.27000427246094,254.63999938964844,254.9499969482422,54800400,222.6833953857422
2017-10-16,255.2100067138672,255.50999450683594,254.82000732421875,255.2899932861328,38221700,222.9804229736328
2017-10-17,255.22999572753906,255.52000427246094,254.97999572753906,255.47000122070312,31561000,223.1376190185547
2017-10-18,255.89999389648438,255.9499969482422,255.5,255.72000122070312,40888300,223.35598754882812
2017-10-19,254.8300018310547,255.8300018310547,254.35000610351562,255.7899932861328,61903800,223.4170379638672
2017-10-20,256.70001220703125,257.1400146484375,255.77000427246094,257.1099853515625,89176400,224.57005310058594
2017-10-23,257.4800109863281,257.510009765625,256.0199890136719,256.1099853515625,63915300,223.69662475585938
2017-10-24,256.6000061035156,256.8299865722656,256.1499938964844,256.55999755859375,66935900,224.0896453857422
2017-10-25,256.17999267578125,256.30999755859375,254,255.2899932861328,103715300,222.9804229736328
2017-10-26,255.99000549316406,256.29998779296875,255.47999572753906,255.6199951171875,69798000,223.26864624023438
2017-10-27,256.4700012207031,257.8900146484375,255.6300048828125,257.7099914550781,85562500,225.09408569335938
2017-10-30,256.4700012207031,257.6000061035156,256.4100036621094,256.75,54285700,224.25563049316406
2017-10-31,257.17999267578125,257.44000244140625,256.80999755859375,257.1499938964844,60304800,224.60494995117188
2017-11-01,258.0400085449219,258.42999267578125,257.07000732421875,257.489990234375,54202700,224.9019775390625
2017-11-02,257.4100036621094,257.75,256.19000244140625,257.5899963378906,56449500,224.98936462402344
2017-11-03,257.7699890136719,258.5,257.29998779296875,258.45001220703125,59589700,225.74046325683594
2017-11-06,258.29998779296875,259,258.2200012207031,258.8500061035156,49652600,226.08985900878906
2017-11-07,258.9700012207031,259.3500061035156,258.0899963378906,258.6700134277344,57502200,225.93260192871094
2017-11-08,258.4700012207031,259.2200012207031,258.1499938964844,259.1099853515625,50469600,226.31690979003906
2017-11-09,257.7300109863281,258.3900146484375,256.3599853515625,258.1700134277344,95085500,225.4958953857422
2017-11-10,257.7300109863281,258.2900085449219,257.3699951171875,258.0899963378906,59984700,225.42604064941406
2017-11-13,257.30999755859375,258.5899963378906,257.2699890136719,258.3299865722656,50228600,225.63565063476562
2017-11-14,257.4100036621094,257.8500061035156,256.5199890136719,257.7300109863281,61315200,225.11160278320312
2017-11-15,256.6199951171875,257.2200012207031,255.6300048828125,256.44000244140625,80811500,223.98489379882812
2017-11-16,257.5199890136719,259.0400085449219,257.4700012207031,258.6199951171875,67777000,225.88894653320312
2017-11-17,258.2200012207031,258.5899963378906,257.7699890136719,257.8599853515625,75756800,225.22511291503906
2017-11-20,258.1400146484375,258.5199890136719,257.8599853515625,258.29998779296875,48075500,225.60939025878906
2017-11-21,259.17999267578125,260.20001220703125,258.260009765625,259.989990234375,69176800,227.0855255126953
2017-11-22,260,260.1499938964844,259.57000732421875,259.760009765625,45033400,226.8846893310547
2017-11-24,260.32000732421875,260.4800109863281,260.1600036621094,260.3599853515625,27856500,227.4087371826172
2017-11-27,260.4100036621094,260.75,260,260.2300109863281,52274900,227.29522705078125
2017-11-28,260.760009765625,262.8999938964844,260.6499938964844,262.8699951171875,98971700,229.60108947753906
2017-11-29,263.0199890136719,263.6300048828125,262.20001220703125,262.7099914550781,77512100,229.46128845214844
2017-11-30,263.760009765625,266.04998779296875,263.6700134277344,265.010009765625,127894400,231.4702606201172
2017-12-01,264.760009765625,265.30999755859375,260.760009765625,264.4599914550781,164390900,230.98985290527344
2017-12-04,266.30999755859375,266.79998779296875,264.0799865722656,264.1400146484375,94040600,230.7103271484375
2017-12-05,263.19000244140625,265.1499938964844,263.0400085449219,263.19000244140625,77994500,229.88052368164062
2017-12-06,263.29998779296875,263.7300109863281,262.7099914550781,263.239990234375,75898600,229.92422485351562
2017-12-07,264.07000732421875,264.42999267578125,262.94000244140625,264.07000732421875,77218600,230.649169921875
2017-12-08,265.1600036621094,265.5199890136719,264.0299987792969,265.510009765625,76563900,231.9069366455078
2017-12-11,266.30999755859375,266.3800048828125,265.4800109863281,266.30999755859375,83077500,232.60565185546875
2017-12-12,267.2099914550781,267.32000732421875,266.3500061035156,266.7799987792969,85195800,233.01622009277344
2017-12-13,267.05999755859375,267.55999755859375,266.6499938964844,266.75,102905400,232.9900360107422
2017-12-14,267.0899963378906,267.2200012207031,265.6000061035156,265.6600036621094,100666700,232.03799438476562
2017-12-15,265.45001220703125,267.0400085449219,265.3900146484375,266.510009765625,144610300,233.9702911376953
2017-12-18,268.1000061035156,268.6000061035156,267.9800109863281,268.20001220703125,83653600,235.4539031982422
2017-12-19,268.4800109863281,268.5299987792969,267.0899963378906,267.1700134277344,82382900,234.5496368408203
2017-12-20,268.2699890136719,268.3299865722656,266.69000244140625,267.0299987792969,76751500,234.4267578125
2017-12-21,267.739990234375,268.3900146484375,267.29998779296875,267.5799865722656,67032300,234.90957641601562
2017-12-22,267.6000061035156,267.6400146484375,266.8999938964844,267.510009765625,78720900,234.84817504882812
2017-12-26,267.04998779296875,267.44000244140625,266.8900146484375,267.19000244140625,45244400,234.56724548339844
2017-12-27,267.3800048828125,267.7300109863281,267.010009765625,267.32000732421875,57751000,234.68138122558594
2017-12-28,267.8900146484375,267.9200134277344,267.45001220703125,267.8699951171875,45116100,235.16419982910156
2017-12-29,268.5299987792969,268.54998779296875,266.6400146484375,266.8599853515625,96007400,234.2774658203125
2018-01-02,267.8399963378906,268.80999755859375,267.3999938964844,268.7699890136719,86655700,235.95433044433594
2018-01-03,268.9599914550781,270.6400146484375,268.9599914550781,270.4700012207031,90070400,237.4467010498047
2018-01-04,271.20001220703125,272.1600036621094,270.5400085449219,271.6099853515625,80636400,238.44749450683594
2018-01-05,272.510009765625,273.55999755859375,271.95001220703125,273.4200134277344,83524000,240.03652954101562
2018-01-08,273.30999755859375,274.1000061035156,272.9800109863281,273.9200134277344,57319200,240.47557067871094
2018-01-09,274.3999938964844,275.25,274.0799865722656,274.5400085449219,57254000,241.01980590820312
2018-01-10,273.67999267578125,274.4200134277344,272.9200134277344,274.1199951171875,69574300,240.65109252929688
2018-01-11,274.75,276.1199951171875,274.55999755859375,276.1199951171875,62361500,242.40696716308594
2018-01-12,276.4200134277344,278.1099853515625,276.0799865722656,277.9200134277344,90816100,243.98707580566406
2018-01-16,279.3500061035156,280.0899963378906,276.17999267578125,276.9700012207031,106555100,243.1531219482422
2018-01-17,278.0299987792969,280.04998779296875,276.9700012207031,279.6099853515625,113258800,245.47079467773438
2018-01-18,279.4800109863281,279.9599914550781,278.5799865722656,279.1400146484375,100728000,245.05816650390625
2018-01-19,279.79998779296875,280.4100036621094,279.1400146484375,280.4100036621094,140920100,246.17312622070312
2018-01-22,280.1700134277344,282.69000244140625,280.1099853515625,282.69000244140625,91322400,248.1746826171875
2018-01-23,282.739990234375,283.6199951171875,282.3699951171875,283.2900085449219,97084700,248.70144653320312
2018-01-24,284.0199890136719,284.70001220703125,281.8399963378906,283.17999267578125,134816100,248.60494995117188
2018-01-25,284.1600036621094,284.2699890136719,282.3999938964844,283.29998779296875,84587300,248.7102813720703
2018-01-26,284.25,286.6300048828125,283.9599914550781,286.5799865722656,107743100,251.58981323242188
2018-01-29,285.92999267578125,286.42999267578125,284.5,284.67999267578125,90118300,249.92172241210938
2018-01-30,282.6000061035156,284.739990234375,281.2200012207031,281.760009765625,131796400,247.35829162597656
2018-01-31,282.7300109863281,283.29998779296875,280.67999267578125,281.8999938964844,108364800,247.4812774658203
2018-02-01,281.07000732421875,283.05999755859375,280.67999267578125,281.5799865722656,90102500,247.20028686523438
2018-02-02,280.0799865722656,280.2300109863281,275.4100036621094,275.45001220703125,173174800,241.8187713623047
2018-02-05,273.45001220703125,275.8500061035156,263.30999755859375,263.92999267578125,294681800,231.7052459716797
2018-02-06,259.94000244140625,269.70001220703125,258.70001220703125,269.1300048828125,355026800,236.27027893066406
2018-02-07,268.5,272.3599853515625,267.5799865722656,267.6700134277344,167376100,234.9886474609375
2018-02-08,268.010009765625,268.1700134277344,257.5899963378906,257.6300048828125,246449500,226.17440795898438
2018-02-09,260.79998779296875,263.6099853515625,252.9199981689453,261.5,283565300,229.5719451904297
2018-02-12,263.8299865722656,267.010009765625,261.6600036621094,265.3399963378906,143736000,232.94309997558594
2018-02-13,263.9700012207031,266.6199951171875,263.30999755859375,266,81223600,233.52239990234375
2018-02-14,264.30999755859375,270,264.29998779296875,269.5899963378906,120735700,236.67417907714844
2018-02-15,271.57000732421875,273.0400085449219,268.7699890136719,273.0299987792969,111200300,239.69415283203125
2018-02-16,272.32000732421875,275.32000732421875,272.2699890136719,273.1099853515625,160420100,239.76437377929688
2018-02-20,272.0299987792969,273.6700134277344,270.5,271.3999938964844,86369700,238.26319885253906
2018-02-21,271.8999938964844,274.7200012207031,269.94000244140625,270.04998779296875,98883700,237.07798767089844
2018-02-22,271.1000061035156,273.04998779296875,269.6400146484375,270.3999938964844,110511300,237.38531494140625
2018-02-23,271.7900085449219,274.7099914550781,271.25,274.7099914550781,92766400,241.16905212402344
2018-02-26,275.92999267578125,278.010009765625,275.260009765625,277.8999938964844,86491400,243.96957397460938
2018-02-27,278.1099853515625,278.9200134277344,274.3599853515625,274.42999267578125,99099200,240.92312622070312
2018-02-28,275.67999267578125,276.19000244140625,271.2900085449219,271.6499938964844,121907800,238.48269653320312
2018-03-01,271.4100036621094,273.1700134277344,266,267.70001220703125,176855100,235.01502990722656
2018-03-02,265.79998779296875,269.7200012207031,264.82000732421875,269.0799865722656,139083200,236.22645568847656
2018-03-05,267.7300109863281,272.8900146484375,267.6099853515625,272.19000244140625,97307400,238.9567413330078
2018-03-06,273.29998779296875,273.3900146484375,271.17999267578125,272.8800048828125,79213200,239.56248474121094
2018-03-07,270.4200134277344,273.17999267578125,270.20001220703125,272.7799987792969,87063500,239.47467041015625
2018-03-08,273.54998779296875,274.239990234375,272.4200134277344,274.1000061035156,66901200,240.6334686279297
2018-03-09,275.70001220703125,278.8699951171875,275.3399963378906,278.8699951171875,113625300,244.82106018066406
2018-03-12,279.20001220703125,279.9100036621094,278.0799865722656,278.5199890136719,71924800,244.51388549804688
2018-03-13,279.8399963378906,280.4100036621094,276.0299987792969,276.7200012207031,91968900,242.93362426757812
2018-03-14,277.80999755859375,278.0199890136719,274.6700134277344,275.29998779296875,105895100,241.68701171875
2018-03-15,275.8800048828125,276.6099853515625,274.42999267578125,275,83433000,241.42364501953125
2018-03-16,274.5,275.3900146484375,274.1400146484375,274.20001220703125,100343700,241.6853485107422
2018-03-19,273.3500061035156,274.3999938964844,268.6199951171875,270.489990234375,109208400,238.4153594970703
2018-03-20,270.94000244140625,271.6700134277344,270.17999267578125,270.95001220703125,59757300,238.82081604003906
2018-03-21,270.8999938964844,273.2699890136719,270.19000244140625,270.42999267578125,78709600,238.36245727539062
2018-03-22,267.9100036621094,268.8699951171875,263.3599853515625,263.6700134277344,148785900,232.40408325195312
2018-03-23,264.1700134277344,264.5400085449219,257.8299865722656,258.04998779296875,183534800,227.45050048828125
2018-03-26,262.1300048828125,265.42999267578125,259.4100036621094,265.1099853515625,141956100,233.67332458496094
2018-03-27,266.1700134277344,266.7699890136719,258.8399963378906,260.6000061035156,129941400,229.69813537597656
2018-03-28,260.75,262.6400146484375,258.5799865722656,259.8299865722656,146452300,229.0194091796875
2018-03-29,261.1199951171875,265.260009765625,259.8399963378906,263.1499938964844,111601600,231.94569396972656
2018-04-02,262.54998779296875,263.1300048828125,254.6699981689453,257.4700012207031,186286300,226.93927001953125
2018-04-03,258.8699951171875,261.30999755859375,256.8399963378906,260.7699890136719,119956900,229.8479766845703
2018-04-04,256.75,264.3599853515625,256.6000061035156,263.55999755859375,123715300,232.3070526123047
2018-04-05,265.54998779296875,266.6400146484375,264.32000732421875,265.6400146484375,82652600,234.1405029296875
2018-04-06,263.4200134277344,265.1099853515625,258,259.7200012207031,179521200,228.92247009277344
2018-04-09,261.3699951171875,264.8399963378906,259.94000244140625,261,105442900,230.05067443847656
2018-04-10,264.2699890136719,266.0400085449219,262.9800109863281,265.1499938964844,103529000,233.70858764648438
2018-04-11,263.4700012207031,265.6400146484375,263.3900146484375,263.760009765625,91140200,232.48336791992188
2018-04-12,265.260009765625,267,265.05999755859375,265.92999267578125,68890500,234.39605712890625
2018-04-13,267.4100036621094,267.5400085449219,264.010009765625,265.1499938964844,85079200,233.70858764648438
2018-04-16,267,268.20001220703125,266.07000732421875,267.3299865722656,63405300,235.6300811767578
2018-04-17,269.3299865722656,270.8699951171875,268.75,270.19000244140625,64682000,238.15098571777344
2018-04-18,270.69000244140625,271.29998779296875,269.8699951171875,270.3900146484375,57303900,238.32725524902344
2018-04-19,269.6499938964844,269.8800048828125,267.7200012207031,268.8900146484375,77655900,237.0050506591797
2018-04-20,268.80999755859375,269.05999755859375,265.6099853515625,266.6099853515625,99953100,234.99545288085938
2018-04-23,267.260009765625,267.8900146484375,265.3500061035156,266.57000732421875,65558000,234.96018981933594
2018-04-24,267.7300109863281,267.9800109863281,261.2799987792969,262.9800109863281,112885500,231.79592895507812
2018-04-25,262.9100036621094,264.1300048828125,260.8500061035156,263.6300048828125,103840900,232.3688201904297
2018-04-26,264.7900085449219,267.25,264.2900085449219,266.30999755859375,67731900,234.7310333251953
2018-04-27,267,267.3399963378906,265.5,266.55999755859375,57053600,234.95138549804688
2018-04-30,267.260009765625,267.8900146484375,264.42999267578125,264.510009765625,82182300,233.14450073242188
2018-05-01,263.8699951171875,265.1000061035156,262.1099853515625,264.9800109863281,74203400,233.55877685546875
2018-05-02,264.760009765625,265.67999267578125,262.760009765625,263.20001220703125,86368900,231.9897918701172
2018-05-03,262.260009765625,263.3599853515625,259.04998779296875,262.6199951171875,136311500,231.4785614013672
2018-05-04,261.5199890136719,266.7900085449219,261.1499938964844,266.0199890136719,91222100,234.4754180908203
2018-05-07,266.8900146484375,268.0199890136719,266.1099853515625,266.9200134277344,55304900,235.26873779296875
2018-05-08,266.5,267.3299865722656,265.1499938964844,266.9200134277344,67499200,235.26873779296875
2018-05-09,267.67999267578125,269.8699951171875,267.0899963378906,269.5,59666100,237.54270935058594
2018-05-10,270.3399963378906,272.3900146484375,270.2200012207031,272.0199890136719,72063900,239.76393127441406
2018-05-11,272.1600036621094,273.1499938964844,271.5799865722656,272.8500061035156,59871500,240.49557495117188
2018-05-14,273.3399963378906,274.0799865722656,272.3599853515625,272.9800109863281,54790600,240.61009216308594
2018-05-15,271.5899963378906,271.6099853515625,270.0299987792969,271.1000061035156,87036100,238.95303344726562
2018-05-16,271.1400146484375,272.760009765625,271.1099853515625,272.239990234375,53942600,239.95779418945312
2018-05-17,271.94000244140625,273.2300109863281,271.1300048828125,272.010009765625,56536400,239.75509643554688
2018-05-18,271.6199951171875,272.0299987792969,270.92999267578125,271.3299865722656,64368000,239.15577697753906
2018-05-21,273.010009765625,273.9800109863281,272.57000732421875,273.3699951171875,58025900,240.953857421875
2018-05-22,273.9599914550781,274.25,272.239990234375,272.6099853515625,52966400,240.28392028808594
2018-05-23,271.1700134277344,273.3900146484375,270.989990234375,273.3599853515625,64694200,240.94497680664062
2018-05-24,272.9100036621094,273.2200012207031,270.7799987792969,272.79998779296875,76043800,240.45143127441406
2018-05-25,272.1499938964844,272.8599853515625,271.5799865722656,272.1499938964844,56374800,239.8784942626953
2018-05-29,270.30999755859375,271.1700134277344,267.760009765625,269.0199890136719,115908600,237.11956787109375
2018-05-30,270.5,273.1099853515625,270.4200134277344,272.6099853515625,69678400,240.28392028808594
2018-05-31,272.1499938964844,272.489990234375,270.260009765625,270.94000244140625,93519900,238.8119659423828
2018-06-01,272.4100036621094,273.94000244140625,272.3299865722656,273.6000061035156,71258400,241.15663146972656
2018-06-04,274.5299987792969,275.19000244140625,274.260009765625,274.8999938964844,45385200,242.30242919921875
2018-06-05,275.04998779296875,275.5299987792969,274.17999267578125,275.1000061035156,51135000,242.4786834716797
2018-06-06,275.7900085449219,277.5199890136719,275.0899963378906,277.3999938964844,62732200,244.50596618652344
2018-06-07,277.95001220703125,278.2799987792969,276.3399963378906,277.3699951171875,72969400,244.4794921875
2018-06-08,276.8500061035156,278.25,276.6600036621094,278.19000244140625,72139700,245.2022705078125
2018-06-11,278.44000244140625,279.3699951171875,278.30999755859375,278.55999755859375,58892500,245.52835083007812
2018-06-12,279.0299987792969,279.3299865722656,278.19000244140625,278.9200134277344,72329000,245.84567260742188
2018-06-13,279.19000244140625,279.4800109863281,277.79998779296875,278.0299987792969,79070600,245.06126403808594
2018-06-14,279.010009765625,279.3299865722656,278.05999755859375,278.7300109863281,77097600,245.67823791503906
2018-06-15,276.6000061035156,277.510009765625,275.3500061035156,277.1300048828125,120041600,245.36480712890625
2018-06-18,275.489990234375,276.70001220703125,274.95001220703125,276.55999755859375,52917600,244.86016845703125
2018-06-19,274,275.75,273.5299987792969,275.5,97531500,243.9217071533203
2018-06-20,276.2699890136719,276.7200012207031,275.5899963378906,275.9700012207031,53785500,244.33786010742188
2018-06-21,275.9599914550781,275.9800109863281,273.67999267578125,274.239990234375,71061400,242.8061065673828
2018-06-22,275.6600036621094,275.7900085449219,274.489990234375,274.739990234375,54898500,243.24879455566406
2018-06-25,273.44000244140625,273.6199951171875,269.1000061035156,271,137854200,239.9375
2018-06-26,271.6400146484375,272.55999755859375,270.7900085449219,271.6000061035156,68547400,240.46876525878906
2018-06-27,272.260009765625,273.8699951171875,269.17999267578125,269.3500061035156,105110700,238.47662353515625
2018-06-28,269.2900085449219,271.75,268.489990234375,270.8900146484375,76650500,239.84005737304688
2018-06-29,272.1199951171875,273.6600036621094,271.1499938964844,271.2799987792969,97592500,240.1854248046875
2018-07-02,269.510009765625,272.0400085449219,269.239990234375,271.8599853515625,63554800,240.6988983154297
2018-07-03,272.8699951171875,272.9800109863281,270.4200134277344,270.8999938964844,42187100,239.848876953125
2018-07-05,272.1700134277344,273.17999267578125,270.9599914550781,273.1099853515625,56925900,241.80557250976562
2018-07-06,273.1400146484375,275.8399963378906,272.7099914550781,275.4200134277344,66493700,243.85089111328125
2018-07-09,276.54998779296875,277.9599914550781,276.5,277.8999938964844,50550400,246.04653930664062
2018-07-10,278.4100036621094,279.010009765625,278.0799865722656,278.8999938964844,51966800,246.9320526123047
2018-07-11,277.1499938964844,278.0400085449219,276.5199890136719,276.8599853515625,77054700,245.12582397460938
2018-07-12,278.2799987792969,279.42999267578125,277.6000061035156,279.3699951171875,60124700,247.34808349609375
2018-07-13,279.1700134277344,279.92999267578125,278.6600036621094,279.5899963378906,48216000,247.54290771484375
2018-07-16,279.6400146484375,279.79998779296875,278.8399963378906,279.3399963378906,48201000,247.32154846191406
2018-07-17,278.4700012207031,280.9100036621094,278.4100036621094,280.4700012207031,52315500,248.32205200195312
2018-07-18,280.55999755859375,281.17999267578125,280.05999755859375,281.05999755859375,44593500,248.844482421875
2018-07-19,280.30999755859375,280.739990234375,279.4599914550781,280,61412100,247.90586853027344
2018-07-20,279.7699890136719,280.4800109863281,279.5,279.67999267578125,82337700,247.62254333496094
2018-07-23,279.45001220703125,280.42999267578125,279.05999755859375,280.20001220703125,47047600,248.08299255371094
2018-07-24,281.7900085449219,282.55999755859375,280.6300048828125,281.6099853515625,68026900,249.33128356933594
2018-07-25,281.3299865722656,284.3699951171875,281.2799987792969,284.010009765625,78882900,251.4562530517578
2018-07-26,283.20001220703125,284.1099853515625,283.0899963378906,283.3399963378906,57919500,250.86305236816406
2018-07-27,283.7099914550781,283.82000732421875,280.3800048828125,281.4200134277344,76768700,249.16310119628906
2018-07-30,281.510009765625,281.69000244140625,279.3599853515625,279.95001220703125,63742500,247.86163330078125
2018-07-31,280.80999755859375,282.0199890136719,280.3800048828125,281.3299865722656,68570500,249.08346557617188
2018-08-01,281.55999755859375,282.1300048828125,280.1300048828125,280.8599853515625,53853300,248.6672821044922
2018-08-02,279.3900146484375,282.5799865722656,279.1600036621094,282.3900146484375,63426400,250.02198791503906
2018-08-03,282.5299987792969,283.6600036621094,282.3299865722656,283.6000061035156,53935400,251.09323120117188
2018-08-06,283.6400146484375,284.989990234375,283.20001220703125,284.6400146484375,39400900,252.0139923095703
2018-08-07,285.3900146484375,286.010009765625,285.239990234375,285.5799865722656,43196600,252.8463134765625
2018-08-08,285.3900146484375,285.9100036621094,284.94000244140625,285.4599914550781,42114600,252.7401123046875
2018-08-09,285.5299987792969,285.9700012207031,284.9200134277344,285.07000732421875,35717000,252.39474487304688
2018-08-10,283.45001220703125,284.05999755859375,282.3599853515625,283.1600036621094,77076000,250.70370483398438
2018-08-13,283.4700012207031,284.1600036621094,281.7699890136719,282.1000061035156,65732900,249.7652130126953
2018-08-14,282.9200134277344,284.1700134277344,282.4800109863281,283.8999938964844,43842000,251.35885620117188
2018-08-15,282.3800048828125,282.5400085449219,280.1600036621094,281.7799987792969,102925400,249.48184204101562
2018-08-16,283.3999938964844,285.0400085449219,283.3599853515625,284.05999755859375,69967900,251.5004425048828
2018-08-17,283.8299865722656,285.55999755859375,283.3699951171875,285.05999755859375,65618500,252.38583374023438
2018-08-20,285.57000732421875,285.9700012207031,285.05999755859375,285.6700134277344,39807500,252.92599487304688
2018-08-21,286.25,287.30999755859375,285.7099914550781,286.3399963378906,67272000,253.51913452148438
2018-08-22,285.8800048828125,286.760009765625,285.5799865722656,286.1700134277344,44993300,253.36868286132812
2018-08-23,285.9700012207031,286.94000244140625,285.42999267578125,285.7900085449219,49204900,253.03219604492188
2018-08-24,286.44000244140625,287.6700134277344,286.3800048828125,287.510009765625,57487400,254.55502319335938
2018-08-27,288.8599853515625,289.8999938964844,288.67999267578125,289.7799987792969,57072400,256.56494140625
2018-08-28,290.29998779296875,290.4200134277344,289.3999938964844,289.9200134277344,46943500,256.6888122558594
2018-08-29,290.1600036621094,291.739990234375,289.8900146484375,291.4800109863281,61485500,258.07000732421875
2018-08-30,290.94000244140625,291.3599853515625,289.6300048828125,290.29998779296875,61229500,257.0252685546875
2018-08-31,289.8399963378906,290.80999755859375,289.2900085449219,290.30999755859375,66140800,257.0341491699219
2018-09-04,289.8399963378906,290.2099914550781,288.67999267578125,289.80999755859375,57594400,256.59136962890625
2018-09-05,289.4100036621094,289.6400146484375,287.8900146484375,289.0299987792969,72452400,255.90084838867188
2018-09-06,289.1499938964844,289.489990234375,287,288.1600036621094,65909900,255.1305694580078
2018-09-07,286.9800109863281,288.70001220703125,286.7099914550781,287.6000061035156,73524800,254.63485717773438
2018-09-10,288.739990234375,289.0400085449219,287.8800048828125,288.1000061035156,50210900,255.07742309570312
2018-09-11,287.3699951171875,289.54998779296875,286.9800109863281,289.04998779296875,50530500,255.9185791015625
2018-09-12,289.05999755859375,289.79998779296875,288.2300109863281,289.1199951171875,59810800,255.98057556152344
2018-09-13,290.32000732421875,291.0400085449219,290,290.8299865722656,51034200,257.4945068359375
2018-09-14,291.05999755859375,291.2699890136719,290,290.8800048828125,55079900,257.5387878417969
2018-09-17,290.82000732421875,290.8599853515625,289.0299987792969,289.3399963378906,68244000,256.17529296875
2018-09-18,289.5799865722656,291.5799865722656,289.54998779296875,290.9100036621094,61930400,257.5653991699219
2018-09-19,290.9700012207031,291.69000244140625,290.8299865722656,291.2200012207031,49080600,257.83978271484375
2018-09-20,292.6400146484375,293.94000244140625,291.239990234375,293.5799865722656,100360600,259.9293518066406
2018-09-21,293.0899963378906,293.2200012207031,291.80999755859375,291.989990234375,105479700,259.6918029785156
2018-09-24,291.3399963378906,291.5,290.3699951171875,291.0199890136719,53409600,258.82916259765625
2018-09-25,291.5299987792969,291.6499938964844,290.4800109863281,290.75,44370000,258.58892822265625
2018-09-26,290.9100036621094,292.239990234375,289.4100036621094,289.8800048828125,79739700,257.81524658203125
2018-09-27,290.4100036621094,291.9100036621094,290.1000061035156,290.69000244140625,59249500,258.53564453125
2018-09-28,289.989990234375,291.2799987792969,289.95001220703125,290.7200012207031,70091400,258.5623474121094
2018-10-01,292.1099853515625,292.92999267578125,290.9800109863281,291.7300109863281,62078900,259.4606628417969
2018-10-02,291.55999755859375,292.3599853515625,291.1400146484375,291.55999755859375,47258200,259.3094482421875
2018-10-03,292.739990234375,293.2099914550781,291.32000732421875,291.7200012207031,64694600,259.4516906738281
2018-10-04,291.17999267578125,291.239990234375,287.6600036621094,289.44000244140625,111545900,257.423828125
2018-10-05,289.69000244140625,290.2699890136719,286.2200012207031,287.82000732421875,105951700,255.98309326171875
2018-10-08,287.04998779296875,288.2200012207031,285.5,287.82000732421875,87742200,255.98309326171875
2018-10-09,287.3900146484375,288.8599853515625,286.7699890136719,287.3999938964844,74339000,255.60952758789062
2018-10-10,286.8299865722656,286.9100036621094,277.8800048828125,278.29998779296875,214731000,247.51611328125
2018-10-11,277.0799865722656,278.8999938964844,270.3599853515625,272.1700134277344,274840500,242.06422424316406
2018-10-12,276.7699890136719,277.0899963378906,272.3699951171875,275.95001220703125,183186500,245.4260711669922
2018-10-15,275.54998779296875,277.0400085449219,274.29998779296875,274.3999938964844,102263700,244.04742431640625
2018-10-16,276.6000061035156,280.82000732421875,276.07000732421875,280.3999938964844,118255800,249.38377380371094
2018-10-17,280.44000244140625,281.1499938964844,277.55999755859375,280.45001220703125,110626000,249.4283447265625
2018-10-18,279.3999938964844,280.07000732421875,274.9700012207031,276.3999938964844,134557500,245.82626342773438
2018-10-19,277.1300048828125,279.29998779296875,275.4700012207031,276.25,139901600,245.69290161132812
2018-10-22,277,277.3599853515625,274.4100036621094,275.010009765625,82415800,244.59007263183594
2018-10-23,270.95001220703125,274.8699951171875,268.6099853515625,273.6099853515625,146352700,243.3448944091797
2018-10-24,273.3299865722656,273.760009765625,264.70001220703125,265.32000732421875,177806700,235.971923828125
2018-10-25,267.3800048828125,271.80999755859375,266.2300109863281,270.0799865722656,138061500,240.20530700683594
2018-10-26,265.9200134277344,271,262.2900085449219,265.3299865722656,201574600,235.98080444335938
2018-10-29,268.79998779296875,270.25,259.8500061035156,263.8599853515625,160749100,234.67344665527344
2018-10-30,263.6700134277344,268.1199951171875,263.1199951171875,267.7699890136719,157116000,238.15087890625
2018-10-31,270.6499938964844,273.2300109863281,270.1199951171875,270.6300048828125,128296300,240.6945343017578
2018-11-01,271.6000061035156,273.7300109863281,270.3800048828125,273.510009765625,99495000,243.25595092773438
2018-11-02,274.75,275.2300109863281,269.5899963378906,271.8900146484375,122634100,241.81521606445312
2018-11-05,272.44000244140625,274.010009765625,271.3500061035156,273.3900146484375,65622500,243.14927673339844
2018-11-06,273.32000732421875,275.29998779296875,273.25,275.1199951171875,60085900,244.6878662109375
2018-11-07,277.55999755859375,281.1000061035156,277.0799865722656,281.010009765625,102752100,249.92628479003906
2018-11-08,280.1099853515625,281.2200012207031,279.2200012207031,280.5,65584900,249.4727783203125
2018-11-09,279.0299987792969,279.239990234375,276.17999267578125,277.760009765625,98812600,247.0358428955078
2018-11-12,277.19000244140625,277.4599914550781,271.989990234375,272.57000732421875,99673600,242.4199676513672
2018-11-13,273.0899963378906,275.3299865722656,271.25,272.05999755859375,98176600,241.96640014648438
2018-11-14,274.1600036621094,274.6099853515625,268.45001220703125,270.20001220703125,125335900,240.3120574951172
2018-11-15,268.7799987792969,273.5400085449219,267.010009765625,273.0199890136719,135101400,242.8201446533203
2018-11-16,271.7900085449219,274.75,271.2099914550781,273.7300109863281,126668000,243.4516143798828
2018-11-19,273.04998779296875,273.3800048828125,268.07000732421875,269.1000061035156,103061700,239.3337860107422
2018-11-20,265.3599853515625,267,263.1499938964844,264.1199951171875,136021300,234.9046630859375
2018-11-21,265.8599853515625,267.1499938964844,265.010009765625,265.0199890136719,75563700,235.7051239013672
2018-11-23,263.17999267578125,264.82000732421875,263.07000732421875,263.25,42807900,234.13092041015625
2018-11-26,265.7799987792969,267.75,265.3399963378906,267.5,79981400,237.9107666015625
2018-11-27,266.3399963378906,268.3999938964844,265.6600036621094,268.3999938964844,75502400,238.7112579345703
2018-11-28,269.6000061035156,274.5799865722656,268.3299865722656,274.5799865722656,127629600,244.2076416015625
2018-11-29,273.7099914550781,275.54998779296875,272.42999267578125,273.9800109863281,82346400,243.67396545410156
2018-11-30,273.80999755859375,276.2799987792969,273.45001220703125,275.6499938964844,98204200,245.15931701660156
2018-12-03,280.2799987792969,280.3999938964844,277.510009765625,279.29998779296875,103176300,248.40554809570312
2018-12-04,278.3699951171875,278.8500061035156,269.8999938964844,270.25,177986000,240.35659790039062
2018-12-06,265.9200134277344,269.9700012207031,262.44000244140625,269.8399963378906,204185400,239.99195861816406
2018-12-07,269.4599914550781,271.2200012207031,262.6300048828125,263.57000732421875,161018900,234.41551208496094
2018-12-10,263.3699951171875,265.1600036621094,258.6199951171875,264.07000732421875,151445900,234.8601531982422
2018-12-11,267.6600036621094,267.8699951171875,262.4800109863281,264.1300048828125,121504400,234.91355895996094
2018-12-12,267.4700012207031,269,265.3699951171875,265.4599914550781,97976700,236.0963897705078
2018-12-13,266.5199890136719,267.489990234375,264.1199951171875,265.3699951171875,96662700,236.01637268066406
2018-12-14,262.9599914550781,264.0299987792969,259.8500061035156,260.4700012207031,116961100,231.65838623046875
2018-12-17,259.3999938964844,260.6499938964844,253.52999877929688,255.36000061035156,165492300,227.11363220214844
2018-12-18,257.20001220703125,257.95001220703125,253.27999877929688,255.0800018310547,134515100,226.86456298828125
2018-12-19,255.1699981689453,259.3999938964844,249.35000610351562,251.25999450683594,214992800,223.46714782714844
2018-12-20,249.86000061035156,251.6199951171875,244.64999389648438,247.1699981689453,252053400,219.8295440673828
2018-12-21,246.74000549316406,249.7100067138672,239.97999572753906,240.6999969482422,255345600,215.32534790039062
2018-12-24,239.0399932861328,240.83999633789062,234.27000427246094,234.33999633789062,147311600,209.63583374023438
2018-12-26,235.97000122070312,246.17999267578125,233.75999450683594,246.17999267578125,218485400,220.2275848388672
2018-12-27,242.57000732421875,248.2899932861328,238.9600067138672,248.07000732421875,186267300,221.9183807373047
2018-12-28,249.5800018310547,251.39999389648438,246.4499969482422,247.75,153100200,221.6321258544922
2018-12-31,249.55999755859375,250.19000244140625,247.47000122070312,249.9199981689453,144299400,223.5733642578125
2019-01-02,245.97999572753906,251.2100067138672,245.9499969482422,250.17999267578125,126925200,223.805908203125
2019-01-03,248.22999572753906,248.57000732421875,243.6699981689453,244.2100067138672,144140700,218.46534729003906
2019-01-04,247.58999633789062,253.11000061035156,247.1699981689453,252.38999938964844,142628800,225.78298950195312
2019-01-07,252.69000244140625,255.9499969482422,251.69000244140625,254.3800048828125,103139100,227.56321716308594
2019-01-08,256.82000732421875,257.30999755859375,254,256.7699890136719,102512600,229.70120239257812
2019-01-09,257.55999755859375,258.9100036621094,256.19000244140625,257.9700012207031,95006600,230.7747344970703
2019-01-10,256.260009765625,259.1600036621094,255.5,258.8800048828125,96823900,231.5888671875
2019-01-11,257.67999267578125,259.010009765625,257.0299987792969,258.9800109863281,73858100,231.67832946777344
2019-01-14,256.8599853515625,258.29998779296875,256.4100036621094,257.3999938964844,70908200,230.26483154296875
2019-01-15,257.82000732421875,260.70001220703125,257.80999755859375,260.3500061035156,85208300,232.90383911132812
2019-01-16,260.8299865722656,261.9700012207031,260.6000061035156,260.9800109863281,77636700,233.46743774414062
2019-01-17,260.010009765625,263.9200134277344,259.9599914550781,262.9599914550781,96118400,235.23866271972656
2019-01-18,264.9800109863281,266.9800109863281,263,266.4599914550781,127900300,238.3696746826172
2019-01-22,264.82000732421875,265.05999755859375,261.05999755859375,262.8599853515625,115531200,235.14915466308594
2019-01-23,264.010009765625,264.7900085449219,260.6600036621094,263.4100036621094,86030300,235.64125061035156
2019-01-24,263.2099914550781,264.20001220703125,262.0799865722656,263.54998779296875,59204100,235.76649475097656
2019-01-25,265.6099853515625,266.70001220703125,263.6600036621094,265.7799987792969,96883400,237.76136779785156
2019-01-28,263.3900146484375,263.8299865722656,261.7900085449219,263.760009765625,85613700,235.95431518554688
2019-01-29,263.9200134277344,264.54998779296875,262.4800109863281,263.4100036621094,66136300,235.64125061035156
2019-01-30,265.1000061035156,268.5199890136719,264.25,267.5799865722656,92473700,239.3716583251953
2019-01-31,267.510009765625,270.4700012207031,267.2699890136719,269.92999267578125,104012100,241.4738311767578
2019-02-01,270.1499938964844,271.20001220703125,269.17999267578125,270.05999755859375,85782500,241.59024047851562
2019-02-04,270.1099853515625,272.0299987792969,269.3599853515625,271.9599914550781,60744800,243.28988647460938
2019-02-05,272.44000244140625,273.44000244140625,271.8800048828125,273.1000061035156,79552800,244.30972290039062
2019-02-06,272.7900085449219,273.3399963378906,271.9200134277344,272.739990234375,58347800,243.98770141601562
2019-02-07,270.94000244140625,271.54998779296875,268.2900085449219,270.1400146484375,95482000,241.66177368164062
2019-02-08,268.75,270.5799865722656,267.8299865722656,270.4700012207031,75788900,241.95692443847656
2019-02-11,271.20001220703125,271.489990234375,270.0299987792969,270.6199951171875,68021400,242.09120178222656
2019-02-12,272.4200134277344,274.5199890136719,272.3399963378906,274.1000061035156,72270200,245.20428466796875
2019-02-13,275.0299987792969,275.92999267578125,274.55999755859375,274.989990234375,65277200,246.00042724609375
2019-02-14,273.7799987792969,275.6400146484375,272.8699951171875,274.3800048828125,83234400,245.45480346679688
2019-02-15,276.3599853515625,277.4100036621094,276.1300048828125,277.3699951171875,97088700,248.1295623779297
2019-02-19,276.4800109863281,278.5799865722656,276.4700012207031,277.8500061035156,59120800,248.5590057373047
2019-02-20,277.80999755859375,278.9200134277344,277.25,278.4100036621094,76610800,249.0600128173828
2019-02-21,277.70001220703125,278.1000061035156,276.3500061035156,277.4200134277344,64214700,248.17431640625
2019-02-22,278.1099853515625,279.3599853515625,277.3999938964844,279.1400146484375,78114600,249.71304321289062
2019-02-25,280.7300109863281,281.30999755859375,279.42999267578125,279.5199890136719,69030700,250.05300903320312
2019-02-26,279.1300048828125,280.29998779296875,278.8999938964844,279.32000732421875,56844100,249.8740692138672
2019-02-27,278.5199890136719,279.5899963378906,277.4800109863281,279.20001220703125,56921600,249.76675415039062
2019-02-28,278.9599914550781,279.45001220703125,278.32000732421875,278.67999267578125,69268300,249.30149841308594
2019-03-01,280.44000244140625,280.8800048828125,278.82000732421875,280.4200134277344,78880500,250.85806274414062
2019-03-04,281.6000061035156,281.8699951171875,276.8399963378906,279.3999938964844,106494600,249.945556640625
2019-03-05,279.5400085449219,279.760009765625,278.4100036621094,279.0199890136719,59114600,249.6056671142578
2019-03-06,279.1499938964844,279.1600036621094,276.9700012207031,277.3299865722656,75039800,248.0937957763672
2019-03-07,276.8299865722656,276.989990234375,274.07000732421875,275.010009765625,94885100,246.0183563232422
2019-03-08,272.94000244140625,274.6499938964844,272.4200134277344,274.4599914550781,85795800,245.52635192871094
2019-03-11,275.260009765625,278.6199951171875,275.2300109863281,278.44000244140625,65098900,249.08682250976562
2019-03-12,279.05999755859375,280.07000732421875,278.8500061035156,279.489990234375,79667500,250.026123046875
2019-03-13,280.4800109863281,282.3800048828125,280.29998779296875,281.3399963378906,80639200,251.68112182617188
2019-03-14,281.3699951171875,281.8399963378906,280.6700134277344,281.1600036621094,67518400,251.52005004882812
2019-03-15,280.5400085449219,282.2099914550781,280.3299865722656,281.30999755859375,81309000,252.7626495361328
2019-03-18,281.54998779296875,282.6600036621094,281.29998779296875,282.3299865722656,62199800,253.67918395996094
2019-03-19,283.510009765625,284.3599853515625,281.4100036621094,282.3999938964844,90268100,253.74212646484375
2019-03-20,282.1600036621094,283.5,280.32000732421875,281.54998779296875,84609200,252.97828674316406
2019-03-21,280.6400146484375,285.17999267578125,280.5899963378906,284.7300109863281,79550400,255.83563232421875
2019-03-22,283.2200012207031,283.79998779296875,279.17999267578125,279.25,122659300,250.91171264648438
2019-03-25,278.8699951171875,280.19000244140625,277.6400146484375,279.0400085449219,85575200,250.7230224609375
2019-03-26,280.989990234375,282.17999267578125,279.55999755859375,281.1199951171875,68125900,252.59190368652344
2019-03-27,281.1099853515625,281.760009765625,277.92999267578125,279.6499938964844,72224700,251.27114868164062
2019-03-28,280.3500061035156,281.2099914550781,279.07000732421875,280.7099914550781,56238500,252.2235565185547
2019-03-29,282.3900146484375,282.8399963378906,281.1400146484375,282.4800109863281,82186800,253.81399536132812
2019-04-01,284.70001220703125,286.1600036621094,284.3999938964844,285.8299865722656,77617900,256.8240051269531
2019-04-02,286.0400085449219,286.2300109863281,285.0899963378906,285.9700012207031,40070400,256.9497985839844
2019-04-03,287.32000732421875,287.760009765625,285.75,286.4200134277344,68243200,257.35418701171875
2019-04-04,286.7799987792969,287.4599914550781,286.010009765625,287.17999267578125,48997500,258.03704833984375
2019-04-05,287.9200134277344,288.6300048828125,287.6000061035156,288.57000732421875,58621700,259.2860107421875
2019-04-08,288.1000061035156,288.9100036621094,287.3699951171875,288.7900085449219,53566300,259.483642578125
2019-04-09,287.7200012207031,288.0799865722656,286.70001220703125,287.30999755859375,66142300,258.15380859375
2019-04-10,287.7699890136719,288.3900146484375,287.30999755859375,288.2900085449219,52601500,259.0343933105469
2019-04-11,288.8299865722656,288.8399963378906,287.5799865722656,288.2099914550781,55093100,258.9624938964844
2019-04-12,290,290.4700012207031,288.260009765625,290.1600036621094,69727800,260.714599609375
2019-04-15,290.239990234375,290.3500061035156,289.0799865722656,289.9700012207031,49596700,260.54388427734375
2019-04-16,290.95001220703125,291.010009765625,289.5,290.1600036621094,52153200,260.714599609375
2019-04-17,291.3999938964844,291.42999267578125,288.989990234375,289.45001220703125,58268300,260.07666015625
2019-04-18,290.1000061035156,290.32000732421875,288.6600036621094,290.0199890136719,68708500,260.58880615234375
2019-04-22,289.1700134277344,290.44000244140625,289.07000732421875,290.2699890136719,40160100,260.81341552734375
2019-04-23,290.67999267578125,293.1400146484375,290.4200134277344,292.8800048828125,52246600,263.1585693359375
2019-04-24,292.7900085449219,293.1600036621094,292.07000732421875,292.2300109863281,50392900,262.574462890625
2019-04-25,292.1199951171875,292.7799987792969,290.7300109863281,292.04998779296875,57770900,262.412841796875
2019-04-26,292.1000061035156,293.489990234375,291.239990234375,293.4100036621094,50916400,263.63482666015625
2019-04-29,293.510009765625,294.45001220703125,293.4100036621094,293.8699951171875,57197700,264.0480651855469
2019-04-30,293.489990234375,294.3399963378906,291.9200134277344,294.0199890136719,81111700,264.1828308105469
2019-05-01,294.7200012207031,294.95001220703125,291.79998779296875,291.80999755859375,71671900,262.1971740722656
2019-05-02,291.67999267578125,292.70001220703125,289.5199890136719,291.17999267578125,65030200,261.6310729980469
2019-05-03,292.82000732421875,294.3399963378906,291.29998779296875,294.0299987792969,56543700,264.19195556640625
2019-05-06,289.25,293.30999755859375,288.8999938964844,292.82000732421875,107198100,263.1047058105469
2019-05-07,290.1499938964844,290.80999755859375,285.80999755859375,287.92999267578125,144729900,258.7107849121094
2019-05-08,287.5299987792969,289.42999267578125,286.8699951171875,287.5299987792969,91568300,258.35137939453125
2019-05-09,285.2300109863281,287.3299865722656,283.29998779296875,286.6600036621094,103471100,257.5697021484375
2019-05-10,285.6199951171875,288.94000244140625,282.29998779296875,288.1000061035156,112429300,258.86358642578125
2019-05-13,282.4200134277344,283.489990234375,279.92999267578125,280.8599853515625,127290500,252.35838317871094
2019-05-14,281.989990234375,285.1000061035156,281.8500061035156,283.3999938964844,77003200,254.6405792236328
2019-05-15,281.5899963378906,285.7699890136719,281.3599853515625,285.05999755859375,73956400,256.1321105957031
2019-05-16,285.8399963378906,289.2099914550781,285.760009765625,287.70001220703125,76749600,258.5042419433594
2019-05-17,285.1400146484375,288.6000061035156,285.1199951171875,285.8399963378906,100353000,256.8330078125
2019-05-20,284.05999755859375,285.9599914550781,283.1199951171875,283.95001220703125,62877600,255.13485717773438
2019-05-21,285.8299865722656,286.92999267578125,285.54998779296875,286.510009765625,46847100,257.4350280761719
2019-05-22,285.45001220703125,286.69000244140625,285.1000061035156,285.6300048828125,49482500,256.6443786621094
2019-05-23,283.1600036621094,283.2099914550781,280.57000732421875,282.1400146484375,98733800,253.5084991455078
2019-05-24,283.739990234375,284.20001220703125,282.0899963378906,282.7799987792969,55268100,254.08363342285156
2019-05-28,283.0899963378906,284.1499938964844,280.1300048828125,280.1499938964844,70029400,251.72044372558594
2019-05-29,278.9100036621094,279.3599853515625,276.7099914550781,278.2699890136719,104972900,250.0312042236328
2019-05-30,279.1099853515625,280.0400085449219,277.80999755859375,279.0299987792969,62523800,250.7141571044922
2019-05-31,276.20001220703125,277.1199951171875,275.239990234375,275.2699890136719,86862800,247.33558654785156
2019-06-03,275.30999755859375,276.54998779296875,273.0899963378906,274.57000732421875,96428000,246.7065887451172
2019-06-04,277.1199951171875,280.67999267578125,276.6199951171875,280.5299987792969,77231900,252.0618133544922
2019-06-05,282.3299865722656,282.989990234375,280.32000732421875,282.9599914550781,71169700,254.24530029296875
2019-06-06,283.2900085449219,285.54998779296875,282.57000732421875,284.79998779296875,69430400,255.89852905273438
2019-06-07,285.92999267578125,288.8500061035156,285.739990234375,287.6499938964844,74272200,258.45928955078125
2019-06-10,289.3699951171875,290.82000732421875,288.8699951171875,288.9700012207031,60799100,259.6454162597656
2019-06-11,290.989990234375,291.3999938964844,288.17999267578125,288.8999938964844,58641300,259.5823974609375
2019-06-12,288.6400146484375,289.260009765625,287.82000732421875,288.3900146484375,47096300,259.1242980957031
2019-06-13,289.3999938964844,289.9800109863281,288.6199951171875,289.5799865722656,48945200,260.19342041015625
2019-06-14,289.260009765625,289.92999267578125,288.4100036621094,289.260009765625,52324700,259.9060363769531
2019-06-17,289.5199890136719,290.2200012207031,289.17999267578125,289.3699951171875,39205700,260.0047912597656
2019-06-18,291.3900146484375,293.57000732421875,290.989990234375,292.3999938964844,85434800,262.7272644042969
2019-06-19,292.54998779296875,293.6499938964844,291.4700012207031,293.05999755859375,78674400,263.3203430175781
2019-06-20,296.0400085449219,296.30999755859375,293.1300048828125,295.8599853515625,116570000,265.8362121582031
2019-06-21,294.1300048828125,295.5199890136719,293.760009765625,294,83309500,265.44970703125
2019-06-24,294.2300109863281,294.5799865722656,293.4700012207031,293.6400146484375,47582700,265.1246337890625
2019-06-25,293.70001220703125,293.7300109863281,290.6400146484375,290.760009765625,82028700,262.5243835449219
2019-06-26,291.75,292.30999755859375,290.3500061035156,290.4700012207031,51584900,262.2625427246094
2019-06-27,291.30999755859375,292.05999755859375,290.8900146484375,291.5,40355200,263.1925048828125
2019-06-28,292.5799865722656,293.54998779296875,292.010009765625,293,59350900,264.546875
2019-07-01,296.67999267578125,296.9200134277344,294.3299865722656,295.6600036621094,78705600,266.9485778808594
2019-07-02,295.6099853515625,296.489990234375,294.67999267578125,296.42999267578125,61504500,267.64373779296875
2019-07-03,297.17999267578125,298.82000732421875,297.0199890136719,298.79998779296875,40898900,269.78363037109375
2019-07-05,297.44000244140625,298.6400146484375,296.010009765625,298.4599914550781,51677300,269.4767150878906
2019-07-08,297.010009765625,298.260009765625,296.2200012207031,296.82000732421875,45841800,267.995849609375
2019-07-09,295.5400085449219,297.5199890136719,295.4800109863281,297.19000244140625,41101300,268.3299560546875
2019-07-10,298.3699951171875,299.6600036621094,297.7799987792969,298.6099853515625,58448500,269.6119689941406
2019-07-11,299.32000732421875,299.5799865722656,298.20001220703125,299.30999755859375,50826100,270.2441101074219
2019-07-12,299.8500061035156,300.7300109863281,299.510009765625,300.6499938964844,40326000,271.4538879394531
2019-07-15,301.1300048828125,301.1300048828125,300.19000244140625,300.75,33900000,271.5442810058594
2019-07-16,300.6499938964844,300.8800048828125,299.44000244140625,299.7799987792969,36650100,270.6683654785156
2019-07-17,299.75,299.92999267578125,297.739990234375,297.739990234375,36036300,268.8265075683594
2019-07-18,297.19000244140625,299.25,296.70001220703125,298.8299865722656,51392600,269.81060791015625
2019-07-19,300.0400085449219,300.07000732421875,296.9800109863281,297.1700134277344,58678600,268.3119201660156
2019-07-22,297.6099853515625,298.5,297.0400085449219,297.8999938964844,43638100,268.97100830078125
2019-07-23,299.1400146484375,300.0299987792969,298.2200012207031,300.0299987792969,44564500,270.8941650390625
2019-07-24,299.19000244140625,301.44000244140625,299.0899963378906,301.44000244140625,47213200,272.167236328125
2019-07-25,300.94000244140625,301,299.1099853515625,300,55394100,270.86700439453125
2019-07-26,300.760009765625,302.2300109863281,300.6199951171875,302.010009765625,45084100,272.68194580078125
2019-07-29,301.8800048828125,302.010009765625,300.8500061035156,301.4599914550781,38126500,272.1852722167969
2019-07-30,299.9100036621094,301.1700134277344,299.489990234375,300.7200012207031,45849000,271.5172424316406
2019-07-31,300.989990234375,301.20001220703125,295.20001220703125,297.42999267578125,104245200,268.54669189453125
2019-08-01,297.6000061035156,300.8699951171875,293.9599914550781,294.8399963378906,142646600,266.2082214355469
2019-08-02,293.8500061035156,294.1199951171875,290.8999938964844,292.6199951171875,116749700,264.2037048339844
2019-08-05,288.0899963378906,288.2099914550781,281.7200012207031,283.82000732421875,178745400,256.2583312988281
2019-08-06,285.9100036621094,288.0400085449219,284.2799987792969,287.79998779296875,120711700,259.8518371582031
2019-08-07,284.3999938964844,288.82000732421875,282.0400085449219,287.9700012207031,140572300,260.0052795410156
2019-08-08,289.6199951171875,293.6199951171875,289.010009765625,293.6199951171875,87713900,265.10662841796875
2019-08-09,292.5799865722656,293.239990234375,289.6499938964844,291.6199951171875,93730000,263.30078125
2019-08-12,289.9599914550781,291.6099853515625,287.0199890136719,288.07000732421875,65527600,260.09564208984375
2019-08-13,287.739990234375,294.1499938964844,287.3599853515625,292.54998779296875,94299800,264.1405334472656
2019-08-14,288.07000732421875,288.739990234375,283.760009765625,283.8999938964844,135622100,256.3305969238281
2019-08-15,284.8800048828125,285.6400146484375,282.3900146484375,284.6499938964844,99556600,257.007568359375
2019-08-16,286.4800109863281,289.3299865722656,284.7099914550781,288.8500061035156,83018300,260.7998046875
2019-08-19,292.19000244140625,293.0799865722656,291.44000244140625,292.3299865722656,53571800,263.9419250488281
2019-08-20,291.7699890136719,292.3599853515625,289.95001220703125,290.0899963378906,51596400,261.9194030761719
2019-08-21,292.4800109863281,292.8599853515625,291.7200012207031,292.45001220703125,49524700,264.0503234863281
2019-08-22,293.2300109863281,293.92999267578125,290.3999938964844,292.3599853515625,51666400,263.9689636230469
2019-08-23,290.9200134277344,292.760009765625,283.4700012207031,284.8500061035156,149161500,257.1883239746094
2019-08-26,287.2699890136719,288,285.5799865722656,288,72423800,260.0323791503906
2019-08-27,289.5400085449219,289.95001220703125,286.0299987792969,286.8699951171875,66668900,259.01220703125
2019-08-28,286.1400146484375,289.07000732421875,285.25,288.8900146484375,59696700,260.8359680175781
2019-08-29,291.7200012207031,293.1600036621094,290.6099853515625,292.5799865722656,57899400,264.16754150390625
2019-08-30,294.2200012207031,294.239990234375,291.4200134277344,292.45001220703125,62901200,264.0503234863281
2019-09-03,290.57000732421875,291.5799865722656,289.2699890136719,290.739990234375,69101400,262.50628662109375
2019-09-04,293.1400146484375,294.05999755859375,292.30999755859375,294.0400085449219,46887300,265.48583984375
2019-09-05,296.7900085449219,298.8299865722656,294,297.82000732421875,83258100,268.89874267578125
2019-09-06,298.1700134277344,298.760009765625,297.4200134277344,298.04998779296875,49584300,269.1064147949219
2019-09-09,299.1400146484375,299.239990234375,297.1600036621094,298.20001220703125,51260300,269.2419738769531
2019-09-10,297.3599853515625,298.20001220703125,295.9700012207031,298.1300048828125,57947100,269.17864990234375
2019-09-11,298.4700012207031,300.3399963378906,297.75,300.25,68821100,271.09283447265625
2019-09-12,301.25,302.4599914550781,300.4100036621094,301.2900085449219,72908700,272.0318298339844
2019-09-13,301.7799987792969,302.1700134277344,300.67999267578125,301.0899963378906,62104800,271.8512878417969
2019-09-16,299.8399963378906,301.1400146484375,299.45001220703125,300.1600036621094,58191200,271.0115661621094
2019-09-17,299.94000244140625,301.0199890136719,299.75,300.9200134277344,41475500,271.69781494140625
2019-09-18,300.489990234375,301.2200012207031,298.239990234375,301.1000061035156,73375800,271.8603515625
2019-09-19,301.5299987792969,302.6300048828125,300.7099914550781,301.0799865722656,76560500,271.84222412109375
2019-09-20,300.3599853515625,300.6700134277344,297.4100036621094,298.2799987792969,89565000,270.557861328125
2019-09-23,297.54998779296875,299,297.2699890136719,298.2099914550781,43476800,270.4942932128906
2019-09-24,299.4100036621094,299.8399963378906,294.80999755859375,295.8699951171875,94869400,268.3717956542969
2019-09-25,295.9599914550781,298.1099853515625,294.3299865722656,297.6199951171875,71854000,269.9590148925781
2019-09-26,297.6300048828125,297.8599853515625,295.45001220703125,297,56179700,269.3967590332031
2019-09-27,297.8299865722656,297.95001220703125,293.69000244140625,295.3999938964844,84746600,267.94537353515625
2019-09-30,295.9700012207031,297.54998779296875,295.9200134277344,296.7699890136719,51662400,269.1881103515625
2019-10-01,297.739990234375,298.4599914550781,293,293.239990234375,88242400,265.9862060546875
2019-10-02,291.5,291.510009765625,286.6400146484375,288.05999755859375,122539500,261.28759765625
2019-10-03,287.80999755859375,290.45001220703125,284.82000732421875,290.4200134277344,85278800,263.4283752441406
2019-10-04,291.1400146484375,294.6300048828125,291.0799865722656,294.3500061035156,65091200,266.9930419921875
2019-10-07,293.4700012207031,295.260009765625,292.7699890136719,293.0799865722656,59610500,265.841064453125
2019-10-08,291.0400085449219,291.8500061035156,288.489990234375,288.5299987792969,95708100,261.7138671875
2019-10-09,290.75,292.29998779296875,290.05999755859375,291.2699890136719,62359400,264.19921875
2019-10-10,291.17999267578125,294.2099914550781,291,293.239990234375,55296300,265.9862060546875
2019-10-11,296.2699890136719,298.739990234375,296.1400146484375,296.2799987792969,98720400,268.7436828613281
2019-10-14,295.92999267578125,296.6700134277344,295.57000732421875,295.95001220703125,40394800,268.4444274902344
2019-10-15,297.1000061035156,299.70001220703125,296.9700012207031,298.8800048828125,46754500,271.10205078125
2019-10-16,298.3699951171875,299.1600036621094,297.9200134277344,298.3999938964844,48928200,270.6666564941406
2019-10-17,299.67999267578125,300.239990234375,298.5199890136719,299.2799987792969,45736600,271.4648742675781
2019-10-18,298.69000244140625,299.3999938964844,297.0299987792969,297.9700012207031,64304000,270.2765808105469
2019-10-21,299.4200134277344,300.2099914550781,298.94000244140625,299.989990234375,39048600,272.1088562011719
2019-10-22,300.5799865722656,300.8999938964844,298.9100036621094,299.010009765625,48594700,271.21990966796875
2019-10-23,298.7300109863281,299.94000244140625,298.5,299.8800048828125,34352200,272.00909423828125
2019-10-24,300.9100036621094,301.07000732421875,299.4599914550781,300.3699951171875,35453100,272.4535217285156
2019-10-25,299.739990234375,302.20001220703125,299.67999267578125,301.6000061035156,45205400,273.5691833496094
2019-10-28,302.94000244140625,303.8500061035156,302.9100036621094,303.29998779296875,42147000,275.1112060546875
2019-10-29,303,304.2300109863281,302.8599853515625,303.2099914550781,44284900,275.02960205078125
2019-10-30,303.42999267578125,304.54998779296875,301.989990234375,304.1400146484375,49643900,275.87310791015625
2019-10-31,304.1300048828125,304.1300048828125,301.7300109863281,303.3299865722656,69053800,275.13836669921875
2019-11-01,304.9200134277344,306.19000244140625,304.739990234375,306.1400146484375,71141500,277.687255859375
2019-11-04,307.8500061035156,308,306.9599914550781,307.3699951171875,60606900,278.8029479980469
2019-11-05,307.5899963378906,307.9200134277344,306.7099914550781,307.0299987792969,42933200,278.4945068359375
2019-11-06,307.0299987792969,307.3999938964844,306.05999755859375,307.1000061035156,46487100,278.55804443359375
2019-11-07,308.57000732421875,309.6499938964844,307.6600036621094,308.17999267578125,54272300,279.5376892089844
2019-11-08,307.79998779296875,309,307.0299987792969,308.94000244140625,49032100,280.22711181640625
2019-11-11,307.4200134277344,308.5400085449219,307.2699890136719,308.3500061035156,35797300,279.69189453125
2019-11-12,308.75,309.989990234375,308.1499938964844,309,46484600,280.28143310546875
2019-11-13,307.9100036621094,309.5400085449219,307.6600036621094,309.1000061035156,53917700,280.3721923828125
2019-11-14,308.7900085449219,309.6400146484375,308.0899963378906,309.54998779296875,51219900,280.78033447265625
2019-11-15,311.0199890136719,311.8399963378906,310.260009765625,311.7900085449219,62023600,282.812255859375
2019-11-18,311.5299987792969,312.2799987792969,311.0299987792969,312.0199890136719,49228000,283.0207214355469
2019-11-19,312.67999267578125,312.69000244140625,311.2200012207031,311.92999267578125,67804700,282.93914794921875
2019-11-20,311.2799987792969,311.8500061035156,309.05999755859375,310.7699890136719,79406200,281.88702392578125
2019-11-21,310.8900146484375,311.010009765625,309.3900146484375,310.2699890136719,54664700,281.43341064453125
2019-11-22,311.0899963378906,311.239990234375,309.8500061035156,310.9599914550781,44850200,282.05926513671875
2019-11-25,311.9800109863281,313.3699951171875,311.9800109863281,313.3699951171875,48647200,284.24530029296875
2019-11-26,313.4100036621094,314.2799987792969,313.05999755859375,314.0799865722656,37569000,284.8893127441406
2019-11-27,314.6099853515625,315.4800109863281,314.3699951171875,315.4800109863281,44444600,286.1592102050781
2019-11-29,314.8599853515625,315.1300048828125,314.05999755859375,314.30999755859375,36592700,285.09796142578125
2019-12-02,314.5899963378906,314.6600036621094,311.1700134277344,311.6400146484375,75767800,282.67608642578125
2019-12-03,308.6499938964844,309.6400146484375,307.1300048828125,309.54998779296875,73941700,280.78033447265625
2019-12-04,310.70001220703125,312.1199951171875,310.32000732421875,311.4599914550781,49080000,282.51287841796875
2019-12-05,312.2300109863281,312.25,310.5799865722656,312.0199890136719,40709000,283.0207214355469
2019-12-06,314.1199951171875,315.30999755859375,314.1099853515625,314.8699951171875,48927000,285.6059265136719
2019-12-09,314.44000244140625,315.17999267578125,313.79998779296875,313.8800048828125,34838500,284.7079162597656
2019-12-10,313.82000732421875,314.54998779296875,312.80999755859375,313.5299987792969,52649800,284.39044189453125
2019-12-11,314.0299987792969,314.70001220703125,313.44000244140625,314.4200134277344,53429100,285.19775390625
2019-12-12,314.42999267578125,317.989990234375,314.1700134277344,317.1300048828125,96389600,287.65594482421875
2019-12-13,316.8699951171875,318.6700134277344,316.0199890136719,317.32000732421875,81503900,287.8282470703125
2019-12-16,319.2200012207031,320.1499938964844,317.25,319.5,82749700,289.8056335449219
2019-12-17,319.9200134277344,320.25,319.4800109863281,319.57000732421875,61097700,289.86907958984375
2019-12-18,320,320.25,319.5299987792969,319.5899963378906,48133000,289.88720703125
2019-12-19,319.79998779296875,320.9800109863281,319.5199890136719,320.8999938964844,85310500,291.0754699707031
2019-12-20,320.4599914550781,321.9700012207031,319.3900146484375,320.7300109863281,147142100,292.35162353515625
2019-12-23,321.5899963378906,321.6499938964844,321.05999755859375,321.2200012207031,52990000,292.7982482910156
2019-12-24,321.4700012207031,321.5199890136719,320.8999938964844,321.2300109863281,20270000,292.807373046875
2019-12-26,321.6499938964844,322.95001220703125,321.6400146484375,322.94000244140625,30911200,294.3660583496094
2019-12-27,323.739990234375,323.79998779296875,322.2799987792969,322.8599853515625,42528800,294.2931213378906
2019-12-30,322.95001220703125,323.1000061035156,320.54998779296875,321.0799865722656,49729100,292.67071533203125
2019-12-31,320.5299987792969,322.1300048828125,320.1499938964844,321.8599853515625,57077300,293.3815612792969
2020-01-02,323.5400085449219,324.8900146484375,322.5299987792969,324.8699951171875,59151200,296.1252746582031
2020-01-03,321.1600036621094,323.6400146484375,321.1000061035156,322.4100036621094,77709700,293.88299560546875
2020-01-06,320.489990234375,323.7300109863281,320.3599853515625,323.6400146484375,55653900,295.0041198730469
2020-01-07,323.0199890136719,323.5400085449219,322.239990234375,322.7300109863281,40496400,294.1745910644531
2020-01-08,322.94000244140625,325.7799987792969,322.6700134277344,324.45001220703125,68296000,295.74249267578125
2020-01-09,326.1600036621094,326.7300109863281,325.5199890136719,326.6499938964844,48473300,297.7477722167969
2020-01-10,327.2900085449219,327.4599914550781,325.20001220703125,325.7099914550781,53029300,296.89093017578125
2020-01-13,326.3900146484375,327.9599914550781,325.9200134277344,327.95001220703125,47086800,298.9327392578125
2020-01-14,327.4700012207031,328.6199951171875,326.8399963378906,327.45001220703125,62832800,298.4770202636719
2020-01-15,327.3500061035156,329.0199890136719,327.260009765625,328.19000244140625,72056600,299.15155029296875
2020-01-16,329.70001220703125,330.9200134277344,329.45001220703125,330.9200134277344,54050300,301.6399230957031
2020-01-17,331.70001220703125,332.17999267578125,330.8500061035156,331.95001220703125,95846000,302.57891845703125
2020-01-21,330.8999938964844,332.17999267578125,330.82000732421875,331.29998779296875,77742400,301.9863586425781
2020-01-22,332.239990234375,332.95001220703125,331.1700134277344,331.3399963378906,48914900,302.0227966308594
2020-01-23,330.6300048828125,332.1700134277344,329.4100036621094,331.7200012207031,51963000,302.3692321777344
2020-01-24,332.44000244140625,332.5299987792969,327.3599853515625,328.7699890136719,87578400,299.68011474609375
2020-01-27,323.0299987792969,325.1199951171875,322.6600036621094,323.5,84062500,294.87652587890625
2020-01-28,325.05999755859375,327.8500061035156,323.6000061035156,326.8900146484375,63834000,297.9666442871094
2020-01-29,328.3800048828125,328.6300048828125,326.3999938964844,326.6199951171875,53888900,297.720458984375
2020-01-30,324.3599853515625,327.9100036621094,323.5400085449219,327.67999267578125,75491800,298.6866760253906
2020-01-31,327,327.1700134277344,320.7300109863281,321.7300109863281,113845600,293.2630310058594
2020-02-03,323.3500061035156,326.1600036621094,323.2200012207031,324.1199951171875,69083000,295.4418029785156
2020-02-04,328.07000732421875,330.010009765625,327.7200012207031,329.05999755859375,62573200,299.944580078125
2020-02-05,332.2699890136719,333.0899963378906,330.6700134277344,332.8599853515625,65951100,303.40826416015625
2020-02-06,333.9100036621094,334.19000244140625,332.79998779296875,333.9800109863281,50359700,304.4293212890625
2020-02-07,332.82000732421875,333.989990234375,331.6000061035156,332.20001220703125,64139400,302.8067932128906
2020-02-10,331.2300109863281,334.75,331.19000244140625,334.67999267578125,42070000,305.0672912597656
2020-02-11,336.1600036621094,337.0199890136719,334.67999267578125,335.260009765625,54864500,305.5960388183594
2020-02-12,336.8299865722656,337.6499938964844,336.42999267578125,337.4200134277344,43992700,307.5649719238281
2020-02-13,335.8599853515625,338.1199951171875,335.55999755859375,337.05999755859375,54501900,307.23675537109375
2020-02-14,337.510009765625,337.7300109863281,336.20001220703125,337.6000061035156,64582200,307.72894287109375
2020-02-18,336.510009765625,337.6700134277344,335.2099914550781,336.7300109863281,57226200,306.93585205078125
2020-02-19,337.7900085449219,339.0799865722656,337.4800109863281,338.3399963378906,48814700,308.40350341796875
2020-02-20,337.739990234375,338.6400146484375,333.67999267578125,336.95001220703125,74163400,307.1363830566406
2020-02-21,335.4700012207031,335.80999755859375,332.5799865722656,333.4800109863281,113788200,303.9734802246094
2020-02-24,323.1400146484375,333.55999755859375,321.239990234375,322.4200134277344,161088400,293.8920593261719
2020-02-25,323.94000244140625,324.6099853515625,311.69000244140625,312.6499938964844,218913200,284.98651123046875
2020-02-26,314.17999267578125,318.1099853515625,310.70001220703125,311.5,194773800,283.9382629394531
2020-02-27,305.4599914550781,311.55999755859375,297.510009765625,297.510009765625,284353500,271.1861267089844
2020-02-28,288.70001220703125,297.8900146484375,285.5400085449219,296.260009765625,384975800,270.04681396484375
2020-03-02,298.2099914550781,309.1600036621094,294.4599914550781,309.0899963378906,238703600,281.7414855957031
2020-03-03,309.5,313.8399963378906,297.57000732421875,300.239990234375,300139100,273.67449951171875
2020-03-04,306.1199951171875,313.1000061035156,303.3299865722656,312.8599853515625,176613400,285.1779479980469
2020-03-05,304.9800109863281,308.4700012207031,300.010009765625,302.4599914550781,186366800,275.6980895996094
2020-03-06,293.1499938964844,298.7799987792969,290.2300109863281,297.4599914550781,228667200,271.1405334472656
2020-03-09,275.29998779296875,284.19000244140625,273.45001220703125,274.2300109863281,309417300,249.96591186523438
2020-03-10,284.6400146484375,288.5199890136719,273.5,288.4200134277344,276444100,262.9004211425781
2020-03-11,280.70001220703125,281.94000244140625,270.8800048828125,274.3599853515625,255316300,250.08450317382812
2020-03-12,256,266.6600036621094,247.67999267578125,248.11000061035156,392220700,226.15708923339844
2020-03-13,263.0899963378906,271.4800109863281,248.52000427246094,269.32000732421875,329566100,245.49037170410156
2020-03-16,241.17999267578125,256.8999938964844,237.36000061035156,239.85000610351562,297240000,218.6278839111328
2020-03-17,245.0399932861328,256.1700134277344,237.07000732421875,252.8000030517578,262070500,230.43212890625
2020-03-18,236.25,248.3699951171875,228.02000427246094,240,327597100,218.7646942138672
2020-03-19,239.25,247.3800048828125,232.22000122070312,240.50999450683594,289322000,219.22946166992188
2020-03-20,242.52999877929688,244.47000122070312,228.5,228.8000030517578,347158800,209.78199768066406
2020-03-23,228.19000244140625,229.67999267578125,218.25999450683594,222.9499969482422,326025200,204.41822814941406
2020-03-24,234.4199981689453,244.10000610351562,233.8000030517578,243.14999389648438,235494500,222.939208984375
2020-03-25,244.8699951171875,256.3500061035156,239.75,246.7899932861328,299430300,226.27664184570312
2020-03-26,249.52000427246094,262.79998779296875,249.0500030517578,261.20001220703125,257632800,239.48895263671875
2020-03-27,253.27000427246094,260.80999755859375,251.0500030517578,253.4199981689453,224341200,232.35552978515625
2020-03-30,255.6999969482422,262.42999267578125,253.52999877929688,261.6499938964844,171369500,239.9014434814453
2020-03-31,260.55999755859375,263.3299865722656,256.2200012207031,257.75,194881100,236.32568359375
2020-04-01,247.97999572753906,257.6600036621094,243.89999389648438,246.14999389648438,189554600,225.6898651123047
2020-04-02,245.19000244140625,252.67999267578125,244.58999633789062,251.8300018310547,177660400,230.89772033691406
2020-04-03,250.75999450683594,253.32000732421875,245.22000122070312,248.19000244140625,135561200,227.56031799316406
2020-04-06,257.8399963378906,267,248.1699981689453,264.8599853515625,188061200,242.8446807861328
2020-04-07,274.2099914550781,275.0299987792969,264.8900146484375,265.1300048828125,201427200,243.09225463867188
2020-04-08,267.9599914550781,276,265.25,274.0299987792969,153774500,251.2523956298828
2020-04-09,277.5799865722656,281.20001220703125,275.4700012207031,278.20001220703125,189999200,255.07583618164062
2020-04-13,277.1400146484375,277.510009765625,271.4100036621094,275.6600036621094,114839100,252.74697875976562
2020-04-14,280.9800109863281,284.8999938964844,275.510009765625,283.7900085449219,134143400,260.20123291015625
2020-04-15,277.57000732421875,283.94000244140625,275.4599914550781,277.760009765625,121775000,254.67234802246094
2020-04-16,279.1499938964844,280.0299987792969,275.760009765625,279.1000061035156,131798300,255.9010009765625
2020-04-17,285.3800048828125,287.29998779296875,282.3999938964844,286.6400146484375,146684800,262.8143005371094
2020-04-20,282.6099853515625,286.7900085449219,281.3500061035156,281.5899963378906,100109300,258.18402099609375
2020-04-21,276.7300109863281,278.0400085449219,272.0199890136719,273.0400085449219,126385700,250.34474182128906
2020-04-22,278.3500061035156,281,276.9100036621094,279.1000061035156,92951600,255.9010009765625
2020-04-23,280.489990234375,283.94000244140625,278.75,279.0799865722656,104709700,255.8826904296875
2020-04-24,280.7300109863281,283.70001220703125,278.5,282.9700012207031,85063200,259.44940185546875
2020-04-27,285.1199951171875,288.2699890136719,284.6199951171875,287.04998779296875,77896600,263.1902160644531
2020-04-28,291.0199890136719,291.3999938964844,285.3999938964844,285.7300109863281,105270000,261.9800109863281
2020-04-29,291.5299987792969,294.8800048828125,290.4100036621094,293.2099914550781,118745600,268.83819580078125
2020-04-30,291.7099914550781,293.32000732421875,288.5899963378906,290.4800109863281,122901700,266.33514404296875
2020-05-01,285.30999755859375,290.6600036621094,281.5199890136719,282.7900085449219,125180000,259.2843933105469
2020-05-04,280.739990234375,283.8999938964844,279.1300048828125,283.57000732421875,80873200,259.9994812011719
2020-05-05,286.6400146484375,289.25,283.7099914550781,286.19000244140625,79569900,262.4017333984375
2020-05-06,288.0400085449219,288.4599914550781,283.7799987792969,284.25,73632600,260.6229248046875
2020-05-07,287.75,289.7799987792969,287.1300048828125,287.67999267578125,75250400,263.76788330078125
2020-05-08,291.0899963378906,292.95001220703125,289.8599853515625,292.44000244140625,76452400,268.13214111328125
2020-05-11,290.3399963378906,294,289.8800048828125,292.5,79514200,268.1871643066406
2020-05-12,293.7900085449219,294.239990234375,286.5199890136719,286.6700134277344,95870800,262.8418273925781
2020-05-13,286.05999755859375,287.19000244140625,278.9599914550781,281.6000061035156,144721100,258.19317626953125
2020-05-14,278.95001220703125,285.1099853515625,272.989990234375,284.9700012207031,121977900,261.2830810546875
2020-05-15,282.3699951171875,286.3299865722656,281.3399963378906,286.2799987792969,111146300,262.4842224121094
2020-05-18,293.04998779296875,296.75,292.70001220703125,295,119703800,270.4794006347656
2020-05-19,294.3500061035156,296.2099914550781,291.95001220703125,291.9700012207031,95189300,267.7012634277344
2020-05-20,295.82000732421875,297.8699951171875,295.57000732421875,296.92999267578125,85861700,272.2489318847656
2020-05-21,296.7900085449219,297.6700134277344,293.69000244140625,294.8800048828125,78293900,270.3693542480469
2020-05-22,294.57000732421875,295.6300048828125,293.2200012207031,295.44000244140625,63958200,270.8828430175781
2020-05-26,301.92999267578125,302.19000244140625,295.4599914550781,299.0799865722656,88951400,274.22021484375
2020-05-27,302.1199951171875,303.57000732421875,296.8699951171875,303.5299987792969,104817400,278.3003845214844
2020-05-28,304.6499938964844,306.8399963378906,302.239990234375,302.9700012207031,90405200,277.7868957519531
2020-05-29,302.4599914550781,304.9599914550781,299.4700012207031,304.32000732421875,119090800,279.0247497558594
2020-06-01,303.6199951171875,306.2099914550781,303.05999755859375,305.54998779296875,55758300,280.1524658203125
2020-06-02,306.54998779296875,308.1300048828125,305.1000061035156,308.0799865722656,74267200,282.47216796875
2020-06-03,310.239990234375,313.2200012207031,309.94000244140625,312.17999267578125,92567600,286.23138427734375
2020-06-04,311.1099853515625,313,309.0799865722656,311.3599853515625,75794400,285.47955322265625
2020-06-05,317.2300109863281,321.2699890136719,317.1600036621094,319.3399963378906,150524700,292.7961730957031
2020-06-08,320.2200012207031,323.4100036621094,319.6300048828125,323.20001220703125,73641200,296.33538818359375
2020-06-09,320.29998779296875,323.2799987792969,319.3599853515625,320.7900085449219,77479200,294.12579345703125
2020-06-10,321.4200134277344,322.3900146484375,318.2200012207031,319,95000800,292.4845275878906
2020-06-11,311.4599914550781,312.1499938964844,300.010009765625,300.6099853515625,209243600,275.6231384277344
2020-06-12,308.239990234375,309.0799865722656,298.6000061035156,304.2099914550781,194678900,278.9238586425781
2020-06-15,298.0199890136719,308.2799987792969,296.739990234375,307.04998779296875,135782700,281.52783203125
2020-06-16,315.4800109863281,315.6400146484375,307.6700134277344,312.9599914550781,137627500,286.946533203125
2020-06-17,314.07000732421875,314.3900146484375,310.8599853515625,311.6600036621094,83398900,285.754638671875
2020-06-18,310.010009765625,312.29998779296875,309.510009765625,311.7799987792969,80828700,285.8645935058594
2020-06-19,314.1700134277344,314.3800048828125,306.5299987792969,308.6400146484375,135549600,284.2309265136719
2020-06-22,307.989990234375,311.04998779296875,306.75,310.6199951171875,74649400,286.0543518066406
2020-06-23,313.489990234375,314.5,311.6099853515625,312.04998779296875,68471200,287.3712158203125
2020-06-24,309.8399963378906,310.510009765625,302.1000061035156,304.0899963378906,132813500,280.040771484375
2020-06-25,303.4700012207031,307.6400146484375,301.2799987792969,307.3500061035156,89468000,283.04302978515625
2020-06-26,306.1600036621094,306.3900146484375,299.4200134277344,300.04998779296875,127961000,276.3202209472656
2020-06-29,301.4100036621094,304.6099853515625,298.92999267578125,304.4599914550781,79773300,280.3815612792969
2020-06-30,303.989990234375,310.20001220703125,303.82000732421875,308.3599853515625,113394800,283.97308349609375
2020-07-01,309.57000732421875,311.8900146484375,309.07000732421875,310.5199890136719,72396500,285.9621276855469
2020-07-02,314.239990234375,315.70001220703125,311.510009765625,312.2300109863281,69344200,287.5370178222656
2020-07-06,316.3699951171875,317.67999267578125,315.55999755859375,317.04998779296875,61713800,291.9757995605469
2020-07-07,315.3800048828125,317.5199890136719,313.3699951171875,313.7799987792969,82910000,288.96441650390625
2020-07-08,314.6099853515625,316.29998779296875,312.70001220703125,316.17999267578125,54638600,291.1745910644531
2020-07-09,316.8399963378906,317.1000061035156,310.67999267578125,314.3800048828125,83354200,289.5169677734375
2020-07-10,314.30999755859375,317.8800048828125,312.760009765625,317.5899963378906,57550400,292.4731140136719
2020-07-13,320.1300048828125,322.7099914550781,314.1300048828125,314.8399963378906,102997500,289.9405822753906
2020-07-14,313.29998779296875,319.760009765625,312,318.9200134277344,93657000,293.6979064941406
2020-07-15,322.4100036621094,323.0400085449219,319.2699890136719,321.8500061035156,87196500,296.396240234375
2020-07-16,319.7900085449219,321.2799987792969,319.0899963378906,320.7900085449219,54622500,295.4200744628906
2020-07-17,321.8800048828125,322.57000732421875,319.739990234375,321.7200012207031,62774900,296.2764587402344
2020-07-20,321.42999267578125,325.1300048828125,320.6199951171875,324.32000732421875,56308800,298.6709289550781
2020-07-21,326.45001220703125,326.92999267578125,323.94000244140625,325.010009765625,57292200,299.3063659667969
2020-07-22,324.6199951171875,327.20001220703125,324.5,326.8599853515625,57792900,301.0100402832031
2020-07-23,326.4700012207031,327.2300109863281,321.4800109863281,322.9599914550781,75738000,297.41845703125
2020-07-24,320.95001220703125,321.989990234375,319.25,320.8800048828125,73766600,295.5030212402344
2020-07-27,321.6300048828125,323.4100036621094,320.7699890136719,323.2200012207031,48293000,297.6578674316406
2020-07-28,322.42999267578125,323.6400146484375,320.8500061035156,321.1700134277344,57495000,295.7699279785156
2020-07-29,322.1199951171875,325.7300109863281,322.0799865722656,325.1199951171875,48454200,299.4075927734375
2020-07-30,321.8999938964844,324.4100036621094,319.6400146484375,323.9599914550781,61861700,298.3392639160156
2020-07-31,325.8999938964844,326.6300048828125,321.3299865722656,326.5199890136719,84986800,300.6968078613281
2020-08-03,328.32000732421875,329.6199951171875,327.7300109863281,328.7900085449219,53077900,302.787353515625
2020-08-04,327.8599853515625,330.05999755859375,327.8599853515625,330.05999755859375,41917900,303.9569396972656
2020-08-05,331.4700012207031,332.3900146484375,331.17999267578125,332.1099853515625,42697700,305.8447570800781
2020-08-06,331.4800109863281,334.4599914550781,331.1300048828125,334.3299865722656,43679400,307.88922119140625
2020-08-07,333.2799987792969,334.8800048828125,332.29998779296875,334.57000732421875,57308300,308.1102600097656
2020-08-10,335.05999755859375,335.7699890136719,332.9599914550781,335.57000732421875,44282100,309.03118896484375
2020-08-11,336.8500061035156,337.5400085449219,332.010009765625,332.79998779296875,69601100,306.48016357421875
2020-08-12,335.44000244140625,338.2799987792969,335.4100036621094,337.44000244140625,53774400,310.75323486328125
2020-08-13,336.6099853515625,338.25,335.8299865722656,336.8299865722656,41816100,310.1915588378906
2020-08-14,336.4100036621094,337.4200134277344,335.6199951171875,336.8399963378906,47260400,310.2006530761719
2020-08-17,337.94000244140625,338.3399963378906,336.8500061035156,337.9100036621094,35481000,311.1861267089844
2020-08-18,338.3399963378906,339.1000061035156,336.6099853515625,338.6400146484375,38733900,311.8583679199219
2020-08-19,339.04998779296875,339.6099853515625,336.6199951171875,337.2300109863281,68054200,310.5599365234375
2020-08-20,335.3599853515625,338.79998779296875,335.2200012207031,338.2799987792969,42207800,311.5268249511719
2020-08-21,337.9200134277344,339.7200012207031,337.54998779296875,339.4800109863281,55106600,312.6319580078125
2020-08-24,342.1199951171875,343,339.45001220703125,342.9200134277344,48588700,315.7999267578125
2020-08-25,343.5299987792969,344.2099914550781,342.2699890136719,344.1199951171875,38463400,316.90509033203125
2020-08-26,344.760009765625,347.8599853515625,344.1700134277344,347.57000732421875,50790200,320.0821533203125
2020-08-27,348.510009765625,349.8999938964844,346.5299987792969,348.3299865722656,58034100,320.78204345703125
2020-08-28,349.44000244140625,350.7200012207031,348.1499938964844,350.5799865722656,48588900,322.85406494140625
2020-08-31,350.3500061035156,351.29998779296875,349.05999755859375,349.30999755859375,66099200,321.68450927734375
2020-09-01,350.2099914550781,352.7099914550781,349.239990234375,352.6000061035156,54908700,324.7143249511719
2020-09-02,354.6700134277344,358.75,353.42999267578125,357.70001220703125,69540000,329.4109802246094
2020-09-03,355.8699951171875,356.3800048828125,342.5899963378906,345.3900146484375,148011100,318.0744934082031
2020-09-04,346.1300048828125,347.8299865722656,334.8699951171875,342.57000732421875,139156300,315.47760009765625
2020-09-08,336.7099914550781,342.6400146484375,332.8800048828125,333.2099914550781,114465300,306.8577880859375
2020-09-09,337.54998779296875,342.4599914550781,336.6099853515625,339.7900085449219,91462300,312.91741943359375
2020-09-10,341.82000732421875,342.5299987792969,332.8500061035156,333.8900146484375,90569500,307.4840393066406
2020-09-11,335.82000732421875,336.9700012207031,331,334.05999755859375,84680200,307.64056396484375
2020-09-14,337.489990234375,340.3800048828125,334.2200012207031,338.4599914550781,65605700,311.6925964355469
2020-09-15,341.1199951171875,342.0199890136719,338.4700012207031,340.1700134277344,52920900,313.2673645019531
2020-09-16,341.510009765625,343.05999755859375,338.5199890136719,338.82000732421875,82096000,312.0242004394531
2020-09-17,333.55999755859375,337.70001220703125,332.989990234375,335.8399963378906,91523300,309.27978515625
2020-09-18,335.3699951171875,335.489990234375,327.9700012207031,330.6499938964844,105877900,305.71917724609375
2020-09-21,325.70001220703125,327.1300048828125,321.7300109863281,326.9700012207031,99450800,302.3166809082031
2020-09-22,328.57000732421875,330.8999938964844,325.8599853515625,330.29998779296875,63612100,305.3955383300781
2020-09-23,330.8999938964844,331.20001220703125,322.1000061035156,322.6400146484375,93112200,298.3131408691406
2020-09-24,321.2200012207031,326.79998779296875,319.79998779296875,323.5,76681300,299.1083679199219
2020-09-25,322.5799865722656,329.5799865722656,321.6400146484375,328.7300109863281,71069400,303.94390869140625
2020-09-28,333.2200012207031,334.9599914550781,332.1499938964844,334.19000244140625,64584600,308.9923095703125
2020-09-29,333.9700012207031,334.7699890136719,331.6199951171875,332.3699951171875,51304000,307.30950927734375
2020-09-30,333.0899963378906,338.2900085449219,332.8800048828125,334.8900146484375,104081100,309.6396179199219
2020-10-01,337.69000244140625,338.739990234375,335.010009765625,337.0400085449219,88698700,311.62738037109375
2020-10-02,331.70001220703125,337.010009765625,331.19000244140625,333.8399963378906,89431100,308.66864013671875
2020-10-05,336.05999755859375,339.9599914550781,336.010009765625,339.760009765625,45713100,314.14227294921875
2020-10-06,339.9100036621094,342.1700134277344,334.3800048828125,334.92999267578125,90128900,309.6764831542969
2020-10-07,338.1199951171875,341.6300048828125,338.0899963378906,340.760009765625,56999600,315.06689453125
2020-10-08,342.8500061035156,343.8500061035156,341.8599853515625,343.7799987792969,45242500,317.859130859375
2020-10-09,345.55999755859375,347.3500061035156,344.8900146484375,346.8500061035156,59528600,320.69775390625
2020-10-12,349.5899963378906,354.0199890136719,349.05999755859375,352.42999267578125,80388500,325.85693359375
2020-10-13,352.2799987792969,352.4700012207031,349.0899963378906,350.1300048828125,73255500,323.7303771972656
2020-10-14,350.75,351.92999267578125,347.1400146484375,347.92999267578125,57727900,321.6962585449219
2020-10-15,343.7099914550781,348.0199890136719,343.1300048828125,347.5,60357700,321.29864501953125
2020-10-16,348.9599914550781,350.75,347.1000061035156,347.2900085449219,89501900,321.1045837402344
2020-10-19,348.6499938964844,349.3299865722656,341.0400085449219,342.010009765625,68425600,316.22271728515625
2020-10-20,343.4599914550781,346.8800048828125,342.6400146484375,343.3800048828125,60051900,317.4893493652344
2020-10-21,343.3299865722656,345.6700134277344,342.3999938964844,342.7300109863281,63575000,316.8883361816406
2020-10-22,342.9599914550781,345.239990234375,340.6499938964844,344.6099853515625,55399300,318.6265563964844
2020-10-23,345.92999267578125,345.989990234375,343.1300048828125,345.7799987792969,49143900,319.7083435058594
2020-10-26,342.1300048828125,342.9800109863281,335.6199951171875,339.3900146484375,91473000,313.80023193359375
2020-10-27,339.760009765625,340.1199951171875,337.989990234375,338.2200012207031,65994100,312.71832275390625
2020-10-28,332.1000061035156,338.25,326.1300048828125,326.6600036621094,127094300,302.0300598144531
2020-10-29,326.9100036621094,333.3999938964844,325.0899963378906,329.9800109863281,90597700,305.09967041015625
2020-10-30,328.2799987792969,329.69000244140625,322.6000061035156,326.5400085449219,120287300,301.9190368652344
2020-11-02,330.20001220703125,332.3599853515625,327.239990234375,330.20001220703125,86068300,305.3031005859375
2020-11-03,333.69000244140625,338.25,330.2900085449219,336.0299987792969,93294200,310.69354248046875
2020-11-04,340.8599853515625,347.94000244140625,339.5899963378906,343.5400085449219,126959700,317.6372985839844
2020-11-05,349.239990234375,352.19000244140625,348.8599853515625,350.239990234375,82039700,323.8320617675781
2020-11-06,349.92999267578125,351.510009765625,347.6499938964844,350.1600036621094,74973000,323.7582092285156
2020-11-09,363.9700012207031,364.3800048828125,354.05999755859375,354.55999755859375,172304200,327.82635498046875
2020-11-10,353.489990234375,355.17999267578125,350.510009765625,354.0400085449219,85552000,327.3455810546875
2020-11-11,356.3999938964844,357.55999755859375,355.05999755859375,356.6700134277344,58649000,329.77728271484375
2020-11-12,355.5799865722656,356.7200012207031,351.260009765625,353.2099914550781,67546200,326.578125
2020-11-13,355.2699890136719,358.8999938964844,354.7099914550781,358.1000061035156,62892200,331.09942626953125
2020-11-16,360.9800109863281,362.7799987792969,359.5899963378906,362.57000732421875,74541100,335.2324523925781
2020-11-17,359.9700012207031,361.9200134277344,358.3399963378906,360.6199951171875,66111000,333.42938232421875
2020-11-18,360.9100036621094,361.5,356.239990234375,356.2799987792969,70591300,329.4167175292969
2020-11-19,355.6000061035156,358.17999267578125,354.1499938964844,357.7799987792969,59940900,330.8035888671875
2020-11-20,357.5,357.7200012207031,355.25,355.3299865722656,70417300,328.5382995605469
2020-11-23,357.2799987792969,358.82000732421875,354.8699951171875,357.4599914550781,63230600,330.5076599121094
2020-11-24,360.2099914550781,363.80999755859375,359.2900085449219,363.2200012207031,62415900,335.8334045410156
2020-11-25,363.1300048828125,363.1600036621094,361.4800109863281,362.6600036621094,45330900,335.315673828125
2020-11-27,363.8399963378906,364.17999267578125,362.5799865722656,363.6700134277344,28514100,336.24951171875
2020-11-30,362.8299865722656,363.1199951171875,359.1700134277344,362.05999755859375,83872700,334.7608642578125
2020-12-01,365.57000732421875,367.67999267578125,364.92999267578125,366.0199890136719,74231400,338.42230224609375
2020-12-02,364.82000732421875,366.9599914550781,364.20001220703125,366.7900085449219,45927000,339.13427734375
2020-12-03,366.67999267578125,368.19000244140625,365.5,366.69000244140625,62882000,339.0417785644531
2020-12-04,367.32000732421875,369.8500061035156,367.2200012207031,369.8500061035156,50749900,341.9634704589844
2020-12-07,369.0199890136719,369.6199951171875,367.7200012207031,369.0899963378906,48944300,341.26080322265625
2020-12-08,367.7200012207031,370.7799987792969,367.6700134277344,370.1700134277344,42458900,342.2593994140625
2020-12-09,370.8800048828125,371.04998779296875,365.95001220703125,366.8500061035156,74098300,339.1897277832031
2020-12-10,365.3699951171875,367.8599853515625,364.42999267578125,366.7300109863281,57735400,339.07879638671875
2020-12-11,364.8999938964844,366.739990234375,363.260009765625,366.29998779296875,57698600,338.6811828613281
2020-12-14,368.6400146484375,369.79998779296875,364.4700012207031,364.6600036621094,69216200,337.1648254394531
2020-12-15,367.3999938964844,369.5899963378906,365.9200134277344,369.5899963378906,63865300,341.7230529785156
2020-12-16,369.82000732421875,371.1600036621094,368.8699951171875,370.1700134277344,58420500,342.2593994140625
2020-12-17,371.94000244140625,372.4599914550781,371.04998779296875,372.239990234375,64119500,344.17327880859375
2020-12-18,370.9700012207031,371.1499938964844,367.0199890136719,369.17999267578125,136542300,342.7989807128906
2020-12-21,364.9700012207031,378.4599914550781,362.0299987792969,367.8599853515625,96386700,341.573486328125
2020-12-22,368.2099914550781,368.3299865722656,366.0299987792969,367.239990234375,47949000,340.99761962890625
2020-12-23,368.2799987792969,369.6199951171875,367.2200012207031,367.57000732421875,46201400,341.3041687011719
2020-12-24,368.0799865722656,369.0299987792969,367.45001220703125,369,26457900,342.6319885253906
2020-12-28,371.739990234375,372.5899963378906,371.07000732421875,372.1700134277344,39000400,345.575439453125
2020-12-29,373.80999755859375,374,370.8299865722656,371.4599914550781,53680500,344.91607666015625
2020-12-30,372.3399963378906,373.1000061035156,371.57000732421875,371.989990234375,49455300,345.4082946777344
2020-12-31,371.7799987792969,374.6600036621094,371.2300109863281,373.8800048828125,78520700,347.16314697265625
2021-01-04,375.30999755859375,375.45001220703125,364.82000732421875,368.7900085449219,110210800,342.43695068359375
2021-01-05,368.1000061035156,372.5,368.04998779296875,371.3299865722656,66426200,344.79547119140625
2021-01-06,369.7099914550781,376.9800109863281,369.1199951171875,373.54998779296875,107997700,346.8568115234375
2021-01-07,376.1000061035156,379.8999938964844,375.9100036621094,379.1000061035156,68766800,352.01019287109375
2021-01-08,380.5899963378906,381.489990234375,377.1000061035156,381.260009765625,71677200,354.01580810546875
2021-01-11,377.8500061035156,380.5799865722656,377.7200012207031,378.69000244140625,51034700,351.6295471191406
2021-01-12,378.8900146484375,379.8599853515625,376.3599853515625,378.7699890136719,52547700,351.7037658691406
2021-01-13,378.69000244140625,380.8599853515625,377.8500061035156,379.7900085449219,45303600,352.6508483886719
2021-01-14,380.5899963378906,381.1300048828125,378.1000061035156,378.4599914550781,49989100,351.4159851074219
2021-01-15,376.7200012207031,377.5799865722656,373.70001220703125,375.70001220703125,107160000,348.8531494140625
2021-01-19,378.3399963378906,379.2300109863281,376.75,378.6499938964844,51233300,351.59234619140625
2021-01-20,381.1099853515625,384.7900085449219,380.69000244140625,383.8900146484375,61836100,356.4580078125
2021-01-21,384.489990234375,384.95001220703125,383.25,384.239990234375,47840100,356.7829284667969
2021-01-22,382.25,384.1300048828125,381.8399963378906,382.8800048828125,52860500,355.5200500488281
2021-01-25,383.6700134277344,384.7699890136719,378.4599914550781,384.3900146484375,70402000,356.9222412109375
2021-01-26,385.4100036621094,385.8500061035156,383.5400085449219,383.7900085449219,42665300,356.3651428222656
2021-01-27,380.2200012207031,380.32000732421875,372.010009765625,374.4100036621094,123351100,347.65533447265625
2021-01-28,376.3599853515625,381.92999267578125,375.8900146484375,377.6300048828125,94198100,350.6452941894531
2021-01-29,375.6300048828125,376.6700134277344,368.2699890136719,370.07000732421875,126765100,343.62554931640625
2021-02-01,373.7200012207031,377.3399963378906,370.3800048828125,376.2300109863281,75817600,349.3453063964844
2021-02-02,379.6499938964844,383.2200012207031,376.32000732421875,381.54998779296875,64450700,354.2851257324219
2021-02-03,382.44000244140625,383.70001220703125,380.4800109863281,381.8500061035156,52427100,354.563720703125
2021-02-04,382.9599914550781,386.239990234375,381.9700012207031,386.19000244140625,47142600,358.5935363769531
2021-02-05,388.20001220703125,388.4700012207031,386.1400146484375,387.7099914550781,48669800,360.00494384765625
2021-02-08,389.2699890136719,390.55999755859375,388.3500061035156,390.510009765625,38365200,362.6048278808594
2021-02-09,389.6099853515625,390.8900146484375,389.1700134277344,390.25,35551100,362.3633728027344
2021-02-10,392.1199951171875,392.2799987792969,387.5,390.0799865722656,59154400,362.2055969238281
2021-02-11,391.239990234375,391.69000244140625,388.1000061035156,390.7099914550781,42913300,362.79052734375
2021-02-12,389.8500061035156,392.8999938964844,389.7699890136719,392.6400146484375,50593300,364.5826110839844
2021-02-16,393.9599914550781,394.1700134277344,391.5299987792969,392.29998779296875,50972400,364.2669982910156
2021-02-17,390.4200134277344,392.6600036621094,389.3299865722656,392.3900146484375,52290600,364.3505554199219
2021-02-18,389.5899963378906,391.5199890136719,387.739990234375,390.7200012207031,59712800,362.7997741699219
2021-02-19,392.07000732421875,392.3800048828125,389.54998779296875,390.0299987792969,83241000,362.1592102050781
2021-02-22,387.05999755859375,389.6199951171875,386.739990234375,387.0299987792969,67414200,359.3735656738281
2021-02-23,384.6600036621094,388.95001220703125,380.20001220703125,387.5,107284100,359.8099670410156
2021-02-24,386.3299865722656,392.2300109863281,385.2699890136719,391.7699890136719,72433900,363.7748107910156
2021-02-25,390.4100036621094,391.8800048828125,380.7799987792969,382.3299865722656,146670500,355.00933837890625
2021-02-26,384.3500061035156,385.5799865722656,378.2300109863281,380.3599853515625,152701600,353.18011474609375
2021-03-01,385.5899963378906,390.9200134277344,380.57000732421875,389.5799865722656,105348800,361.7413635253906
2021-03-02,389.82000732421875,390.07000732421875,386,386.5400085449219,79595300,358.9185791015625
2021-03-03,385.7900085449219,386.8299865722656,381.30999755859375,381.4200134277344,119940200,354.1644287109375
2021-03-04,381.2200012207031,384,371.8800048828125,376.70001220703125,183433000,349.7817077636719
2021-03-05,380.4599914550781,384.760009765625,372.6400146484375,383.6300048828125,152039600,356.2165222167969
2021-03-08,384.6600036621094,387.67999267578125,381.4200134277344,381.7200012207031,123149200,354.4429931640625
2021-03-09,385.8500061035156,389.9100036621094,385.30999755859375,387.1700134277344,113633600,359.5035400390625
2021-03-10,389.69000244140625,391.3999938964844,388.1700134277344,389.5799865722656,109899400,361.7413635253906
2021-03-11,392.2300109863281,395.6499938964844,391.739990234375,393.5299987792969,86245000,365.4090881347656
2021-03-12,392.07000732421875,394.2099914550781,391.20001220703125,394.05999755859375,64653600,365.9011535644531
2021-03-15,394.3299865722656,396.69000244140625,392.0299987792969,396.4100036621094,73427200,368.0832214355469
2021-03-16,397.07000732421875,397.8299865722656,395.0799865722656,395.9100036621094,73722500,367.6190185546875
2021-03-17,394.5299987792969,398.1199951171875,393.29998779296875,397.260009765625,97959300,368.8724670410156
2021-03-18,394.4800109863281,396.7200012207031,390.75,391.4800109863281,115349100,363.50555419921875
2021-03-19,389.8800048828125,391.57000732421875,387.1499938964844,389.4800109863281,113624500,362.8329772949219
2021-03-22,390.0299987792969,394.07000732421875,389.9700012207031,392.5899963378906,73778600,365.7300720214844
2021-03-23,391.9100036621094,393.4599914550781,388.6600036621094,389.5,90686600,362.85150146484375
2021-03-24,391,392.75,387.4700012207031,387.5199890136719,97588600,361.0070495605469
2021-03-25,385.9800109863281,390.54998779296875,383.8999938964844,389.70001220703125,116128600,363.037841796875
2021-03-26,390.92999267578125,396.4100036621094,390.2900085449219,395.9800109863281,114409100,368.8882751464844
2021-03-29,394.3999938964844,396.75,392.80999755859375,395.7799987792969,108107600,368.701904296875
2021-03-30,394.4200134277344,395.45001220703125,393.0199890136719,394.7300109863281,76262200,367.7237548828125
2021-03-31,395.3399963378906,398,395.30999755859375,396.3299865722656,112734200,369.21429443359375
2021-04-01,398.3999938964844,400.6700134277344,398.17999267578125,400.6099853515625,99682900,373.2014465332031
2021-04-05,403.4599914550781,406.94000244140625,403.3800048828125,406.3599853515625,91684800,378.55810546875
2021-04-06,405.760009765625,407.239990234375,405.3999938964844,406.1199951171875,62021000,378.3345031738281
2021-04-07,405.94000244140625,406.9599914550781,405.45001220703125,406.5899963378906,55836300,378.7723083496094
2021-04-08,407.92999267578125,408.5799865722656,406.92999267578125,408.5199890136719,57863100,380.5702209472656
2021-04-09,408.3900146484375,411.6700134277344,408.260009765625,411.489990234375,61104600,383.3370666503906
2021-04-12,410.8500061035156,411.92999267578125,410.20001220703125,411.6400146484375,56704900,383.4768371582031
2021-04-13,411.5299987792969,413.5299987792969,411.1199951171875,412.8599853515625,56551000,384.6132507324219
2021-04-14,412.8299865722656,413.9599914550781,410.8699951171875,411.45001220703125,61659900,383.2998352050781
2021-04-15,413.739990234375,416.1600036621094,413.69000244140625,415.8699951171875,60229800,387.4174499511719
2021-04-16,417.25,417.9100036621094,415.7300109863281,417.260009765625,82037300,388.7123718261719
2021-04-19,416.260009765625,416.739990234375,413.7900085449219,415.2099914550781,78498500,386.8025207519531
2021-04-20,413.9100036621094,415.0899963378906,410.5899963378906,412.1700134277344,81851800,383.9705810546875
2021-04-21,411.510009765625,416.2900085449219,411.3599853515625,416.07000732421875,66793000,387.6037292480469
2021-04-22,415.8900146484375,416.7799987792969,411.1300048828125,412.2699890136719,97582800,384.0636901855469
2021-04-23,412.8699951171875,418.25,412.7900085449219,416.739990234375,73209200,388.2279357910156
2021-04-26,417.44000244140625,418.2200012207031,416.80999755859375,417.6099853515625,52182400,389.0382995605469
2021-04-27,417.92999267578125,418.1400146484375,416.29998779296875,417.5199890136719,51303100,388.95452880859375
2021-04-28,417.80999755859375,419.010009765625,416.8999938964844,417.3999938964844,51238900,388.84271240234375
2021-04-29,420.32000732421875,420.7200012207031,416.44000244140625,420.05999755859375,78544300,391.3207092285156
2021-04-30,417.6300048828125,418.5400085449219,416.3399963378906,417.29998779296875,85527000,388.7496032714844
2021-05-03,419.42999267578125,419.8399963378906,417.6700134277344,418.20001220703125,68128300,389.58795166015625
2021-05-04,416.07000732421875,416.6000061035156,411.6700134277344,415.6199951171875,101591200,387.1845397949219
2021-05-05,417.3800048828125,417.6300048828125,415.1499938964844,415.75,60162200,387.3056335449219
2021-05-06,415.8299865722656,419.2099914550781,413.67999267578125,419.07000732421875,74321400,390.39849853515625
2021-05-07,419.8900146484375,422.82000732421875,419.1600036621094,422.1199951171875,67733800,393.2398681640625
2021-05-10,422.5,422.739990234375,417.80999755859375,417.94000244140625,81852400,389.34576416015625
2021-05-11,413.1000061035156,415.2699890136719,410.05999755859375,414.2099914550781,116888000,385.8710021972656
2021-05-12,411.2300109863281,412.5899963378906,404,405.4100036621094,134811000,377.673095703125
2021-05-13,407.07000732421875,412.3500061035156,407.0199890136719,410.2799987792969,106394000,382.20989990234375
2021-05-14,413.2099914550781,417.489990234375,413.17999267578125,416.5799865722656,82201600,388.0788269042969
2021-05-17,415.3900146484375,416.3900146484375,413.3599853515625,415.5199890136719,65129200,387.09136962890625
2021-05-18,415.79998779296875,416.05999755859375,411.7699890136719,411.94000244140625,59810200,383.7563171386719
2021-05-19,406.9200134277344,411.04998779296875,405.3299865722656,410.8599853515625,106467100,382.7500915527344
2021-05-20,411.79998779296875,416.6300048828125,411.6700134277344,415.2799987792969,78022200,386.8677978515625
2021-05-21,416.8699951171875,418.20001220703125,414.45001220703125,414.94000244140625,76578700,386.5510559082031
2021-05-24,417.3399963378906,420.32000732421875,417.0799865722656,419.1700134277344,51376700,390.49163818359375
2021-05-25,420.3299865722656,420.7099914550781,417.6199951171875,418.239990234375,57451400,389.6252746582031
2021-05-26,418.8699951171875,419.6099853515625,417.760009765625,419.07000732421875,43088600,390.39849853515625
2021-05-27,420.1700134277344,420.7200012207031,418.989990234375,419.2900085449219,56707700,390.60345458984375
2021-05-28,420.9700012207031,421.25,419.7900085449219,420.0400085449219,58520200,391.3020935058594
2021-06-01,422.57000732421875,422.7200012207031,419.20001220703125,419.6700134277344,54216600,390.95745849609375
2021-06-02,420.3699951171875,421.2300109863281,419.2900085449219,420.3299865722656,49097100,391.5722961425781
2021-06-03,417.8500061035156,419.989990234375,416.2799987792969,418.7699890136719,58138800,390.1190185546875
2021-06-04,420.75,422.9200134277344,418.8399963378906,422.6000061035156,55938800,393.6869201660156
2021-06-07,422.5899963378906,422.7799987792969,421.19000244140625,422.19000244140625,51555000,393.30499267578125
2021-06-08,423.1099853515625,423.2099914550781,420.32000732421875,422.2799987792969,47134300,393.3888244628906
2021-06-09,423.17999267578125,423.260009765625,421.4100036621094,421.6499938964844,48436300,392.80194091796875
2021-06-10,422.9599914550781,424.6300048828125,421.54998779296875,423.6099853515625,51020100,394.62786865234375
2021-06-11,424.20001220703125,424.42999267578125,422.82000732421875,424.30999755859375,45570800,395.27996826171875
2021-06-14,424.42999267578125,425.3699951171875,423.1000061035156,425.260009765625,42358500,396.1650085449219
2021-06-15,425.4200134277344,425.4599914550781,423.5400085449219,424.4800109863281,51508500,395.4383850097656
2021-06-16,424.6300048828125,424.8699951171875,419.9200134277344,422.1099853515625,80386100,393.2304992675781
2021-06-17,421.6700134277344,423.0199890136719,419.32000732421875,421.9700012207031,90949700,393.10009765625
2021-06-18,417.0899963378906,417.8299865722656,414.70001220703125,414.9200134277344,118676300,387.7969970703125
2021-06-21,416.79998779296875,421.05999755859375,415.92999267578125,420.8599853515625,72822000,393.3486633300781
2021-06-22,420.8500061035156,424,420.0799865722656,423.1099853515625,57700300,395.4516296386719
2021-06-23,423.19000244140625,424.04998779296875,422.510009765625,422.6000061035156,49445400,394.97491455078125
2021-06-24,424.8900146484375,425.54998779296875,424.6199951171875,425.1000061035156,45110300,397.3115539550781
2021-06-25,425.8999938964844,427.0899963378906,425.54998779296875,426.6099853515625,58129500,398.7228088378906
2021-06-28,427.1700134277344,427.6499938964844,425.8900146484375,427.4700012207031,53159600,399.5266418457031
2021-06-29,427.8800048828125,428.55999755859375,427.1300048828125,427.70001220703125,35970500,399.7416076660156
2021-06-30,427.2099914550781,428.7799987792969,427.17999267578125,428.05999755859375,64827900,400.0780334472656
2021-07-01,428.8699951171875,430.6000061035156,428.79998779296875,430.42999267578125,53441000,402.2930908203125
2021-07-02,431.6700134277344,434.1000061035156,430.5199890136719,433.7200012207031,57697700,405.3680114746094
2021-07-06,433.7799987792969,434.010009765625,430.010009765625,432.92999267578125,68710400,404.6296691894531
2021-07-07,433.6600036621094,434.760009765625,431.510009765625,434.4599914550781,63549500,406.0596618652344
2021-07-08,428.7799987792969,431.7300109863281,427.5199890136719,430.9200134277344,97595200,402.7510681152344
2021-07-09,432.5299987792969,435.8399963378906,430.7099914550781,435.5199890136719,76238600,407.0503845214844
2021-07-12,435.42999267578125,437.3500061035156,434.9700012207031,437.0799865722656,52889600,408.5084228515625
2021-07-13,436.239990234375,437.8399963378906,435.30999755859375,435.5899963378906,52911300,407.11578369140625
2021-07-14,437.3999938964844,437.9200134277344,434.9100036621094,436.239990234375,64130400,407.7233581542969
2021-07-15,434.80999755859375,435.5299987792969,432.7200012207031,434.75,55126400,406.3307189941406
2021-07-16,436.010009765625,436.05999755859375,430.9200134277344,431.3399963378906,75874700,403.1435546875
2021-07-19,426.19000244140625,431.4100036621094,421.9700012207031,424.9700012207031,147987000,397.1900329589844
2021-07-20,425.67999267578125,432.4200134277344,424.8299865722656,431.05999755859375,99608200,402.8819580078125
2021-07-21,432.3399963378906,434.70001220703125,431.010009765625,434.54998779296875,64724400,406.1438293457031
2021-07-22,434.739990234375,435.7200012207031,433.69000244140625,435.4599914550781,47878500,406.9942932128906
2021-07-23,437.5199890136719,440.29998779296875,436.7900085449219,439.94000244140625,63766600,411.1814270019531
2021-07-26,439.30999755859375,441.0299987792969,439.260009765625,441.0199890136719,43719200,412.19085693359375
2021-07-27,439.9100036621094,439.94000244140625,435.989990234375,439.010009765625,67397100,410.3122863769531
2021-07-28,439.67999267578125,440.29998779296875,437.30999755859375,438.8299865722656,52472400,410.14404296875
2021-07-29,439.82000732421875,441.79998779296875,439.80999755859375,440.6499938964844,47435300,411.84503173828125
2021-07-30,437.9100036621094,440.05999755859375,437.7699890136719,438.510009765625,68951200,409.844970703125
2021-08-02,440.3399963378906,440.92999267578125,437.2099914550781,437.5899963378906,58783300,408.9850769042969
2021-08-03,438.44000244140625,441.2799987792969,436.1000061035156,441.1499938964844,58053900,412.31231689453125
2021-08-04,439.7799987792969,441.1199951171875,438.7300109863281,438.9800109863281,46732200,410.2841796875
2021-08-05,440.2200012207031,441.8500061035156,439.8800048828125,441.760009765625,38969700,412.8824768066406
2021-08-06,442.1000061035156,442.94000244140625,441.79998779296875,442.489990234375,46930000,413.56475830078125
2021-08-09,442.4599914550781,442.79998779296875,441.30999755859375,442.1300048828125,41222600,413.22833251953125
2021-08-10,442.6099853515625,443.44000244140625,441.8800048828125,442.67999267578125,43339300,413.7422790527344
2021-08-11,443.82000732421875,443.8800048828125,442.6199951171875,443.7799987792969,44034300,414.77044677734375
2021-08-12,443.6199951171875,445.260009765625,442.6600036621094,445.1099853515625,38909400,416.0133972167969
2021-08-13,445.5899963378906,445.94000244140625,445.07000732421875,445.9200134277344,39470300,416.7705993652344
2021-08-16,444.5299987792969,447.1099853515625,442.8699951171875,446.9700012207031,73740000,417.751953125
2021-08-17,444.239990234375,444.9599914550781,440.8500061035156,444.0400085449219,92673900,415.0134582519531
2021-08-18,442.9599914550781,444.6300048828125,438.9200134277344,439.17999267578125,89351900,410.47113037109375
2021-08-19,436.2699890136719,441.1400146484375,436.1199951171875,439.8599853515625,92812200,411.10662841796875
2021-08-20,440.2300109863281,443.7099914550781,439.7099914550781,443.3599853515625,72008700,414.37786865234375
2021-08-23,445.1600036621094,448.2300109863281,443.44000244140625,447.260009765625,54973000,418.0229187011719
2021-08-24,447.9700012207031,448.5400085449219,447.4200134277344,447.9700012207031,38744700,418.68646240234375
2021-08-25,448.1700134277344,449.4599914550781,447.7699890136719,448.9100036621094,40529700,419.5650634765625
2021-08-26,448.6099853515625,448.8599853515625,446.1600036621094,446.260009765625,57829600,417.08831787109375
2021-08-27,447.1199951171875,450.6499938964844,447.05999755859375,450.25,77235100,420.8175048828125
2021-08-30,450.9700012207031,453.07000732421875,450.7099914550781,452.2300109863281,48357400,422.6680603027344
2021-08-31,452.1300048828125,452.489990234375,450.9200134277344,451.55999755859375,59300200,422.0418395996094
2021-09-01,452.55999755859375,453.1099853515625,451.54998779296875,451.79998779296875,48721400,422.2662048339844
2021-09-02,453.32000732421875,454.04998779296875,451.9100036621094,453.19000244140625,42501000,423.5653381347656
2021-09-03,451.9800109863281,453.6300048828125,451.54998779296875,453.0799865722656,47170500,423.4624328613281
2021-09-07,452.7099914550781,452.80999755859375,450.739990234375,451.4599914550781,51671500,421.9483642578125
2021-09-08,450.8900146484375,451.6700134277344,448.8599853515625,450.9100036621094,56181900,421.4343566894531
2021-09-09,450.70001220703125,452.57000732421875,448.7200012207031,448.9800109863281,57970400,419.6304931640625
2021-09-10,451.0400085449219,451.489990234375,445.30999755859375,445.44000244140625,89948200,416.32196044921875
2021-09-13,448.6400146484375,448.9200134277344,444.1099853515625,446.5799865722656,83738600,417.3874206542969
2021-09-14,448.1199951171875,448.3399963378906,443.2200012207031,444.1700134277344,78197100,415.13494873046875
2021-09-15,444.6199951171875,448.4100036621094,443.44000244140625,447.8800048828125,78792200,418.6024475097656
2021-09-16,447.32000732421875,448.3599853515625,444.0199890136719,447.1700134277344,77786700,417.9388122558594
2021-09-17,444.9200134277344,445.3699951171875,441.0199890136719,441.3999938964844,118425000,413.86767578125
2021-09-20,434.8800048828125,436.55999755859375,428.8599853515625,434.0400085449219,166445500,406.9667663574219
2021-09-21,436.5299987792969,437.9100036621094,433.07000732421875,433.6300048828125,92526100,406.58233642578125
2021-09-22,436.04998779296875,440.0299987792969,433.75,437.8599853515625,102350100,410.5484619140625
2021-09-23,439.8500061035156,444.8900146484375,439.6000061035156,443.17999267578125,76396000,415.53662109375
2021-09-24,441.44000244140625,444.6700134277344,441.2099914550781,443.9100036621094,62094800,416.22113037109375
2021-09-27,442.80999755859375,444.04998779296875,441.8999938964844,442.6400146484375,61371100,415.03033447265625
2021-09-28,439.69000244140625,440.0400085449219,432.94000244140625,433.7200012207031,130436300,406.6667175292969
2021-09-29,435.19000244140625,437.0400085449219,433.8500061035156,434.45001220703125,82329200,407.3512268066406
2021-09-30,436.0199890136719,436.7699890136719,428.7799987792969,429.1400146484375,140506000,402.3724060058594
2021-10-01,430.9800109863281,436.0299987792969,427.2300109863281,434.239990234375,129240100,407.1543273925781
2021-10-04,433,433.9599914550781,426.3599853515625,428.6400146484375,128570000,401.9036865234375
2021-10-05,430.239990234375,435.489990234375,429.3900146484375,433.1000061035156,90682500,406.08538818359375
2021-10-06,429.2699890136719,435.1199951171875,427.5400085449219,434.8999938964844,113032200,407.7730712890625
2021-10-07,438.3900146484375,441.67999267578125,438.20001220703125,438.6600036621094,72437500,411.2986145019531
2021-10-08,439.4800109863281,439.8900146484375,437.19000244140625,437.8599853515625,74557400,410.5484619140625
2021-10-11,437.1600036621094,440.260009765625,434.6199951171875,434.69000244140625,65233300,407.57623291015625
2021-10-12,435.6700134277344,436.1000061035156,432.7799987792969,433.6199951171875,71181200,406.57293701171875
2021-10-13,434.7099914550781,436.04998779296875,431.5400085449219,435.17999267578125,72974000,408.0356750488281
2021-10-14,439.0799865722656,442.6600036621094,438.5799865722656,442.5,70236800,414.8990478515625
2021-10-15,444.75,446.260009765625,444.0899963378906,445.8699951171875,66260200,418.05889892578125
2021-10-18,443.9700012207031,447.54998779296875,443.2699890136719,447.19000244140625,62213200,419.2965087890625
2021-10-19,448.9200134277344,450.7099914550781,448.2699890136719,450.6400146484375,46996800,422.53131103515625
2021-10-20,451.1300048828125,452.7300109863281,451.010009765625,452.4100036621094,49571600,424.1908874511719
2021-10-21,451.7699890136719,453.8299865722656,451.30999755859375,453.5899963378906,41305400,425.29730224609375
2021-10-22,453.1300048828125,454.6700134277344,451.04998779296875,453.1199951171875,58845100,424.85662841796875
2021-10-25,454.2799987792969,455.8999938964844,452.3900146484375,455.54998779296875,45214500,427.1351013183594
2021-10-26,457.20001220703125,458.489990234375,455.55999755859375,455.9599914550781,56075100,427.5195617675781
2021-10-27,456.45001220703125,457.1600036621094,453.8599853515625,453.94000244140625,72438000,425.6254577636719
2021-10-28,455.4599914550781,458.3999938964844,455.45001220703125,458.32000732421875,51437900,429.7322692871094
2021-10-29,455.8699951171875,459.55999755859375,455.55999755859375,459.25,70162400,430.6043395996094
2021-11-01,460.29998779296875,460.70001220703125,458.20001220703125,460.0400085449219,48433600,431.344970703125
2021-11-02,460.2200012207031,462.2300109863281,460.0799865722656,461.8999938964844,48908400,433.0889587402344
2021-11-03,461.29998779296875,465.1499938964844,460.8299865722656,464.7200012207031,52509800,435.7330627441406
2021-11-04,465.3599853515625,467,464.989990234375,466.9100036621094,52847100,437.7864990234375
2021-11-05,469.2799987792969,470.6499938964844,466.9200134277344,468.5299987792969,66390600,439.30548095703125
2021-11-08,469.70001220703125,470.2300109863281,468.20001220703125,468.92999267578125,50405200,439.6804504394531
2021-11-09,469.32000732421875,469.57000732421875,465.8800048828125,467.3800048828125,51149100,438.2271423339844
2021-11-10,465.5799865722656,467.3800048828125,462.0400085449219,463.6199951171875,69429700,434.7016906738281
2021-11-11,465.2099914550781,465.2900085449219,463.75,463.7699890136719,34848500,434.84234619140625
2021-11-12,465.1199951171875,467.8599853515625,464.1099853515625,467.2699890136719,53466700,438.1239929199219
2021-11-15,468.6400146484375,468.80999755859375,466.2300109863281,467.42999267578125,46980500,438.2740478515625
2021-11-16,467.1499938964844,470.489990234375,467.07000732421875,469.2799987792969,48857500,440.0086669921875
2021-11-17,469,469.19000244140625,467.4800109863281,468.1400146484375,47858300,438.93975830078125
2021-11-18,469.239990234375,470.010009765625,466.3399963378906,469.7300109863281,50625600,440.4305419921875
2021-11-19,469.6099853515625,470.94000244140625,468.5,468.8900146484375,57315600,439.64300537109375
2021-11-22,470.8900146484375,473.5400085449219,467.3500061035156,467.57000732421875,72762000,438.40533447265625
2021-11-23,467.2200012207031,469.1000061035156,464.45001220703125,468.19000244140625,73206500,438.9866638183594
2021-11-24,466.05999755859375,469.57000732421875,465.19000244140625,469.44000244140625,61858800,440.1586608886719
2021-11-26,462.3399963378906,463.8999938964844,457.7699890136719,458.9700012207031,112669600,430.3417053222656
2021-11-29,464.07000732421875,466.55999755859375,461.7300109863281,464.6000061035156,86268800,435.62060546875
2021-11-30,462,464.0299987792969,455.29998779296875,455.55999755859375,148559600,427.14447021484375
2021-12-01,461.6400146484375,464.6700134277344,450.2900085449219,450.5,131939200,422.4001159667969
2021-12-02,450.7300109863281,459.07000732421875,450.30999755859375,457.3999938964844,127637800,428.86968994140625
2021-12-03,459.1700134277344,460.29998779296875,448.9200134277344,453.4200134277344,137331600,425.1378479003906
2021-12-06,456.1300048828125,460.7900085449219,453.55999755859375,458.7900085449219,98977500,430.1730041503906
2021-12-07,464.4100036621094,468.8800048828125,458.6499938964844,468.2799987792969,95484700,439.07098388671875
2021-12-08,468.70001220703125,470,466.8299865722656,469.5199890136719,72238800,440.2336120605469
2021-12-09,468.1499938964844,469.6300048828125,466.1400146484375,466.3500061035156,61272600,437.2614440917969
2021-12-10,469.2300109863281,470.8999938964844,466.510009765625,470.739990234375,77159800,441.3775939941406
2021-12-13,470.19000244140625,470.55999755859375,466.2699890136719,466.57000732421875,87724700,437.46771240234375
2021-12-14,463.0899963378906,465.739990234375,460.25,463.3599853515625,97264100,434.4578552246094
2021-12-15,463.4200134277344,470.8599853515625,460.739990234375,470.6000061035156,116899300,441.2463073730469
2021-12-16,472.57000732421875,472.8699951171875,464.79998779296875,466.45001220703125,116568600,437.3551940917969
2021-12-17,461.54998779296875,464.739990234375,458.05999755859375,459.8699951171875,135511600,432.7004089355469
2021-12-20,454.4800109863281,455.3999938964844,451.1400146484375,454.9800109863281,107134800,428.099365234375
2021-12-21,458.6099853515625,463.2099914550781,456.30999755859375,463.05999755859375,69806300,435.7020263671875
2021-12-22,462.7900085449219,467.80999755859375,462.5799865722656,467.69000244140625,58890200,440.0584411621094
2021-12-23,468.75,472.19000244140625,468.6400146484375,470.6000061035156,56439700,442.7965087890625
2021-12-27,472.05999755859375,477.30999755859375,472.010009765625,477.260009765625,56808600,449.0630798339844
2021-12-28,477.7200012207031,478.80999755859375,476.05999755859375,476.8699951171875,47274600,448.6960754394531
2021-12-29,476.9800109863281,478.55999755859375,475.9200134277344,477.4800109863281,54503000,449.27008056640625
2021-12-30,477.92999267578125,479,475.6700134277344,476.1600036621094,55329000,448.0279846191406
2021-12-31,475.6400146484375,476.8599853515625,474.6700134277344,474.9599914550781,65237400,446.89892578125
2022-01-03,476.29998779296875,477.8500061035156,473.8500061035156,477.7099914550781,72668200,449.4864807128906
2022-01-04,479.2200012207031,479.9800109863281,475.5799865722656,477.54998779296875,71178700,449.33587646484375
2022-01-05,477.1600036621094,477.9800109863281,468.2799987792969,468.3800048828125,104538900,440.7076721191406
2022-01-06,467.8900146484375,470.82000732421875,465.42999267578125,467.94000244140625,86858900,440.2936706542969
2022-01-07,467.95001220703125,469.20001220703125,464.6499938964844,466.0899963378906,85111600,438.5530090332031
2022-01-10,462.70001220703125,465.739990234375,456.6000061035156,465.510009765625,119362000,438.0072021484375
2022-01-11,465.2300109863281,469.8500061035156,462.04998779296875,469.75,74303100,441.99676513671875
2022-01-12,471.5899963378906,473.20001220703125,468.94000244140625,471.0199890136719,67605400,443.1917419433594
2022-01-13,472.19000244140625,472.8800048828125,463.44000244140625,464.5299987792969,91173100,437.0851135253906
2022-01-14,461.19000244140625,465.0899963378906,459.8999938964844,464.7200012207031,95890900,437.2638854980469
2022-01-18,459.739990234375,459.9599914550781,455.30999755859375,456.489990234375,109709100,429.5201416015625
2022-01-19,458.1300048828125,459.6099853515625,451.4599914550781,451.75,109357600,425.0601806640625
2022-01-20,453.75,458.739990234375,444.5,446.75,122379700,420.3555908203125
2022-01-21,445.55999755859375,448.05999755859375,437.95001220703125,437.9800109863281,202271200,412.103759765625
2022-01-24,432.0299987792969,440.3800048828125,420.760009765625,439.8399963378906,251783900,413.85382080078125
2022-01-25,433.05999755859375,439.7200012207031,427.1499938964844,434.4700012207031,167997300,408.80108642578125
2022-01-26,440.7200012207031,444.0400085449219,428.8599853515625,433.3800048828125,186391100,407.7755432128906
2022-01-27,438.260009765625,441.5899963378906,429.45001220703125,431.239990234375,149878300,405.7618408203125
2022-01-28,432.67999267578125,442,427.82000732421875,441.95001220703125,164457400,415.8392333984375
2022-01-31,441.239990234375,450.2799987792969,439.80999755859375,449.9100036621094,152251400,423.3289489746094
2022-02-01,450.67999267578125,453.6300048828125,446.94000244140625,452.95001220703125,123155400,426.1892395019531
2022-02-02,455.5,458.1199951171875,453.04998779296875,457.3500061035156,117361000,430.32940673828125
2022-02-03,450.95001220703125,452.9700012207031,445.7099914550781,446.6000061035156,118024400,420.2144470214844
2022-02-04,446.3500061035156,452.7799987792969,443.8299865722656,448.70001220703125,118454400,422.19036865234375
2022-02-07,449.510009765625,450.989990234375,445.8500061035156,447.260009765625,84472900,420.8354187011719
2022-02-08,446.7300109863281,451.9200134277344,445.2200012207031,450.94000244140625,81012000,424.2980651855469
2022-02-09,455.2200012207031,457.8800048828125,455.010009765625,457.5400085449219,92589900,430.50811767578125
2022-02-10,451.3399963378906,457.7099914550781,447.20001220703125,449.32000732421875,140103700,422.7737731933594
2022-02-11,449.4100036621094,451.6099853515625,438.94000244140625,440.4599914550781,153214600,414.43731689453125
2022-02-14,439.9200134277344,441.6000061035156,435.3399963378906,439.0199890136719,123006300,413.082275390625
2022-02-15,443.7300109863281,446.2799987792969,443.17999267578125,446.1000061035156,88482700,419.7439880371094
2022-02-16,443.92999267578125,448.05999755859375,441.94000244140625,446.6000061035156,84863600,420.2144470214844
2022-02-17,443.2200012207031,446.57000732421875,436.4200134277344,437.05999755859375,102259100,411.23809814453125
2022-02-18,437.3299865722656,438.6600036621094,431.82000732421875,434.2300109863281,132642900,408.57537841796875
2022-02-22,431.8900146484375,435.5,425.8599853515625,429.57000732421875,124391800,404.1905822753906
2022-02-23,432.6600036621094,433.260009765625,421.3500061035156,421.95001220703125,132578000,397.02081298828125
2022-02-24,411.0199890136719,428.760009765625,410.6400146484375,428.29998779296875,213942900,402.9956359863281
2022-02-25,429.6099853515625,437.8399963378906,427.8599853515625,437.75,121804500,411.88726806640625
2022-02-28,432.0299987792969,438.20001220703125,430.70001220703125,436.6300048828125,145615000,410.83349609375
2022-03-01,435.0400085449219,437.1700134277344,427.1099853515625,429.9800109863281,137785900,404.5763854980469
2022-03-02,432.3699951171875,439.7200012207031,431.57000732421875,437.8900146484375,117726500,412.0190124511719
2022-03-03,440.4700012207031,441.1099853515625,433.79998779296875,435.7099914550781,105501700,409.9678955078125
2022-03-04,431.75,433.3699951171875,427.8800048828125,432.1700134277344,113978200,406.63702392578125
2022-03-07,431.54998779296875,432.29998779296875,419.3599853515625,419.42999267578125,137896600,394.649658203125
2022-03-08,419.6199951171875,427.2099914550781,415.1199951171875,416.25,164772700,391.65753173828125
2022-03-09,425.1400146484375,429.510009765625,422.82000732421875,427.4100036621094,116990800,402.15826416015625
2022-03-10,422.5199890136719,426.42999267578125,420.44000244140625,425.4800109863281,93972700,400.3423156738281
2022-03-11,428.1199951171875,428.7699890136719,419.5299987792969,420.07000732421875,95636300,395.2519226074219
2022-03-14,420.8900146484375,424.54998779296875,415.7900085449219,417,95729200,392.3632507324219
2022-03-15,419.7699890136719,426.8399963378906,418.4200134277344,426.1700134277344,106219100,400.9915466308594
2022-03-16,429.8900146484375,435.67999267578125,424.79998779296875,435.6199951171875,144954800,409.8831787109375
2022-03-17,433.5899963378906,441.07000732421875,433.19000244140625,441.07000732421875,102676900,415.01116943359375
2022-03-18,438,444.8599853515625,437.2200012207031,444.5199890136719,106345500,419.5567321777344
2022-03-21,444.3399963378906,446.4599914550781,440.67999267578125,444.3900146484375,88349800,419.4339904785156
2022-03-22,445.8599853515625,450.5799865722656,445.8599853515625,449.5899963378906,74650400,424.3419494628906
2022-03-23,446.9100036621094,448.489990234375,443.7099914550781,443.79998779296875,79426100,418.87713623046875
2022-03-24,445.94000244140625,450.5,444.760009765625,450.489990234375,64736900,425.19146728515625
2022-03-25,451.1600036621094,452.9800109863281,448.42999267578125,452.69000244140625,77101300,427.2678527832031
2022-03-28,452.05999755859375,455.9100036621094,450.05999755859375,455.9100036621094,68529800,430.3070983886719
2022-03-29,460.0199890136719,462.07000732421875,457.17999267578125,461.54998779296875,86581500,435.6302795410156
2022-03-30,460.3399963378906,461.20001220703125,456.4700012207031,458.70001220703125,79666900,432.94036865234375
2022-03-31,457.8900146484375,458.760009765625,451.1600036621094,451.6400146484375,121699900,426.27691650390625
2022-04-01,453.30999755859375,453.4599914550781,449.1400146484375,452.9200134277344,89048800,427.4849853515625
2022-04-04,453.1300048828125,456.9100036621094,452.260009765625,456.79998779296875,59601000,431.1471252441406
2022-04-05,455.2200012207031,457.8299865722656,449.82000732421875,451.0299987792969,74214500,425.70111083984375
2022-04-06,446.8900146484375,448.92999267578125,443.4700012207031,446.5199890136719,106898000,421.4443359375
2022-04-07,445.5899963378906,450.69000244140625,443.5299987792969,448.7699890136719,78097200,423.5680847167969
2022-04-08,447.9700012207031,450.6300048828125,445.94000244140625,447.57000732421875,79272700,422.4354553222656
2022-04-11,444.1099853515625,445,439.3900146484375,439.9200134277344,89770500,415.21502685546875
2022-04-12,443.0799865722656,445.75,436.6499938964844,438.2900085449219,84363600,413.6766052246094
2022-04-13,438.0299987792969,444.1099853515625,437.8399963378906,443.30999755859375,74070400,418.4146423339844
2022-04-14,443.54998779296875,444.7300109863281,437.67999267578125,437.7900085449219,97869500,413.2046203613281
2022-04-18,436.80999755859375,439.75,435.6099853515625,437.9700012207031,66002500,413.3746032714844
2022-04-19,437.8599853515625,445.79998779296875,437.67999267578125,445.0400085449219,77821000,420.04754638671875
2022-04-20,446.9200134277344,447.57000732421875,443.4800109863281,444.7099914550781,65224400,419.7359924316406
2022-04-21,448.5400085449219,450.010009765625,437.1000061035156,438.05999755859375,85417300,413.45947265625
2022-04-22,436.9100036621094,438.0799865722656,425.44000244140625,426.0400085449219,132471800,402.114501953125
2022-04-25,423.6700134277344,428.69000244140625,418.8399963378906,428.510009765625,119647700,404.4457702636719
2022-04-26,425.8299865722656,426.0400085449219,416.07000732421875,416.1000061035156,103996300,392.7327880859375
2022-04-27,417.239990234375,422.9200134277344,415.010009765625,417.2699890136719,122030000,393.8370056152344
2022-04-28,422.2900085449219,429.6400146484375,417.6000061035156,427.80999755859375,105449100,403.7851257324219
2022-04-29,423.5899963378906,425.8699951171875,411.2099914550781,412,145491100,388.86297607421875
2022-05-02,412.07000732421875,415.9200134277344,405.0199890136719,414.4800109863281,158312500,391.2037048339844
2022-05-03,415.010009765625,418.92999267578125,413.3599853515625,416.3800048828125,100028200,392.99700927734375
2022-05-04,417.0799865722656,429.6600036621094,413.7099914550781,429.05999755859375,144247900,404.9649353027344
2022-05-05,424.54998779296875,425,409.44000244140625,413.80999755859375,172929100,390.57135009765625
2022-05-06,411.1000061035156,414.79998779296875,405.7300109863281,411.3399963378906,151770800,388.24005126953125
2022-05-09,405.1000061035156,406.4100036621094,396.5,398.1700134277344,155586100,375.8096008300781
2022-05-10,404.489990234375,406.0799865722656,394.82000732421875,399.0899963378906,132497200,376.6779479980469
2022-05-11,398.07000732421875,404.0400085449219,391.9599914550781,392.75,142361000,370.694091796875
2022-05-12,389.3699951171875,395.79998779296875,385.1499938964844,392.3399963378906,125090800,370.3070983886719
2022-05-13,396.7099914550781,403.17999267578125,395.6099853515625,401.7200012207031,104174400,379.1603088378906
2022-05-16,399.9800109863281,403.9700012207031,397.6000061035156,400.0899963378906,78622400,377.621826171875
2022-05-17,406.5299987792969,408.57000732421875,402.5799865722656,408.32000732421875,83029700,385.3896484375
2022-05-18,403.5,403.79998779296875,390.54998779296875,391.8599853515625,117674500,369.8539733886719
2022-05-19,388.6199951171875,394.1400146484375,387.1099853515625,389.4599914550781,98510700,367.5887145996094
2022-05-20,393.25,397.0299987792969,380.5400085449219,389.6300048828125,131432200,367.7492370605469
2022-05-23,392.8299865722656,397.7300109863281,390.3800048828125,396.9200134277344,76414900,374.6298828125
2022-05-24,392.55999755859375,395.1499938964844,386.9599914550781,393.8900146484375,91448800,371.77001953125
2022-05-25,392.30999755859375,399.45001220703125,391.8900146484375,397.3699951171875,91472900,375.0545654296875
2022-05-26,398.6700134277344,407.0400085449219,398.45001220703125,405.30999755859375,82168300,382.5486755371094
2022-05-27,407.9100036621094,415.3800048828125,407.70001220703125,415.260009765625,84768700,391.9399108886719
2022-05-31,413.54998779296875,416.4599914550781,410.0299987792969,412.92999267578125,95937000,389.7407531738281
2022-06-01,415.1700134277344,416.239990234375,406.92999267578125,409.5899963378906,86585800,386.5882873535156
2022-06-02,409.4200134277344,417.44000244140625,407.0400085449219,417.3900146484375,79609600,393.9503173828125
2022-06-03,412.3999938964844,414.0400085449219,409.510009765625,410.5400085449219,71874300,387.4849548339844
2022-06-06,414.7799987792969,416.6099853515625,410.54998779296875,411.7900085449219,57508900,388.6648254394531
2022-06-07,408.1000061035156,416.2200012207031,407.6099853515625,415.739990234375,59272400,392.3929138183594
2022-06-08,413.92999267578125,415.82000732421875,410.3800048828125,411.2200012207031,64350000,388.1267395019531
2022-06-09,409.3399963378906,411.739990234375,401.44000244140625,401.44000244140625,86289800,378.89605712890625
2022-06-10,394.8800048828125,395.7799987792969,389.75,389.79998779296875,132893900,367.9096984863281
2022-06-13,379.8500061035156,381.80999755859375,373.29998779296875,375,170004900,353.9408264160156
2022-06-14,376.8500061035156,377.94000244140625,370.5899963378906,373.8699951171875,104011800,352.8742370605469
2022-06-15,377.3599853515625,383.8999938964844,372.1199951171875,379.20001220703125,125666800,357.9049987792969
2022-06-16,370.510009765625,370.94000244140625,364.0799865722656,366.6499938964844,134473300,346.0597229003906
2022-06-17,365.510009765625,369.3800048828125,362.1700134277344,365.8599853515625,111113900,346.80572509765625
2022-06-21,371.8900146484375,376.5299987792969,371.80999755859375,375.07000732421875,76811900,355.5361633300781
2022-06-22,370.6199951171875,378.7200012207031,370.17999267578125,374.3900146484375,90059400,354.8915100097656
2022-06-23,376.6400146484375,378.8299865722656,372.8900146484375,378.05999755859375,79292100,358.3703308105469
2022-06-24,381.3999938964844,390.0899963378906,381.3699951171875,390.0799865722656,98050300,369.7643737792969
2022-06-27,391.04998779296875,391.3599853515625,387.44000244140625,388.5899963378906,66009600,368.3519287109375
2022-06-28,390.2300109863281,393.1600036621094,380.5299987792969,380.6499938964844,86548900,360.8255310058594
2022-06-29,381.2300109863281,382.2699890136719,378.4200134277344,380.3399963378906,65676000,360.5315856933594
2022-06-30,376.239990234375,380.6600036621094,372.55999755859375,377.25,112508300,357.6025695800781
2022-07-01,376.55999755859375,381.70001220703125,373.79998779296875,381.239990234375,74839700,361.3847351074219
2022-07-05,375.8800048828125,381.9800109863281,372.8999938964844,381.9599914550781,81438000,362.06719970703125
2022-07-06,382.1099853515625,385.8699951171875,379.6000061035156,383.25,70426200,363.29010009765625
2022-07-07,385.1199951171875,389.8299865722656,383.2699890136719,388.989990234375,64525900,368.7311096191406
2022-07-08,387.2699890136719,390.6400146484375,385.6600036621094,388.6700134277344,72397800,368.4278259277344
2022-07-11,385.8500061035156,386.8699951171875,383.5,384.2300109863281,58366900,364.21905517578125
2022-07-12,383.6499938964844,386.1600036621094,378.989990234375,380.8299865722656,62219200,360.99615478515625
2022-07-13,375.1000061035156,381.9200134277344,374.6600036621094,378.8299865722656,84224600,359.1002197265625
2022-07-14,373.6099853515625,379.04998779296875,371.0400085449219,377.9100036621094,89704800,358.2281799316406
2022-07-15,382.54998779296875,385.25,380.5400085449219,385.1300048828125,79060400,365.0721740722656
2022-07-18,388.3800048828125,389.0899963378906,380.6600036621094,381.95001220703125,63203600,362.05780029296875
2022-07-19,386.0799865722656,392.8699951171875,385.3900146484375,392.2699890136719,78506000,371.84033203125
2022-07-20,392.4700012207031,396.260009765625,391.0299987792969,394.7699890136719,71843800,374.2100830078125
2022-07-21,394.1600036621094,398.8399963378906,391.6300048828125,398.7900085449219,64903900,378.020751953125
2022-07-22,398.9200134277344,400.17999267578125,392.75,395.0899963378906,72197300,374.5133972167969
2022-07-25,395.75,396.4700012207031,393.2099914550781,395.57000732421875,53631500,374.9684143066406
2022-07-26,393.8399963378906,394.05999755859375,389.95001220703125,390.8900146484375,52946400,370.53216552734375
2022-07-27,394.3599853515625,402.8800048828125,394.04998779296875,401.0400085449219,82342100,380.1535339355469
2022-07-28,401.8900146484375,406.79998779296875,398.1499938964844,406.07000732421875,73966600,384.921630859375
2022-07-29,407.5799865722656,413.0299987792969,406.7699890136719,411.989990234375,87003700,390.5332336425781
2022-08-01,409.1499938964844,413.4100036621094,408.3999938964844,410.7699890136719,69997500,389.3768615722656
2022-08-02,409.1199951171875,413,406.82000732421875,408.05999755859375,63435400,386.8079528808594
2022-08-03,410.29998779296875,415.67999267578125,410,414.45001220703125,67820600,392.8651123046875
2022-08-04,414.3699951171875,415.0899963378906,412.44000244140625,414.1700134277344,45656600,392.5997009277344
2022-08-05,409.6600036621094,414.1499938964844,409.6000061035156,413.4700012207031,56814900,391.9361877441406
2022-08-08,415.25,417.6199951171875,411.8299865722656,412.989990234375,53886100,391.4811706542969
2022-08-09,412.2200012207031,412.75,410.2200012207031,411.3500061035156,44931800,389.9266357421875
2022-08-10,418.7799987792969,420.1400146484375,416.7200012207031,419.989990234375,68665700,398.1166687011719
2022-08-11,422.989990234375,424.95001220703125,419.2099914550781,419.989990234375,59489700,398.1166687011719
2022-08-12,422.0299987792969,427.2099914550781,421.0299987792969,427.1000061035156,61694500,404.85638427734375
2022-08-15,424.7699890136719,429.4100036621094,424.7099914550781,428.8599853515625,54048300,406.5246887207031
2022-08-16,427.7300109863281,431.7300109863281,426.8800048828125,429.70001220703125,59289000,407.3209228515625
2022-08-17,425.9100036621094,429.5,424.5400085449219,426.6499938964844,63563400,404.4297790527344
2022-08-18,426.8599853515625,428.6099853515625,425.5,427.8900146484375,49023200,405.6051330566406
2022-08-19,424.9800109863281,425.260009765625,421.2200012207031,422.1400146484375,68016900,400.1546630859375
2022-08-22,417.04998779296875,417.2300109863281,412.3999938964844,413.3500061035156,77695600,391.82244873046875
2022-08-23,412.8999938964844,415.4200134277344,411.7699890136719,412.3500061035156,49105200,390.8744812011719
2022-08-24,412.1099853515625,415.1099853515625,411.3900146484375,413.6700134277344,49177800,392.12579345703125
2022-08-25,415.239990234375,419.55999755859375,414.0899963378906,419.510009765625,50942300,397.6615905761719
2022-08-26,419.3900146484375,419.9599914550781,405.25,405.30999755859375,103087000,384.201171875
2022-08-29,402.20001220703125,405.8399963378906,401.20001220703125,402.6300048828125,65370800,381.6607360839844
2022-08-30,403.8500061035156,404.1000061035156,396,398.2099914550781,85652400,377.470947265625
2022-08-31,399.92999267578125,401.239990234375,395.0400085449219,395.17999267578125,76029700,374.5987243652344
2022-09-01,392.8900146484375,396.7799987792969,390.0400085449219,396.4200134277344,78740100,375.7741394042969
2022-09-02,400.2799987792969,401.55999755859375,390.3299865722656,392.239990234375,99632100,371.8118591308594
2022-09-06,393.1300048828125,394.1199951171875,388.4200134277344,390.760009765625,76637400,370.4090270996094
2022-09-07,390.42999267578125,398.5899963378906,390.20001220703125,397.7799987792969,70964200,377.0633544921875
2022-09-08,395.3900146484375,400.8599853515625,394.1199951171875,400.3800048828125,80821700,379.52789306640625
2022-09-09,402.739990234375,407.510009765625,402.4599914550781,406.6000061035156,76706900,385.4239501953125
2022-09-12,408.7799987792969,411.7300109863281,408.4599914550781,410.9700012207031,69256300,389.56640625
2022-09-13,401.8299865722656,403.1000061035156,391.9200134277344,393.1000061035156,122947100,372.6271667480469
2022-09-14,394.4700012207031,396.20001220703125,391.1199951171875,394.6000061035156,85023700,374.0489807128906
2022-09-15,392.9599914550781,395.9599914550781,388.7799987792969,390.1199951171875,87633800,369.80230712890625
2022-09-16,384.1400146484375,386.25,382.1099853515625,385.55999755859375,103084800,366.9810485839844
2022-09-19,382.260009765625,388.54998779296875,382.17999267578125,388.54998779296875,73278500,369.8270263671875
2022-09-20,385.05999755859375,386.1199951171875,381.20001220703125,384.0899963378906,77274900,365.5819396972656
2022-09-21,386.1099853515625,389.30999755859375,377.3800048828125,377.3900146484375,106746600,359.2047424316406
2022-09-22,376.5799865722656,378.29998779296875,373.44000244140625,374.2200012207031,89472600,356.1875305175781
2022-09-23,370.5799865722656,370.6199951171875,363.2900085449219,367.95001220703125,122346900,350.2196350097656
2022-09-26,366.4100036621094,370.2099914550781,363.0299987792969,364.30999755859375,92581200,346.7550048828125
2022-09-27,368.0199890136719,370.3999938964844,360.8699951171875,363.3800048828125,108294100,345.869873046875
2022-09-28,364.3800048828125,372.29998779296875,362.6000061035156,370.5299987792969,110802200,352.67535400390625
2022-09-29,366.80999755859375,367.1099853515625,359.70001220703125,362.7900085449219,112952300,345.3083190917969
2022-09-30,361.79998779296875,365.9100036621094,357.0400085449219,357.17999267578125,153711200,339.9685974121094
2022-10-03,361.0799865722656,368.54998779296875,359.2099914550781,366.6099853515625,89756500,348.9441833496094
2022-10-04,372.3999938964844,378,366.57000732421875,377.9700012207031,103602800,359.7568664550781
2022-10-05,373.3900146484375,379.4599914550781,370.95001220703125,377.0899963378906,88065700,358.9192199707031
2022-10-06,375.6199951171875,378.7200012207031,372.67999267578125,373.20001220703125,82333500,355.2167053222656
2022-10-07,368.9700012207031,373.2900085449219,360.94000244140625,362.7900085449219,107789500,345.3083190917969
2022-10-10,363.9599914550781,364.2099914550781,357.6700134277344,360.0199890136719,76042800,342.6717529296875
2022-10-11,358.239990234375,363.0299987792969,355.7099914550781,357.739990234375,92482800,340.501708984375
2022-10-12,358.1700134277344,359.82000732421875,356.29998779296875,356.55999755859375,76991800,339.3785095214844
2022-10-13,349.2099914550781,367.510009765625,348.1099853515625,365.9700012207031,147254500,348.3351135253906
2022-10-14,368.54998779296875,370.260009765625,356.9599914550781,357.6300048828125,123737000,340.39691162109375
2022-10-17,364.010009765625,367.9800109863281,357.2799987792969,366.82000732421875,93168200,349.1441345214844
2022-10-18,375.1300048828125,375.45001220703125,367.5199890136719,371.1300048828125,97162900,353.2464904785156
2022-10-19,368.989990234375,371.8500061035156,365.54998779296875,368.5,79746900,350.7431640625
2022-10-20,368.0299987792969,372.6700134277344,364.6099853515625,365.4100036621094,88283100,347.8021240234375
2022-10-21,365.1199951171875,374.79998779296875,363.5400085449219,374.2900085449219,131038400,356.25421142578125
2022-10-24,375.8900146484375,380.05999755859375,373.1099853515625,378.8699951171875,85436900,360.61346435546875
2022-10-25,378.7900085449219,385.25,378.6700134277344,384.9200134277344,78846300,366.3719482421875
2022-10-26,381.6199951171875,387.5799865722656,381.3500061035156,382.0199890136719,104087300,363.6116638183594
2022-10-27,383.07000732421875,385,379.3299865722656,379.9800109863281,81971800,361.6699523925781
2022-10-28,379.8699951171875,389.5199890136719,379.67999267578125,389.0199890136719,100302000,370.2742919921875
2022-10-31,386.44000244140625,388.3999938964844,385.260009765625,386.2099914550781,96631300,367.5997619628906
2022-11-01,390.1400146484375,390.3900146484375,383.2900085449219,384.5199890136719,85407600,365.99114990234375
2022-11-02,383.8999938964844,388.6300048828125,374.760009765625,374.8699951171875,126990400,356.8061828613281
2022-11-03,371.4700012207031,374.20001220703125,368.7900085449219,371.010009765625,87100100,353.1322021484375
2022-11-04,377,378.8699951171875,370,376.3500061035156,103505200,358.21490478515625
2022-11-07,377.7099914550781,380.57000732421875,375.5299987792969,379.95001220703125,68286900,361.6414489746094
2022-11-08,381.1099853515625,385.1199951171875,377.7200012207031,382,84641100,363.5926208496094
2022-11-09,379.92999267578125,381.1400146484375,373.6099853515625,374.1300048828125,78495500,356.10186767578125
2022-11-10,388.04998779296875,395.0400085449219,385.6400146484375,394.69000244140625,141455800,375.6711730957031
2022-11-11,395.5899963378906,399.3500061035156,393.6099853515625,398.510009765625,93839900,379.30706787109375
2022-11-14,396.6600036621094,400.17999267578125,394.8299865722656,395.1199951171875,71903500,376.0804138183594
2022-11-15,401.1499938964844,402.30999755859375,394.489990234375,398.489990234375,93194500,379.28802490234375
2022-11-16,396.7799987792969,397.7799987792969,394.7900085449219,395.45001220703125,68508500,376.39447021484375
2022-11-17,390.4599914550781,394.95001220703125,390.1400146484375,394.239990234375,74496300,375.2427673339844
2022-11-18,397.739990234375,397.80999755859375,393.0400085449219,396.0299987792969,92922500,376.946533203125
2022-11-21,394.6400146484375,395.82000732421875,392.6600036621094,394.5899963378906,51243200,375.5759582519531
2022-11-22,396.6300048828125,400.07000732421875,395.1499938964844,399.8999938964844,60429000,380.6300354003906
2022-11-23,399.54998779296875,402.92999267578125,399.30999755859375,402.4200134277344,68261600,383.0287170410156
2022-11-25,401.8299865722656,402.9100036621094,401.5400085449219,402.3299865722656,30545400,382.9429931640625
2022-11-28,399.0899963378906,400.80999755859375,395.1099853515625,395.9100036621094,67881600,376.83233642578125
2022-11-29,396.04998779296875,397.29998779296875,393.29998779296875,395.2300109863281,52310000,376.1851501464844
2022-11-30,395.489990234375,407.67999267578125,393.4800109863281,407.67999267578125,144566700,388.03515625
2022-12-01,408.7699890136719,410,404.75,407.3800048828125,76398200,387.7496643066406
2022-12-02,402.25,407.8599853515625,402.1400146484375,406.9100036621094,85342700,387.30230712890625
2022-12-05,403.95001220703125,404.92999267578125,398.1700134277344,399.5899963378906,77289800,380.3350524902344
2022-12-06,399.4200134277344,399.989990234375,391.6400146484375,393.8299865722656,77972200,374.8526611328125
2022-12-07,392.94000244140625,395.6400146484375,391.9700012207031,393.1600036621094,65927900,374.2148742675781
2022-12-08,395.1400146484375,397.3599853515625,393.2699890136719,396.239990234375,60737900,377.146484375
2022-12-09,394.94000244140625,397.6199951171875,393.1499938964844,393.2799987792969,81447700,374.3290710449219
2022-12-12,394.1099853515625,398.95001220703125,393.4100036621094,398.95001220703125,75405800,379.72589111328125
2022-12-13,410.2200012207031,410.489990234375,399.07000732421875,401.9700012207031,123782500,382.600341796875
2022-12-14,401.6099853515625,405.5,396.30999755859375,399.3999938964844,108111300,380.1541442871094
2022-12-15,394.29998779296875,395.25,387.8900146484375,389.6300048828125,117705900,370.8550109863281
2022-12-16,385.17999267578125,386.5799865722656,381.0400085449219,383.2699890136719,119858000,366.47662353515625
2022-12-19,383.4700012207031,383.82000732421875,378.2799987792969,380.0199890136719,79878100,363.3689880371094
2022-12-20,379.2300109863281,382.2300109863281,377.8500061035156,380.5400085449219,74427200,363.8662414550781
2022-12-21,383.25,387.4100036621094,382.69000244140625,386.2300109863281,78167400,369.3069152832031
2022-12-22,383.04998779296875,386.2099914550781,374.7699890136719,380.7200012207031,100120900,364.038330078125
2022-12-23,379.6499938964844,383.05999755859375,378.0299987792969,382.9100036621094,59857300,366.1324157714844
2022-12-27,382.7900085449219,383.1499938964844,379.6499938964844,381.3999938964844,51638200,364.6885070800781
2022-12-28,381.3299865722656,383.3900146484375,376.4200134277344,376.6600036621094,70911500,360.1562194824219
2022-12-29,379.6300048828125,384.3500061035156,379.0799865722656,383.44000244140625,66970900,366.63922119140625
2022-12-30,380.6400146484375,382.5799865722656,378.42999267578125,382.42999267578125,84022200,365.6734313964844
2023-01-03,384.3699951171875,386.42999267578125,377.8299865722656,380.82000732421875,74850700,364.1339416503906
2023-01-04,383.17999267578125,385.8800048828125,380,383.760009765625,85934100,366.9450988769531
2023-01-05,381.7200012207031,381.8399963378906,378.760009765625,379.3800048828125,76970500,362.757080078125
2023-01-06,382.6099853515625,389.25,379.4100036621094,388.0799865722656,104189600,371.07586669921875
2023-01-09,390.3699951171875,393.70001220703125,387.6700134277344,387.8599853515625,73978100,370.865478515625
2023-01-10,387.25,390.6499938964844,386.2699890136719,390.5799865722656,65358100,373.46630859375
2023-01-11,392.2300109863281,395.6000061035156,391.3800048828125,395.5199890136719,68881100,378.1899108886719
2023-01-12,396.6700134277344,398.489990234375,392.4200134277344,396.9599914550781,90157700,379.5667419433594
2023-01-13,393.6199951171875,399.1000061035156,393.3399963378906,398.5,63903900,381.039306640625
2023-01-17,398.4800109863281,400.2300109863281,397.05999755859375,397.7699890136719,62677300,380.3412780761719
2023-01-18,399.010009765625,400.1199951171875,391.2799987792969,391.489990234375,99632300,374.33642578125
2023-01-19,389.3599853515625,391.0799865722656,387.260009765625,388.6400146484375,86958900,371.61138916015625
2023-01-20,390.1000061035156,396.0400085449219,388.3800048828125,395.8800048828125,91806400,378.5340881347656
2023-01-23,396.7200012207031,402.6499938964844,395.7200012207031,400.6300048828125,84178800,383.0759582519531
2023-01-24,398.8800048828125,401.1499938964844,397.6400146484375,400.20001220703125,59524900,382.664794921875
2023-01-25,395.95001220703125,400.70001220703125,393.55999755859375,400.3500061035156,84800300,382.8083190917969
2023-01-26,403.1300048828125,404.9200134277344,400.0299987792969,404.75,72287400,387.01544189453125
2023-01-27,403.6600036621094,408.1600036621094,403.44000244140625,405.67999267578125,68346200,387.9046630859375
2023-01-30,402.79998779296875,405.1300048828125,400.2799987792969,400.5899963378906,74202000,383.0377197265625
2023-01-31,401.1300048828125,406.5299987792969,400.7699890136719,406.4800109863281,86811800,388.66961669921875
2023-02-01,405.2099914550781,413.6700134277344,402.3500061035156,410.79998779296875,101459200,392.80035400390625
2023-02-02,414.8599853515625,418.30999755859375,412.8800048828125,416.7799987792969,101654500,398.5183410644531
2023-02-03,411.5899963378906,416.9700012207031,411.0899963378906,412.3500061035156,94736800,394.28240966796875
2023-02-06,409.7900085449219,411.2900085449219,408.1000061035156,409.8299865722656,60295300,391.8728332519531
2023-02-07,408.8699951171875,416.489990234375,407.57000732421875,415.19000244140625,90990700,396.99798583984375
2023-02-08,413.1300048828125,414.5299987792969,409.92999267578125,410.6499938964844,76227500,392.6569519042969
2023-02-09,414.4100036621094,414.57000732421875,405.80999755859375,407.0899963378906,78694900,389.2529296875
2023-02-10,405.8599853515625,408.44000244140625,405.010009765625,408.0400085449219,70769700,390.16131591796875
2023-02-13,408.7200012207031,412.9700012207031,408.239990234375,412.8299865722656,64913500,394.7413635253906
2023-02-14,411.239990234375,415.04998779296875,408.510009765625,412.6400146484375,88389300,394.5597229003906
2023-02-15,410.3500061035156,414.05999755859375,409.4700012207031,413.9800109863281,61555700,395.8410339355469
2023-02-16,408.7900085449219,412.9100036621094,408.1400146484375,408.2799987792969,76431500,390.3907470703125
2023-02-17,406.05999755859375,407.510009765625,404.04998779296875,407.260009765625,89257800,389.41546630859375
2023-02-21,403.05999755859375,404.1600036621094,398.82000732421875,399.0899963378906,82655900,381.6034851074219
2023-02-22,399.5199890136719,401.1300048828125,397.0199890136719,398.5400085449219,83742300,381.0775451660156
2023-02-23,401.55999755859375,402.20001220703125,396.25,400.6600036621094,96242400,383.10467529296875
2023-02-24,395.4200134277344,397.25,393.6400146484375,396.3800048828125,108194400,379.0121765136719
2023-02-27,399.8699951171875,401.2900085449219,396.75,397.7300109863281,80444700,380.30303955078125
2023-02-28,397.2300109863281,399.2799987792969,396.1499938964844,396.260009765625,96438600,378.8974304199219
2023-03-01,395.4100036621094,396.69000244140625,393.3800048828125,394.739990234375,99706800,377.44403076171875
2023-03-02,392.67999267578125,398.69000244140625,392.3299865722656,397.80999755859375,85127800,380.3795471191406
2023-03-03,399.7099914550781,404.45001220703125,399.0299987792969,404.19000244140625,90120000,386.4799499511719
2023-03-06,405.04998779296875,407.45001220703125,404.010009765625,404.4700012207031,72795900,386.74774169921875
2023-03-07,404.4200134277344,404.6700134277344,397.6300048828125,398.2699890136719,108310600,380.8193054199219
2023-03-08,398.3900146484375,399.7099914550781,396.5899963378906,398.9200134277344,74746600,381.4409484863281
2023-03-09,399.739990234375,401.4800109863281,390.5299987792969,391.55999755859375,111945300,374.4033203125
2023-03-10,390.989990234375,393.1600036621094,384.32000732421875,385.9100036621094,189253000,369.0009460449219
2023-03-13,381.80999755859375,390.3900146484375,380.6499938964844,385.3599853515625,157790000,368.47503662109375
2023-03-14,390.5,393.45001220703125,387.04998779296875,391.7300109863281,149752400,374.5659484863281
2023-03-15,385.8900146484375,389.489990234375,383.7099914550781,389.2799987792969,172996900,372.2232360839844
2023-03-16,386.82000732421875,396.4700012207031,386.2900085449219,396.1099853515625,143254200,378.7540283203125
2023-03-17,393.2200012207031,394.3999938964844,388.54998779296875,389.989990234375,140553400,374.3253173828125
2023-03-20,390.79998779296875,394.1700134277344,390.07000732421875,393.739990234375,93055800,377.9247131347656
2023-03-21,397.239990234375,399.4100036621094,395.5799865722656,398.9100036621094,91524200,382.8870544433594
2023-03-22,398.7300109863281,402.489990234375,392.07000732421875,392.1099853515625,111746600,376.3601989746094
2023-03-23,395.0899963378906,399.2900085449219,390.3500061035156,393.1700134277344,119351300,377.37762451171875
2023-03-24,391.8399963378906,395.8399963378906,389.3999938964844,395.75,107682400,379.85400390625
2023-03-27,398.1199951171875,398.9200134277344,395.55999755859375,396.489990234375,74010400,380.564208984375
2023-03-28,395.7699890136719,396.489990234375,393.69000244140625,395.6000061035156,62871700,379.7100524902344
2023-03-29,399.92999267578125,401.6000061035156,398.67999267578125,401.3500061035156,77497900,385.2290954589844
2023-03-30,404.0899963378906,404.3500061035156,401.760009765625,403.70001220703125,69840000,387.4847106933594
2023-03-31,404.6600036621094,409.70001220703125,404.54998779296875,409.3900146484375,112062600,392.9461669921875
2023-04-03,408.8500061035156,411.3699951171875,408.44000244140625,410.95001220703125,67391100,394.44342041015625
2023-04-04,411.6199951171875,411.9200134277344,407.239990234375,408.6700134277344,66601500,392.2550964355469
2023-04-05,407.9100036621094,408.70001220703125,405.8800048828125,407.6000061035156,65200200,391.2280578613281
2023-04-06,406.7699890136719,409.4800109863281,405.67999267578125,409.19000244140625,63743300,392.754150390625
2023-04-10,406.6099853515625,409.69000244140625,405.9700012207031,409.6099853515625,63681000,393.1573181152344
2023-04-11,410.260009765625,411.17999267578125,408.9200134277344,409.7200012207031,59297900,393.26287841796875
2023-04-12,411.8699951171875,412.1700134277344,407.44000244140625,408.04998779296875,86420400,391.6598815917969
2023-04-13,409.17999267578125,413.8399963378906,407.989990234375,413.4700012207031,85814800,396.86224365234375
2023-04-14,412.80999755859375,415.0899963378906,410.05999755859375,412.4599914550781,78161500,395.892822265625
2023-04-17,412.3699951171875,413.9599914550781,411.0899963378906,413.94000244140625,66436400,397.3133544921875
2023-04-18,415.5799865722656,415.7200012207031,412.7799987792969,414.2099914550781,63560000,397.572509765625
2023-04-19,412.2200012207031,415.0799865722656,412.1600036621094,414.1400146484375,55227300,397.5053405761719
2023-04-20,411.2099914550781,413.70001220703125,410.2699890136719,411.8800048828125,75840400,395.3360595703125
2023-04-21,412.19000244140625,412.67999267578125,410.1700134277344,412.20001220703125,73457400,395.6432189941406
2023-04-24,411.989990234375,413.07000732421875,410.6000061035156,412.6300048828125,64332100,396.05596923828125
2023-04-25,410.5799865722656,411.1600036621094,406.0199890136719,406.0799865722656,97766700,389.7690124511719
2023-04-26,406.7200012207031,407.8399963378906,403.7799987792969,404.3599853515625,80447000,388.11810302734375
2023-04-27,407,412.69000244140625,406.739990234375,412.4100036621094,92968400,395.8448181152344
2023-04-28,411.489990234375,415.94000244140625,411.42999267578125,415.92999267578125,89433100,399.223388671875
2023-05-01,415.4700012207031,417.6199951171875,415.2699890136719,415.510009765625,62122300,398.8202819824219
2023-05-02,414.7699890136719,414.82000732421875,407.82000732421875,410.8399963378906,103998500,394.3378601074219
2023-05-03,411.3599853515625,413.8699951171875,407.7699890136719,408.0199890136719,91531800,391.631103515625
2023-05-04,406.92999267578125,407.2699890136719,403.739990234375,405.1300048828125,94901900,388.857177734375
2023-05-05,408.9100036621094,413.7200012207031,408.6400146484375,412.6300048828125,87891800,396.05596923828125
2023-05-08,412.9700012207031,413.239990234375,411.2799987792969,412.739990234375,50046800,396.1615295410156
2023-05-09,411.1300048828125,412.0899963378906,410.69000244140625,410.92999267578125,49220100,394.42425537109375
2023-05-10,413.8800048828125,414.5400085449219,408.8699951171875,412.8500061035156,96142900,396.2671203613281
2023-05-11,411.95001220703125,412.42999267578125,409.9700012207031,412.1300048828125,70157100,395.5760498046875
2023-05-12,413.4200134277344,413.6400146484375,409.07000732421875,411.5899963378906,70481500,395.0577392578125
2023-05-15,412.2200012207031,413.42999267578125,410.2300109863281,413.010009765625,54289400,396.4206848144531
2023-05-16,411.8599853515625,412.82000732421875,410.239990234375,410.25,57705500,393.77154541015625
2023-05-17,412.3500061035156,415.8599853515625,410.6400146484375,415.2300109863281,87287000,398.5515441894531
2023-05-18,414.8999938964844,419.6700134277344,414.6700134277344,419.2300109863281,97177200,402.390869140625
2023-05-19,420.1700134277344,420.7200012207031,417.3500061035156,418.6199951171875,103793300,401.8053283691406
2023-05-22,418.6400146484375,420.3900146484375,417.3500061035156,418.7900085449219,60745400,401.96856689453125
2023-05-23,417.0799865722656,418.7200012207031,413.67999267578125,414.0899963378906,86383500,397.457275390625
2023-05-24,412.4200134277344,412.82000732421875,409.8800048828125,411.0899963378906,89213700,394.5778503417969
2023-05-25,414.739990234375,416.1600036621094,412.4100036621094,414.6499938964844,90961600,397.994873046875
2023-05-26,415.3299865722656,420.7699890136719,415.25,420.0199890136719,93830000,403.14910888671875
2023-05-30,422.0299987792969,422.5799865722656,418.739990234375,420.17999267578125,72216000,403.30267333984375
2023-05-31,418.2799987792969,419.2200012207031,416.2200012207031,417.8500061035156,110811800,401.0662841796875
2023-06-01,418.0899963378906,422.9200134277344,416.7900085449219,421.82000732421875,88865000,404.8768310546875
2023-06-02,424.5,428.739990234375,423.95001220703125,427.9200134277344,91426200,410.73187255859375
2023-06-05,428.2799987792969,429.6199951171875,426.3699951171875,427.1000061035156,65460200,409.9447021484375
2023-06-06,426.6700134277344,428.5799865722656,425.989990234375,428.0299987792969,64022200,410.83734130859375
2023-06-07,428.44000244140625,429.6199951171875,426.1099853515625,426.54998779296875,85373300,409.4168701171875
2023-06-08,426.6199951171875,429.6000061035156,425.82000732421875,429.1300048828125,61952800,411.8932189941406
2023-06-09,429.9599914550781,431.989990234375,428.8699951171875,429.8999938964844,85742800,412.6322937011719
2023-06-12,430.9200134277344,433.8800048828125,430.1700134277344,433.79998779296875,76104300,416.3756103515625
2023-06-13,435.32000732421875,437.3299865722656,434.6300048828125,436.6600036621094,95899700,419.1207580566406
2023-06-14,437.010009765625,439.05999755859375,433.5899963378906,437.17999267578125,100612100,419.619873046875
2023-06-15,436.3299865722656,443.8999938964844,436.2300109863281,442.6000061035156,110303100,424.82220458984375
2023-06-16,443.0199890136719,443.6099853515625,438.9700012207031,439.4599914550781,114165800,423.3751525878906
2023-06-20,437.45001220703125,438.3699951171875,435.0299987792969,437.17999267578125,76160400,421.1785888671875
2023-06-21,436.1600036621094,436.989990234375,434.3299865722656,434.94000244140625,76982300,419.02056884765625
2023-06-22,433.95001220703125,436.6199951171875,433.6000061035156,436.510009765625,70637200,420.53314208984375
2023-06-23,432.92999267578125,435.05999755859375,432.4700012207031,433.2099914550781,92074500,417.3539123535156
2023-06-26,432.6199951171875,434.6099853515625,431.19000244140625,431.44000244140625,72823600,415.64874267578125
2023-06-27,432.3500061035156,436.80999755859375,431.8800048828125,436.1700134277344,72813700,420.2055969238281
2023-06-28,435.04998779296875,437.44000244140625,434.4100036621094,436.3900146484375,75636000,420.4175109863281
2023-06-29,435.9599914550781,438.2799987792969,435.5400085449219,438.1099853515625,67882300,422.0746154785156
2023-06-30,441.44000244140625,444.29998779296875,441.1099853515625,443.2799987792969,104964000,427.0553283691406
2023-07-03,442.9200134277344,444.0799865722656,442.6300048828125,443.7900085449219,32793400,427.5467224121094
2023-07-05,441.9100036621094,443.8900146484375,441.8999938964844,443.1300048828125,58418400,426.9107971191406
2023-07-06,439.4200134277344,440.1000061035156,437.05999755859375,439.6600036621094,80658300,423.5678405761719
2023-07-07,438.6300048828125,442.6400146484375,438.29998779296875,438.54998779296875,86134200,422.4983825683594
2023-07-10,438.17999267578125,439.8399963378906,437.5899963378906,439.6600036621094,62443500,423.5678405761719
2023-07-11,440.45001220703125,442.9700012207031,439.44000244140625,442.4599914550781,64463800,426.26531982421875
2023-07-12,446.3900146484375,447.4800109863281,444.9100036621094,446.0199890136719,91924500,429.69500732421875
2023-07-13,447.8999938964844,450.3800048828125,447.45001220703125,449.55999755859375,72425200,433.1054382324219
2023-07-14,450.4800109863281,451.3599853515625,448.489990234375,449.2799987792969,69815800,432.835693359375
2023-07-17,449.1300048828125,451.92999267578125,449.0799865722656,450.8399963378906,52680200,434.3386535644531
2023-07-18,450.5,454.8599853515625,450.04998779296875,454.19000244140625,80668200,437.5660400390625
2023-07-19,455.010009765625,456.42999267578125,454.1099853515625,455.20001220703125,65891700,438.5390930175781
2023-07-20,454.1700134277344,455.1000061035156,451.44000244140625,452.17999267578125,70591600,435.6296081542969
2023-07-21,453.9599914550781,454.1700134277344,452.1700134277344,452.17999267578125,71275600,435.6296081542969
2023-07-24,453.3699951171875,455.0400085449219,452.29998779296875,454.20001220703125,54023400,437.5757141113281
2023-07-25,453.9200134277344,456.739990234375,453.8699951171875,455.44000244140625,55191200,438.770263671875
2023-07-26,454.4700012207031,456.989990234375,453.3800048828125,455.510009765625,71052900,438.8377380371094
2023-07-27,459.0199890136719,459.44000244140625,451.54998779296875,452.489990234375,92194400,435.92822265625
2023-07-28,455.8800048828125,457.7799987792969,452.489990234375,456.9200134277344,80011800,440.1961364746094
2023-07-31,457.4100036621094,458.1600036621094,456.04998779296875,457.7900085449219,62040400,441.03424072265625
2023-08-01,456.2699890136719,457.25,455.489990234375,456.4800109863281,55291500,439.772216796875
2023-08-02,453.25,453.5199890136719,449.3500061035156,450.1300048828125,93933400,433.6545715332031
2023-08-03,448.0400085449219,450.7900085449219,447.3699951171875,448.8399963378906,64276100,432.4118347167969
2023-08-04,450.7200012207031,452.8999938964844,446.2699890136719,446.80999755859375,100128900,430.45611572265625
2023-08-07,448.7099914550781,450.8699951171875,447.989990234375,450.7099914550781,58357500,434.21337890625
2023-08-08,448.0799865722656,450.70001220703125,445.2699890136719,448.75,71361300,432.32513427734375
2023-08-09,449.0299987792969,449.20001220703125,444.9599914550781,445.75,78789600,429.4349365234375
2023-08-10,448.19000244140625,451.70001220703125,444.70001220703125,445.9100036621094,93005500,429.5891418457031
2023-08-11,443.9700012207031,446.70001220703125,443.3500061035156,445.6499938964844,68690900,429.33856201171875
2023-08-14,444.70001220703125,448.1099853515625,444.3800048828125,448.1099853515625,47867400,431.70855712890625
2023-08-15,446.2699890136719,446.6400146484375,442.29998779296875,442.8900146484375,75707500,426.6796569824219
2023-08-16,442.4599914550781,444.17999267578125,439.5299987792969,439.6400146484375,80107200,423.548583984375
2023-08-17,441.1600036621094,441.42999267578125,435.75,436.2900085449219,95711300,420.32110595703125
2023-08-18,433.3699951171875,437.57000732421875,433.010009765625,436.5,98852000,420.5235290527344
2023-08-21,437.54998779296875,440.1099853515625,435.32000732421875,439.3399963378906,68719000,423.2595520019531
2023-08-22,441.17999267578125,441.17999267578125,437.57000732421875,438.1499938964844,64994200,422.113037109375
2023-08-23,439.25,443.6700134277344,439.1000061035156,443.0299987792969,68441000,426.81451416015625
2023-08-24,444.69000244140625,445.2200012207031,436.8599853515625,436.8900146484375,88517300,420.89923095703125
2023-08-25,438.67999267578125,441.29998779296875,435,439.9700012207031,102325100,423.8664855957031
2023-08-28,442.239990234375,443.3999938964844,439.9700012207031,442.760009765625,61595400,426.5543518066406
2023-08-29,442.6499938964844,449.45001220703125,442.4599914550781,449.1600036621094,83081900,432.7201843261719
2023-08-30,449.510009765625,451.6700134277344,448.7799987792969,451.010009765625,69053900,434.50244140625
2023-08-31,451.6499938964844,452.8299865722656,450.1600036621094,450.3500061035156,66084600,433.8666076660156
2023-09-01,453.1700134277344,453.6700134277344,449.67999267578125,451.19000244140625,58944100,434.6758117675781
2023-09-05,450.7300109863281,451.05999755859375,449.1700134277344,449.239990234375,55166200,432.7971496582031
2023-09-06,448.3999938964844,448.510009765625,443.80999755859375,446.2200012207031,70758500,429.88775634765625
2023-09-07,443.1099853515625,445.54998779296875,442.75,444.8500061035156,70355400,428.5679016113281
2023-09-08,444.8999938964844,447.1099853515625,444.5299987792969,445.5199890136719,61659700,429.2132873535156
2023-09-11,448.239990234375,448.7699890136719,446.4700012207031,448.45001220703125,60180100,432.0361328125
2023-09-12,446.95001220703125,448.5299987792969,445.3900146484375,445.989990234375,67565400,429.6661376953125
2023-09-13,446.2200012207031,447.7099914550781,445.0799865722656,446.510009765625,60199300,430.1671142578125
2023-09-14,449.07000732421875,451.0799865722656,447.7200012207031,450.3599853515625,83430800,433.8761901855469
2023-09-15,447.1400146484375,447.4800109863281,442.9200134277344,443.3699951171875,111848900,428.6487121582031
2023-09-18,443.04998779296875,444.9700012207031,442.55999755859375,443.6300048828125,55752200,428.90008544921875
2023-09-19,442.67999267578125,443.2900085449219,439.94000244140625,442.7099914550781,66514600,428.0106201171875
2023-09-20,444.010009765625,444.44000244140625,438.42999267578125,438.6400146484375,82562600,424.0757751464844
2023-09-21,435.70001220703125,435.9700012207031,431.2300109863281,431.3900146484375,104095800,417.0664978027344
2023-09-22,432.45001220703125,434.1000061035156,429.989990234375,430.4200134277344,100829700,416.12872314453125
2023-09-25,429.1700134277344,432.2699890136719,428.7200012207031,432.2300109863281,70874500,417.87860107421875
2023-09-26,429.0899963378906,429.82000732421875,425.0199890136719,425.8800048828125,96168400,411.7393798828125
2023-09-27,427.0899963378906,427.6700134277344,422.2900085449219,426.04998779296875,104705800,411.9037780761719
2023-09-28,425.4800109863281,430.25,424.8699951171875,428.5199890136719,92258300,414.291748046875
2023-09-29,431.6700134277344,431.8500061035156,425.9100036621094,427.4800109863281,115111300,413.2862854003906
2023-10-02,426.6199951171875,428.6000061035156,424.4599914550781,427.30999755859375,83798600,413.12200927734375
2023-10-03,425.05999755859375,427.3699951171875,420.17999267578125,421.5899963378906,103760600,407.5918884277344
2023-10-04,422.07000732421875,425.42999267578125,420.55999755859375,424.6600036621094,87453000,410.5599060058594
2023-10-05,424.3599853515625,425.3699951171875,421.1700134277344,424.5,70142700,410.4052429199219
2023-10-06,421.9700012207031,431.1300048828125,420.6000061035156,429.5400085449219,113273300,415.27789306640625
2023-10-09,427.5799865722656,432.8800048828125,427.010009765625,432.2900085449219,80374400,417.93658447265625
2023-10-10,432.94000244140625,437.2200012207031,432.5299987792969,434.5400085449219,78607300,420.1119384765625
2023-10-11,435.6400146484375,436.5799865722656,433.17999267578125,436.32000732421875,62451700,421.832763671875
2023-10-12,436.95001220703125,437.3399963378906,431.2300109863281,433.6600036621094,81154200,419.26116943359375
2023-10-13,435.2099914550781,436.45001220703125,429.8800048828125,431.5,95143100,417.1728210449219
2023-10-16,433.82000732421875,437.1400146484375,433.57000732421875,436.0400085449219,75433200,421.5621032714844
2023-10-17,432.80999755859375,438.1400146484375,432.45001220703125,436.0199890136719,75324700,421.5427551269531
2023-10-18,434.19000244140625,435.17999267578125,429.0899963378906,430.2099914550781,93559800,415.9256591796875
2023-10-19,430.95001220703125,432.82000732421875,425.7300109863281,426.42999267578125,121323000,412.2711486816406
2023-10-20,425.9800109863281,426.5400085449219,421.0799865722656,421.19000244140625,123919900,407.20513916015625
2023-10-23,419.6099853515625,424.45001220703125,417.79998779296875,420.4599914550781,92035100,406.4993896484375
2023-10-24,422.6499938964844,424.82000732421875,420.739990234375,423.6300048828125,78564200,409.5641174316406
2023-10-25,421.8900146484375,421.9200134277344,417.0199890136719,417.54998779296875,94223200,403.68597412109375
2023-10-26,416.45001220703125,417.3299865722656,411.6000061035156,412.54998779296875,115156800,398.8520202636719
2023-10-27,414.19000244140625,414.6000061035156,409.2099914550781,410.67999267578125,107367700,397.044189453125
2023-10-30,413.55999755859375,416.67999267578125,412.2200012207031,415.5899963378906,86562700,401.7911071777344
2023-10-31,416.17999267578125,418.5299987792969,414.2099914550781,418.20001220703125,79665200,404.3144836425781
2023-11-01,419.20001220703125,423.5,418.6499938964844,422.6600036621094,98068100,408.6263732910156
2023-11-02,426.5799865722656,430.9200134277344,426.55999755859375,430.760009765625,94938900,416.4573974609375
2023-11-03,433.1400146484375,436.2900085449219,433.010009765625,434.69000244140625,100167800,420.25689697265625
2023-11-06,435.4700012207031,436.1499938964844,433.67999267578125,435.69000244140625,67831700,421.22369384765625
2023-11-07,435.69000244140625,437.5899963378906,434.510009765625,436.92999267578125,64256100,422.4224853515625
2023-11-08,437.54998779296875,438.0899963378906,434.8699951171875,437.25,61746000,422.7319030761719
2023-11-09,438.42999267578125,438.4700012207031,433.3999938964844,433.8399963378906,83174400,419.43511962890625
2023-11-10,435.9800109863281,440.92999267578125,433.8299865722656,440.6099853515625,89462200,425.9803466796875
2023-11-13,439.2300109863281,441.3299865722656,438.4200134277344,440.19000244140625,52236100,425.57427978515625
2023-11-14,446.32000732421875,450.05999755859375,446.0899963378906,448.7300109863281,97176900,433.8307800292969
2023-11-15,450.1099853515625,451.3800048828125,448.79998779296875,449.67999267578125,77327600,434.7491455078125
2023-11-16,449.2200012207031,450.55999755859375,448.1199951171875,450.2300109863281,66665800,435.2809753417969
2023-11-17,450.239990234375,451.4200134277344,449.2900085449219,450.7900085449219,83133200,435.8223571777344
2023-11-20,450.5299987792969,455.1300048828125,450.5199890136719,454.260009765625,69936200,439.1771545410156
2023-11-21,453.17999267578125,454.1300048828125,451.9599914550781,453.2699890136719,49244600,438.2200012207031
2023-11-22,454.9800109863281,456.3800048828125,453.8900146484375,455.0199890136719,59394900,439.9118957519531
2023-11-24,455.07000732421875,455.5,454.7300109863281,455.29998779296875,29737400,440.1825866699219
2023-11-27,454.6499938964844,455.489990234375,454.0799865722656,454.4800109863281,50506000,439.3898010253906
2023-11-28,454.0799865722656,456.2699890136719,453.5,454.92999267578125,62115000,439.82489013671875
2023-11-29,457.1499938964844,458.32000732421875,454.20001220703125,454.6099853515625,63146000,439.5155029296875
2023-11-30,455.4800109863281,456.760009765625,453.3399963378906,456.3999938964844,79752700,441.2460632324219
2023-12-01,455.7699890136719,459.6499938964844,455.1600036621094,459.1000061035156,89183400,443.8564453125
2023-12-04,455.6000061035156,459.1199951171875,454.3399963378906,456.69000244140625,72430900,441.5265197753906
2023-12-05,455.260009765625,457.5899963378906,454.8699951171875,456.6000061035156,69793500,441.439453125
2023-12-06,458.80999755859375,458.8399963378906,454.30999755859375,454.760009765625,69124700,439.6605529785156
2023-12-07,456.9100036621094,458.8999938964844,456.2900085449219,458.2300109863281,66995400,443.0153503417969
2023-12-08,457.4599914550781,460.75,457.2099914550781,460.20001220703125,83194400,444.919921875
2023-12-11,459.69000244140625,462.1700134277344,459.4700012207031,461.989990234375,65002200,446.6504211425781
2023-12-12,461.6300048828125,464.20001220703125,460.6000061035156,464.1000061035156,68327600,448.6904602050781
2023-12-13,464.489990234375,470.760009765625,464.1199951171875,470.5,93278000,454.8778991699219
2023-12-14,472.5,473.7300109863281,469.25,472.010009765625,119026000,456.3377990722656
2023-12-15,469.489990234375,470.70001220703125,467.42999267578125,469.3299865722656,141553700,455.5864562988281
2023-12-18,470.9800109863281,472.9800109863281,469.8900146484375,471.9700012207031,70375300,458.149169921875
2023-12-19,472.5299987792969,474.9200134277344,472.45001220703125,474.8399963378906,55761800,460.93505859375
2023-12-20,473.9599914550781,475.8999938964844,467.82000732421875,468.260009765625,102921000,454.5477600097656
2023-12-21,471.3299865722656,472.9800109863281,468.8399963378906,472.70001220703125,86667500,458.8577880859375
2023-12-22,473.8599853515625,475.3800048828125,471.70001220703125,473.6499938964844,67160400,459.7799072265625
2023-12-26,474.07000732421875,476.5799865722656,473.989990234375,475.6499938964844,55387000,461.7212829589844
2023-12-27,475.44000244140625,476.6600036621094,474.8900146484375,476.510009765625,68000300,462.5561828613281
2023-12-28,476.8800048828125,477.54998779296875,476.260009765625,476.69000244140625,77158100,462.7309265136719
2023-12-29,476.489990234375,477.0299987792969,473.29998779296875,475.30999755859375,122283100,461.39129638671875
2024-01-02,472.1600036621094,473.6700134277344,470.489990234375,472.6499938964844,123623700,458.8091735839844
2024-01-03,470.42999267578125,471.19000244140625,468.1700134277344,468.7900085449219,103585900,455.062255859375
2024-01-04,468.29998779296875,470.9599914550781,467.04998779296875,467.2799987792969,84232200,453.59649658203125
2024-01-05,467.489990234375,470.44000244140625,466.42999267578125,467.9200134277344,86118900,454.21771240234375
2024-01-08,468.42999267578125,474.75,468.29998779296875,474.6000061035156,74879100,460.70208740234375
2024-01-09,471.8699951171875,474.92999267578125,471.3500061035156,473.8800048828125,65931400,460.0032043457031
2024-01-10,474.1600036621094,477.45001220703125,473.8699951171875,476.55999755859375,67310600,462.604736328125
2024-01-11,477.5899963378906,478.1199951171875,472.260009765625,476.3500061035156,77940700,462.40081787109375
2024-01-12,477.8399963378906,478.6000061035156,475.2300109863281,476.67999267578125,58026400,462.7212219238281
2024-01-16,475.260009765625,476.6099853515625,473.05999755859375,474.92999267578125,85014900,461.02239990234375
2024-01-17,471.82000732421875,472.7900085449219,469.8699951171875,472.2900085449219,68843900,458.4597473144531
2024-01-18,474.010009765625,477.05999755859375,472.4200134277344,476.489990234375,91856200,462.5367736816406
2024-01-19,477.6499938964844,482.7200012207031,476.5400085449219,482.42999267578125,110834500,468.3028259277344
2024-01-22,484.010009765625,485.2200012207031,482.7799987792969,483.45001220703125,75844900,469.2929382324219
2024-01-23,484.010009765625,485.1099853515625,482.8900146484375,484.8599853515625,49945300,470.6616516113281
2024-01-24,487.80999755859375,488.7699890136719,484.8800048828125,485.3900146484375,81765000,471.1761779785156
2024-01-25,487.5799865722656,488.30999755859375,485.3900146484375,488.0299987792969,72525000,473.73883056640625
2024-01-26,487.5899963378906,489.1199951171875,486.5400085449219,487.4100036621094,76641600,473.1369934082031
2024-01-29,487.7300109863281,491.4200134277344,487.1700134277344,491.2699890136719,61322800,476.8839416503906
2024-01-30,490.55999755859375,491.6199951171875,490.1099853515625,490.8900146484375,58618400,476.5151062011719
2024-01-31,488.6199951171875,489.0799865722656,482.8599853515625,482.8800048828125,126011100,468.7396545410156
2024-02-01,484.6300048828125,489.2300109863281,483.79998779296875,489.20001220703125,91891600,474.8746032714844
2024-02-02,489.6499938964844,496.04998779296875,489.29998779296875,494.3500061035156,99228200,479.873779296875
2024-02-05,493.70001220703125,494.3800048828125,490.2300109863281,492.54998779296875,75757100,478.1264953613281
2024-02-06,493.5199890136719,494.32000732421875,492.04998779296875,493.9800109863281,55918600,479.5146484375
2024-02-07,496.2900085449219,498.5299987792969,495.3599853515625,498.1000061035156,70556500,483.5140075683594
2024-02-08,498.1000061035156,498.7099914550781,497.260009765625,498.32000732421875,52343600,483.72747802734375
2024-02-09,498.8399963378906,501.6499938964844,498.489990234375,501.20001220703125,63979400,486.523193359375
2024-02-12,501.1700134277344,503.5,500.239990234375,500.9800109863281,56502300,486.3096008300781
2024-02-13,494.5299987792969,497.0899963378906,490.7200012207031,494.0799865722656,113099200,479.6116638183594
2024-02-14,496.7900085449219,499.07000732421875,494.3999938964844,498.57000732421875,68387800,483.9701843261719
2024-02-15,499.2900085449219,502.20001220703125,498.79998779296875,502.010009765625,61683000,487.3094787597656
2024-02-16,501.70001220703125,502.8699951171875,498.75,499.510009765625,75532900,484.8826904296875
2024-02-20,497.7200012207031,498.4100036621094,494.45001220703125,496.760009765625,71736700,482.2132263183594
2024-02-21,495.4200134277344,497.3699951171875,493.55999755859375,497.2099914550781,59293400,482.6500244140625
2024-02-22,504.010009765625,508.489990234375,503.0199890136719,507.5,76402500,492.638671875
2024-02-23,509.2699890136719,510.1300048828125,507.1000061035156,507.8500061035156,61321800,492.9784240722656
2024-02-26,508.29998779296875,508.75,505.8599853515625,505.989990234375,50386700,491.17291259765625
2024-02-27,506.70001220703125,507.1600036621094,504.75,506.92999267578125,48854500,492.0854187011719
2024-02-28,505.3299865722656,506.8599853515625,504.9599914550781,506.260009765625,56506600,491.4350280761719
2024-02-29,508.07000732421875,509.739990234375,505.3500061035156,508.0799865722656,83924800,493.20172119140625
2024-03-01,508.9800109863281,513.28997802734375,508.55999755859375,512.8499755859375,76844800,497.83203125
2024-03-04,512.030029296875,514.20001220703125,512,512.29998779296875,49799300,497.298095703125
2024-03-05,510.239990234375,510.70001220703125,504.9100036621094,507.17999267578125,72855600,492.32806396484375
2024-03-06,510.54998779296875,512.07000732421875,508.4200134277344,509.75,68382400,494.82275390625
2024-03-07,513.1400146484375,515.8900146484375,509.80999755859375,514.80999755859375,58652100,499.734619140625
2024-03-08,515.46002197265625,518.219970703125,511.1300048828125,511.7200012207031,86532500,496.735107421875
2024-03-11,510.4800109863281,511.8800048828125,508.5,511.2799987792969,62557200,496.30804443359375
2024-03-12,513.45001220703125,517.3800048828125,510.8599853515625,516.780029296875,73114400,501.64691162109375
2024-03-13,517.1099853515625,517.28997802734375,514.489990234375,515.969970703125,55104100,500.86065673828125
2024-03-14,516.969970703125,517.1300048828125,511.82000732421875,514.95001220703125,110171800,499.8705139160156
2024-03-15,510.2099914550781,511.70001220703125,508.1199951171875,509.8299865722656,107646300,496.4381408691406
2024-03-18,514,515.47998046875,512.44000244140625,512.8599853515625,88893300,499.3885192871094
2024-03-19,512.1500244140625,516,511.1199951171875,515.71002197265625,60755300,502.1636962890625
2024-03-20,515.77001953125,520.6199951171875,515.08001708984375,520.47998046875,69594600,506.8082580566406
2024-03-21,523.3900146484375,524.1099853515625,521.90997314453125,522.20001220703125,60256100,508.48309326171875
2024-03-22,522.1099853515625,522.6099853515625,520.969970703125,521.21002197265625,79070800,507.51922607421875
2024-03-25,519.79998779296875,520.95001220703125,519.6099853515625,519.77001953125,48512100,506.1170959472656
2024-03-26,521.22998046875,521.58001708984375,518.4000244140625,518.80999755859375,65463700,505.1822509765625
2024-03-27,521.71002197265625,523.21002197265625,519.489990234375,523.16998291015625,82999800,509.42779541015625
2024-03-28,523.21002197265625,524.6099853515625,522.780029296875,523.07000732421875,96294900,509.330322265625
2024-04-01,523.83001708984375,524.3800048828125,520.969970703125,522.15997314453125,62477500,508.4442138671875
2024-04-02,518.239990234375,518.97998046875,516.47998046875,518.84002685546875,74230300,505.2115173339844
2024-04-03,517.719970703125,520.95001220703125,517.66998291015625,519.40997314453125,59155800,505.7664489746094
2024-04-04,523.52001953125,523.8699951171875,512.760009765625,513.07000732421875,96858100,499.59307861328125
2024-04-05,514.46002197265625,520.44000244140625,514.010009765625,518.42999267578125,74546500,504.81219482421875
2024-04-08,519.1500244140625,520.17999267578125,517.8900146484375,518.719970703125,48401800,505.09454345703125
2024-04-09,520.5,520.75,514.3499755859375,519.32000732421875,68049200,505.6788635253906
2024-04-10,513.47998046875,516.15997314453125,512.09002685546875,514.1199951171875,82652800,500.615478515625
2024-04-11,515.67999267578125,519.47998046875,512.08001708984375,518,70099000,504.3935241699219
2024-04-12,514.3699951171875,515.82000732421875,509.0799865722656,510.8500061035156,92561100,497.43133544921875
2024-04-15,515.1300048828125,515.29998779296875,503.5799865722656,504.45001220703125,92101400,491.199462890625
2024-04-16,504.94000244140625,506.5,502.2099914550781,503.5299987792969,73484000,490.3036193847656
2024-04-17,506.04998779296875,506.2200012207031,499.1199951171875,500.54998779296875,75910300,487.40185546875
2024-04-18,501.9800109863281,504.1300048828125,498.55999755859375,499.5199890136719,74548100,486.39892578125
2024-04-19,499.44000244140625,500.4599914550781,493.8599853515625,495.1600036621094,102212600,482.1534729003906
2024-04-22,497.8299865722656,502.3800048828125,495.42999267578125,499.7200012207031,67961000,486.59368896484375
2024-04-23,501.7799987792969,506.0899963378906,499.5299987792969,505.6499938964844,64633600,492.3678894042969
2024-04-24,506.55999755859375,507.3699951171875,503.1300048828125,505.4100036621094,55928100,492.1341857910156
2024-04-25,499.17999267578125,504.2699890136719,497.489990234375,503.489990234375,69122400,490.2646789550781
2024-04-26,506.3500061035156,509.8800048828125,505.70001220703125,508.260009765625,64306100,494.90936279296875
2024-04-29,510.0899963378906,510.75,507.25,510.05999755859375,46415400,496.66204833984375
2024-04-30,508.55999755859375,509.55999755859375,501.9800109863281,501.9800109863281,77483600,488.7943420410156
2024-05-01,501.3800048828125,508.19000244140625,499.8699951171875,500.3500061035156,80242800,487.2071533203125
2024-05-02,504.1499938964844,505.8900146484375,499.54998779296875,505.0299987792969,62550200,491.7642517089844
2024-05-03,511.1600036621094,512.54998779296875,508.55999755859375,511.2900085449219,72756700,497.85980224609375
2024-05-06,513.75,516.6099853515625,513.29998779296875,516.57000732421875,47264700,503.00103759765625
2024-05-07,517.55999755859375,518.57000732421875,516.45001220703125,517.1400146484375,52561300,503.5561218261719
2024-05-08,515.260009765625,517.739990234375,515.1400146484375,517.19000244140625,42047200,503.6047668457031
2024-05-09,517.3800048828125,520.21002197265625,516.71002197265625,520.16998291015625,43643700,506.5064392089844
2024-05-10,521.80999755859375,522.6400146484375,519.59002685546875,520.84002685546875,52233200,507.1589050292969
2024-05-13,522.55999755859375,522.66998291015625,519.739990234375,520.90997314453125,36716400,507.2270812988281
2024-05-14,521.1099853515625,523.83001708984375,520.55999755859375,523.29998779296875,57535900,509.5542907714844
2024-05-15,525.83001708984375,530.08001708984375,525.17999267578125,529.780029296875,59504900,515.86419677734375
2024-05-16,529.8800048828125,531.52001953125,528.53997802734375,528.69000244140625,50244800,514.802734375
2024-05-17,528.80999755859375,529.52001953125,527.32000732421875,529.45001220703125,59187600,515.5428466796875
2024-05-20,529.57000732421875,531.55999755859375,529.16998291015625,530.05999755859375,37764200,516.13665771484375
2024-05-21,529.280029296875,531.52001953125,529.07000732421875,531.3599853515625,33437000,517.402587890625
2024-05-22,530.6500244140625,531.3800048828125,527.5999755859375,529.83001708984375,48390000,515.91278076171875
2024-05-23,532.96002197265625,533.07000732421875,524.719970703125,525.96002197265625,57211200,512.14447021484375
2024-05-24,527.8499755859375,530.27001953125,526.8800048828125,529.44000244140625,41291100,515.53302001953125
2024-05-28,530.27001953125,530.510009765625,527.1099853515625,529.80999755859375,36269600,515.893310546875
2024-05-29,525.67999267578125,527.30999755859375,525.3699951171875,526.0999755859375,45190300,512.28082275390625
2024-05-30,524.52001953125,525.20001220703125,521.33001708984375,522.6099853515625,46377600,508.8824768066406
2024-05-31,523.59002685546875,527.5,518.3599853515625,527.3699951171875,90785800,513.5174560546875
2024-06-03,529.02001953125,529.30999755859375,522.5999755859375,527.79998779296875,46835700,513.93609619140625
2024-06-04,526.46002197265625,529.1500244140625,524.96002197265625,528.3900146484375,34632700,514.5106201171875
2024-06-05,530.77001953125,534.69000244140625,528.72998046875,534.66998291015625,47610400,520.6256103515625
2024-06-06,534.97998046875,535.41998291015625,532.67999267578125,534.65997314453125,30808500,520.615966796875
2024-06-07,533.65997314453125,536.8900146484375,532.53997802734375,534.010009765625,43224500,519.9830322265625
2024-06-10,533.17999267578125,535.989990234375,532.57000732421875,535.65997314453125,35686100,521.589599609375
2024-06-11,534.07000732421875,537.010009765625,532.04998779296875,536.95001220703125,36383400,522.8458251953125
2024-06-12,541.6300048828125,544.1199951171875,540.29998779296875,541.3599853515625,63251300,527.13995361328125
2024-06-13,543.1500244140625,543.33001708984375,539.59002685546875,542.45001220703125,44760900,528.2012939453125
2024-06-14,540.8800048828125,542.80999755859375,539.8499755859375,542.780029296875,40089900,528.5225830078125
2024-06-17,542.08001708984375,548.530029296875,541.6099853515625,547.0999755859375,55839500,532.7291259765625
2024-06-18,547.15997314453125,548.6199951171875,546.72998046875,548.489990234375,41376400,534.0826416015625
2024-06-20,549.44000244140625,550.1199951171875,545.17999267578125,547,70328200,532.6318359375
2024-06-21,544.4000244140625,545.6500244140625,543.02001953125,544.510009765625,64338600,531.91766357421875
2024-06-24,544.33001708984375,546.95001220703125,542.6199951171875,542.739990234375,45528700,530.18865966796875
2024-06-25,543.989990234375,545.20001220703125,542.44000244140625,544.83001708984375,37936200,532.23028564453125
2024-06-26,543.69000244140625,546.239990234375,543.030029296875,545.510009765625,38550600,532.89471435546875
2024-06-27,545.3699951171875,546.96002197265625,544.6099853515625,546.3699951171875,35041500,533.73468017578125
2024-06-28,547.15997314453125,550.280029296875,542.95001220703125,544.219970703125,76144500,531.63433837890625
2024-07-01,545.6300048828125,545.8800048828125,542.52001953125,545.34002685546875,40297800,532.728515625
2024-07-02,543.70001220703125,549.010009765625,543.6500244140625,549.010009765625,40434800,536.3135986328125
2024-07-03,548.69000244140625,551.83001708984375,548.6500244140625,551.46002197265625,32789900,538.70703125
2024-07-05,551.77001953125,555.04998779296875,551.1199951171875,554.6400146484375,41488400,541.8134765625
2024-07-08,555.44000244140625,556.25,554.19000244140625,555.280029296875,36110500,542.4385986328125
2024-07-09,556.260009765625,557.17999267578125,555.52001953125,555.82000732421875,27289700,542.96612548828125
2024-07-10,557.07000732421875,561.66998291015625,556.77001953125,561.32000732421875,38701200,548.33892822265625
2024-07-11,561.44000244140625,562.33001708984375,555.83001708984375,556.47998046875,53054200,543.61090087890625
2024-07-12,557.6300048828125,563.66998291015625,557.1500244140625,559.989990234375,53084400,547.0396728515625
2024-07-15,562.030029296875,564.84002685546875,559.6300048828125,561.530029296875,40584300,548.54412841796875
2024-07-16,562.8699951171875,565.15997314453125,562.0999755859375,564.8599853515625,36475300,551.79705810546875
2024-07-17,558.79998779296875,560.510009765625,556.6099853515625,556.94000244140625,57119000,544.0601806640625
2024-07-18,558.510009765625,559.52001953125,550.42999267578125,552.65997314453125,56270400,539.879150390625
2024-07-19,552.41998291015625,554.08001708984375,547.90997314453125,548.989990234375,65509100,536.2940673828125
2024-07-22,553,555.27001953125,551.02001953125,554.6500244140625,43346700,541.82318115234375
2024-07-23,554.53997802734375,556.739990234375,553.280029296875,553.780029296875,34439600,540.973388671875
2024-07-24,548.8599853515625,549.16998291015625,540.28997802734375,541.22998046875,74515300,528.71356201171875
2024-07-25,541.3499755859375,547.46002197265625,537.45001220703125,538.40997314453125,61158300,525.958740234375
2024-07-26,542.280029296875,547.19000244140625,541.489990234375,544.44000244140625,53763800,531.8492431640625
2024-07-29,546.02001953125,547.04998779296875,542.719970703125,544.760009765625,39515800,532.16192626953125
2024-07-30,546.260009765625,547.34002685546875,538.52001953125,542,46853600,529.46575927734375
2024-07-31,548.97998046875,553.5,547.58001708984375,550.80999755859375,65663400,538.07196044921875
2024-08-01,552.57000732421875,554.8699951171875,539.42999267578125,543.010009765625,76428700,530.452392578125
2024-08-02,535.75,536.989990234375,528.5999755859375,532.9000244140625,82789100,520.576171875
2024-08-05,511.6400146484375,523.58001708984375,510.2699890136719,517.3800048828125,146267400,505.4150390625
2024-08-06,519.219970703125,529.75,517.8699951171875,522.1500244140625,84826300,510.0748291015625
2024-08-07,528.469970703125,531.59002685546875,518.04998779296875,518.65997314453125,70698300,506.66552734375
2024-08-08,523.90997314453125,531.28997802734375,521.84002685546875,530.6500244140625,63276600,518.37823486328125
2024-08-09,529.80999755859375,534.510009765625,528.55999755859375,532.989990234375,45619600,520.66400146484375
2024-08-12,534.21002197265625,535.72998046875,530.95001220703125,533.27001953125,42542100,520.93768310546875
2024-08-13,536.530029296875,542.280029296875,536.280029296875,542.03997802734375,52333100,529.50482177734375
2024-08-14,542.8499755859375,544.96002197265625,540.1199951171875,543.75,42446900,531.17529296875
2024-08-15,549.5,553.3599853515625,548.8800048828125,553.07000732421875,60846800,540.27972412109375
2024-08-16,551.41998291015625,555.02001953125,551.260009765625,554.30999755859375,44430700,541.49114990234375
2024-08-19,554.72998046875,559.6099853515625,553.8599853515625,559.6099853515625,39121800,546.66851806640625
2024-08-20,559.1500244140625,560.84002685546875,557.33001708984375,558.70001220703125,33732300,545.779541015625
2024-08-21,559.77001953125,562.1099853515625,554.72998046875,560.6199951171875,41514600,547.655029296875
2024-08-22,562.55999755859375,563.17999267578125,554.97998046875,556.219970703125,56121500,543.35687255859375
2024-08-23,559.530029296875,563.09002685546875,557.28997802734375,562.1300048828125,50639400,549.1302490234375
2024-08-26,563.17999267578125,563.90997314453125,559.04998779296875,560.78997802734375,35788600,547.82122802734375
2024-08-27,559.489990234375,562.05999755859375,558.32000732421875,561.55999755859375,32693900,548.57342529296875
2024-08-28,561.21002197265625,561.6500244140625,555.03997802734375,558.29998779296875,41066000,545.3887939453125
2024-08-29,560.30999755859375,563.67999267578125,557.17999267578125,558.3499755859375,38715200,545.43756103515625
2024-08-30,560.77001953125,564.20001220703125,557.1400146484375,563.67999267578125,62700100,550.64434814453125
2024-09-03,560.469970703125,560.80999755859375,549.510009765625,552.08001708984375,60600100,539.3125
2024-09-04,550.20001220703125,554.42999267578125,549.46002197265625,550.95001220703125,47224900,538.20880126953125
2024-09-05,550.8900146484375,553.79998779296875,547.0999755859375,549.6099853515625,44264300,536.8997802734375
2024-09-06,549.94000244140625,551.5999755859375,539.44000244140625,540.3599853515625,68493800,527.86358642578125
2024-09-09,544.6500244140625,547.71002197265625,542.67999267578125,546.40997314453125,40445800,533.773681640625
2024-09-10,548.3599853515625,549.1500244140625,543.3800048828125,548.78997802734375,36394600,536.0987548828125
2024-09-11,548.70001220703125,555.3599853515625,539.96002197265625,554.41998291015625,75248600,541.59844970703125
2024-09-12,555.010009765625,559.4000244140625,552.739990234375,559.09002685546875,51819600,546.1605224609375
2024-09-13,559.71002197265625,563.030029296875,559.45001220703125,562.010009765625,39310500,549.01300048828125
2024-09-16,561.739990234375,563.1099853515625,559.9000244140625,562.84002685546875,36656100,549.8238525390625
2024-09-17,565.0999755859375,566.58001708984375,560.78997802734375,563.07000732421875,49321000,550.04852294921875
2024-09-18,563.739990234375,568.69000244140625,560.83001708984375,561.4000244140625,59044900,548.4171142578125
2024-09-19,571.010009765625,572.8800048828125,568.08001708984375,570.97998046875,75315500,557.77557373046875
2024-09-20,567.84002685546875,569.30999755859375,565.16998291015625,568.25,77503100,556.81146240234375
2024-09-23,569.34002685546875,570.33001708984375,568.0999755859375,569.66998291015625,44116900,558.20269775390625
2024-09-24,570.47998046875,571.3599853515625,567.5999755859375,571.29998779296875,46805700,559.7999267578125
2024-09-25,571.1400146484375,571.8900146484375,568.90997314453125,570.03997802734375,38428600,558.56524658203125
2024-09-26,574.3800048828125,574.71002197265625,569.9000244140625,572.29998779296875,48336000,560.77984619140625
2024-09-27,573.3900146484375,574.219970703125,570.41998291015625,571.469970703125,42100900,559.96649169921875
2024-09-30,570.41998291015625,574.3800048828125,568.08001708984375,573.760009765625,63557400,562.21044921875
2024-10-01,573.4000244140625,574.05999755859375,566,568.6199951171875,72668800,557.17388916015625
2024-10-02,567.71002197265625,569.9000244140625,565.27001953125,568.8599853515625,38097800,557.4090576171875
2024-10-03,567.3599853515625,569.79998779296875,565.489990234375,567.82000732421875,40846500,556.3900146484375
2024-10-04,572.3499755859375,573.3599853515625,568.0999755859375,572.97998046875,42939100,561.44610595703125
2024-10-07,571.29998779296875,571.96002197265625,566.6300048828125,567.79998779296875,49964700,556.37042236328125
2024-10-08,570.41998291015625,573.780029296875,569.530029296875,573.16998291015625,37398700,561.63226318359375
2024-10-09,573.15997314453125,577.71002197265625,572.54998779296875,577.1400146484375,37912200,565.52239990234375
2024-10-10,575.77001953125,577.58001708984375,574.489990234375,576.1300048828125,44138100,564.53271484375
2024-10-11,576.04998779296875,580.33001708984375,575.90997314453125,579.58001708984375,42268000,567.913330078125
2024-10-14,581.219970703125,585.27001953125,580.72998046875,584.32000732421875,36217200,572.557861328125
2024-10-15,584.59002685546875,584.9000244140625,578.53997802734375,579.780029296875,54203600,568.10931396484375
2024-10-16,579.780029296875,582.83001708984375,578.96002197265625,582.29998779296875,30725400,570.57855224609375
2024-10-17,585.90997314453125,586.1199951171875,582.15997314453125,582.3499755859375,34393700,570.62750244140625
2024-10-18,584.07000732421875,585.3900146484375,582.58001708984375,584.59002685546875,37416800,572.8223876953125
2024-10-21,583.8499755859375,584.8499755859375,580.5999755859375,583.6300048828125,36439000,571.8817138671875
2024-10-22,581.04998779296875,584.5,580.3800048828125,583.32000732421875,34183800,571.5780029296875
2024-10-23,581.260009765625,581.71002197265625,574.41998291015625,577.989990234375,49314600,566.35516357421875
2024-10-24,579.97998046875,580.05999755859375,576.57000732421875,579.239990234375,34979900,567.580078125
2024-10-25,581.510009765625,584.46002197265625,578.08001708984375,579.03997802734375,47268200,567.38409423828125
2024-10-28,582.58001708984375,582.71002197265625,580.52001953125,580.83001708984375,30174700,569.13818359375
2024-10-29,579.8499755859375,582.90997314453125,578.42999267578125,581.77001953125,42899700,570.0592041015625
2024-10-30,581.28997802734375,583.32000732421875,579.28997802734375,580.010009765625,41435800,568.334716796875
2024-10-31,575.55999755859375,575.6300048828125,568.44000244140625,568.6400146484375,60182500,557.1934814453125
2024-11-01,571.32000732421875,575.54998779296875,570.6199951171875,571.03997802734375,45667500,559.545166015625
2024-11-04,571.17999267578125,572.5,567.8900146484375,569.80999755859375,38217000,558.3399658203125
2024-11-05,570.739990234375,576.739990234375,570.52001953125,576.70001220703125,39478300,565.0911865234375
2024-11-06,589.20001220703125,591.92999267578125,585.3900146484375,591.03997802734375,68182000,579.14251708984375
2024-11-07,593.08001708984375,596.6500244140625,593,595.6099853515625,47233200,583.62060546875
2024-11-08,596.16998291015625,599.6400146484375,596.16998291015625,598.19000244140625,46444900,586.148681640625
2024-11-11,599.80999755859375,600.16998291015625,597,598.760009765625,37586800,586.70721435546875
2024-11-12,598.67999267578125,599.28997802734375,594.3699951171875,596.9000244140625,43006100,584.8846435546875
2024-11-13,597.3699951171875,599.22998046875,594.96002197265625,597.19000244140625,47388600,585.1688232421875
2024-11-14,597.32000732421875,597.80999755859375,592.6500244140625,593.3499755859375,38904100,581.40606689453125
2024-11-15,589.719970703125,590.20001220703125,583.8599853515625,585.75,75988800,573.9591064453125
2024-11-18,586.219970703125,589.489990234375,585.34002685546875,588.1500244140625,37001700,576.3106689453125
2024-11-19,584.71002197265625,591.03997802734375,584.030029296875,590.29998779296875,49412000,578.41754150390625
2024-11-20,590.3800048828125,590.78997802734375,584.6300048828125,590.5,50032600,578.613525390625
2024-11-21,593.4000244140625,595.1199951171875,587.45001220703125,593.66998291015625,46750300,581.7196044921875
2024-11-22,593.65997314453125,596.1500244140625,593.1500244140625,595.510009765625,38226400,583.52252197265625
2024-11-25,599.52001953125,600.8599853515625,595.20001220703125,597.530029296875,42441400,585.5020751953125
2024-11-26,598.79998779296875,601.33001708984375,598.07000732421875,600.6500244140625,45621300,588.5592041015625
2024-11-27,600.46002197265625,600.8499755859375,597.280029296875,598.83001708984375,34000200,586.77581787109375
2024-11-29,599.65997314453125,603.3499755859375,599.3800048828125,602.54998779296875,30177400,590.4208984375
2024-12-02,602.969970703125,604.32000732421875,602.469970703125,603.6300048828125,31746000,591.4791259765625
2024-12-03,603.3900146484375,604.15997314453125,602.34002685546875,603.90997314453125,26906600,591.75347900390625
2024-12-04,605.6300048828125,607.90997314453125,604.95001220703125,607.65997314453125,42787600,595.427978515625
2024-12-05,607.65997314453125,608.47998046875,606.29998779296875,606.65997314453125,28762200,594.44818115234375
2024-12-06,607.44000244140625,609.07000732421875,607.02001953125,607.80999755859375,31241500,595.574951171875
2024-12-09,607.69000244140625,607.8599853515625,604.08001708984375,604.67999267578125,34742700,592.50799560546875
2024-12-10,605.3699951171875,605.79998779296875,602.1300048828125,602.79998779296875,37234500,590.66583251953125
2024-12-11,605.780029296875,608.42999267578125,605.5,607.46002197265625,28677700,595.2320556640625
2024-12-12,606.58001708984375,607.15997314453125,604.33001708984375,604.33001708984375,31543800,592.16510009765625
2024-12-13,606.4000244140625,607.1300048828125,602.80999755859375,604.21002197265625,35904700,592.0474853515625
2024-12-16,606,607.780029296875,605.21002197265625,606.78997802734375,43695200,594.5755615234375
2024-12-17,604.19000244140625,605.16998291015625,602.8900146484375,604.28997802734375,55773500,592.1258544921875
2024-12-18,603.97998046875,606.40997314453125,585.8900146484375,586.280029296875,108248700,574.47845458984375
2024-12-19,591.3599853515625,593,585.8499755859375,586.0999755859375,85919500,574.302001953125
2024-12-20,581.77001953125,595.75,580.90997314453125,591.1500244140625,125716700,581.20001220703125
2024-12-23,590.8900146484375,595.29998779296875,587.65997314453125,594.69000244140625,57635800,584.680419921875
2024-12-24,596.05999755859375,601.34002685546875,595.469970703125,601.29998779296875,33160100,591.17901611328125
2024-12-26,599.5,602.47998046875,598.08001708984375,601.34002685546875,41219100,591.21844482421875
2024-12-27,597.53997802734375,597.780029296875,590.760009765625,595.010009765625,64969300,584.99493408203125
2024-12-30,587.8900146484375,591.739990234375,584.40997314453125,588.219970703125,56578800,578.3192138671875
