date,open,high,low,close,volume,adjusted
2015-01-02,126.29000091552734,127.66000366210938,126.1500015258789,127.31999969482422,9432000,92.65928649902344
2015-01-05,128.00999450683594,129.6300048828125,127.95999908447266,129.32000732421875,9789500,94.11483001708984
2015-01-06,130.6999969482422,132.49000549316406,130.19000244140625,131.64999389648438,18331300,95.81048583984375
2015-01-07,130.6999969482422,131.97000122070312,130.1699981689453,131.38999938964844,9762900,95.62125396728516
2015-01-08,130.36000061035156,130.3699951171875,129.4199981689453,129.64999389648438,8055300,94.35498046875
2015-01-09,129.1999969482422,131.11000061035156,129.0399932861328,131.07000732421875,9398800,95.38838958740234
2015-01-12,131,132.30999755859375,130.9199981689453,131.82000732421875,6658100,95.93426513671875
2015-01-13,131.38999938964844,132.61000061035156,131.13999938964844,131.82000732421875,8260800,95.93426513671875
2015-01-14,133.72000122070312,134.1199951171875,132.6999969482422,132.82000732421875,12324500,96.66197204589844
2015-01-15,132.85000610351562,135.02999877929688,132.67999267578125,134.91000366210938,11454200,98.18304443359375
2015-01-16,134.3300018310547,134.67999267578125,133.02999877929688,133.19000244140625,9390500,96.93125915527344
2015-01-20,134.1300048828125,135.11000061035156,134.07000732421875,134.9600067138672,7758700,98.21941375732422
2015-01-21,135.1999969482422,135.58999633789062,132.9600067138672,133.39999389648438,9803900,97.08411407470703
2015-01-22,134,134.17999267578125,132.27999877929688,132.9199981689453,10200000,96.734832763671875
2015-01-23,134.3000030517578,135.1199951171875,134.14999389648438,134.77000427246094,7334600,98.0811767578125
2015-01-26,134.83999633789062,135.19000244140625,134.0500030517578,134.36000061035156,5966500,97.78276062011719
2015-01-27,135.72999572753906,136.1300048828125,134.14999389648438,134.57000732421875,8079600,97.93559265136719
2015-01-28,134.75,137.41000366210938,134.6999969482422,136.77000427246094,12230300,99.53670501708984
2015-01-29,136.1199951171875,136.6699981689453,135.4600067138672,135.8699951171875,8881400,98.88172912597656
2015-01-30,137.7100067138672,138.5,137.17999267578125,138.27999877929688,14871200,100.63562774658203
2015-02-02,136.6999969482422,137.9199981689453,136.66000366210938,137.47999572753906,13689900,100.25567626953125
2015-02-03,135.64999389648438,135.7899932861328,134.3699951171875,134.57000732421875,14008700,98.13362121582031
2015-02-04,133.49000549316406,134.99000549316406,133.1199951171875,134.8000030517578,11360400,98.30133056640625
2015-02-05,134,134.22999572753906,133.11000061035156,133.32000732421875,8334600,97.22206115722656
2015-02-06,132.0500030517578,132.35000610351562,130.58999633789062,130.9600067138672,13685600,95.50102233886719
2015-02-09,131.97000122070312,131.97999572753906,130.75,130.75,8025500,95.34784698486328
2015-02-10,130.13999938964844,130.47000122070312,129.44000244140625,129.7100067138672,8290700,94.58946990966797
2015-02-11,129.6999969482422,130.27000427246094,128.9600067138672,129.9499969482422,6506400,94.764495849609375
2015-02-12,129.66000366210938,130.5399932861328,129.4499969482422,129.52000427246094,12548300,94.45091247558594
2015-02-13,129.50999450683594,129.52999877929688,128.08999633789062,128.19000244140625,8325200,93.4810562133789
2015-02-17,127.80000305175781,127.93000030517578,125.91999816894531,126.26000213623047,14968800,92.07365417480469
2015-02-18,126.81999969482422,127.73999786376953,126.47000122070312,127.01000213623047,14009200,92.62061309814453
2015-02-19,126.77999877929688,127.44999694824219,126.16999816894531,126.16999816894531,8584800,92.00801086425781
2015-02-20,127.05000305175781,128.00999450683594,126,126.54000091552734,12502500,92.27777862548828
2015-02-23,127.19000244140625,128.1699981689453,127.16000366210938,127.98999786376953,7500500,93.3351821899414
2015-02-24,127.6500015258789,129.7899932861328,127.18000030517578,129.6699981689453,11958300,94.560302734375
2015-02-25,129.4600067138672,130.38999938964844,129.0800018310547,130.22999572753906,8019800,94.96871185302734
2015-02-26,129.6999969482422,130.3000030517578,128.39999389648438,128.4499969482422,11020500,93.67064666748047
2015-02-27,129.02000427246094,129.6199951171875,128.27000427246094,129.52999877929688,9225100,94.458282470703125
2015-03-02,129,129.07000732421875,126.7699966430664,126.87000274658203,11324000,92.69883728027344
2015-03-03,126.88999938964844,127.37000274658203,126.37999725341797,126.41000366210938,8599000,92.362701416015625
2015-03-04,126.94000244140625,127.04000091552734,126.16000366210938,126.44999694824219,6478900,92.39191436767578
2015-03-05,126.52999877929688,126.87999725341797,125.9000015258789,126.29000091552734,6045000,92.27501678466797
2015-03-06,124.66999816894531,124.83000183105469,122.97000122070312,123.5,20022900,90.23645782470703
2015-03-09,124.68000030517578,124.87000274658203,124.12999725341797,124.63999938964844,8889100,91.0694351196289
2015-03-10,125.97000122070312,126.44000244140625,125.76000213623047,126.27999877929688,9277900,92.26775360107422
2015-03-11,126.26000213623047,127.45999908447266,126.12000274658203,127.19999694824219,6663100,92.93990325927734
2015-03-12,128.1999969482422,128.1999969482422,126.72000122070312,127.11000061035156,10295900,92.87416076660156
2015-03-13,126.76000213623047,127.58999633789062,126.48999786376953,126.72000122070312,7247200,92.58918762207031
2015-03-16,127.94000244140625,128.14999389648438,127.2699966430664,127.94000244140625,6374600,93.4805679321289
2015-03-17,128.5500030517578,129.11000061035156,128.27999877929688,129,6314000,94.25511932373047
2015-03-18,129.91000366210938,131.52999877929688,128.61000061035156,131.49000549316406,13981900,96.07445526123047
2015-03-19,131.1999969482422,131.6199951171875,130.27000427246094,130.82000732421875,9543800,95.584930419921875
2015-03-20,131.22000122070312,131.6999969482422,131.13999938964844,131.50999450683594,5953800,96.0890884399414
2015-03-23,131.6999969482422,131.75,130.99000549316406,131.35000610351562,5555500,95.972137451171875
2015-03-24,131.8300018310547,132.63999938964844,131.47999572753906,132.6199951171875,6713000,96.90010070800781
2015-03-25,132.72000122070312,132.75999450683594,131.4600067138672,131.5,5635800,96.081756591796875
2015-03-26,131.0500030517578,131.13999938964844,129.17999267578125,129.4499969482422,9536300,94.58390808105469
2015-03-27,130.02999877929688,131.1300048828125,129.97999572753906,131.05999755859375,7907900,95.7602310180664
2015-03-30,130.89999389648438,131,130.08999633789062,130.41000366210938,7010600,95.28533172607422
2015-03-31,130.24000549316406,130.9600067138672,129.91000366210938,130.69000244140625,6844300,95.4899673461914
2015-04-01,131.3300018310547,132.47999572753906,131.3000030517578,132.1300048828125,9273900,96.74415588378906
2015-04-02,131.92999267578125,131.97000122070312,130.61000061035156,130.72999572753906,6663400,95.71907043457031
2015-04-06,131.42999267578125,131.47999572753906,129.72000122070312,130,5923800,95.18457794189453
2015-04-07,130.22999572753906,131.22000122070312,129.85000610351562,131.08999633789062,4764900,95.9826889038086
2015-04-08,131.02000427246094,131.36000061035156,130.02000427246094,131.1300048828125,5378900,96.01197814941406
2015-04-09,130.8699951171875,130.9199981689453,129.1300048828125,129.42999267578125,6484200,94.76726531982422
2015-04-10,130.32000732421875,130.4499969482422,129.5500030517578,129.6199951171875,4843000,94.90630340576172
2015-04-13,129.52999877929688,129.97999572753906,129.38999938964844,129.8000030517578,4010600,95.03816223144531
2015-04-14,131.30999755859375,131.86000061035156,130.47999572753906,130.72000122070312,6075500,95.71175384521484
2015-04-15,131.0500030517578,131.27000427246094,130.32000732421875,130.61000061035156,4425200,95.63121795654297
2015-04-16,130.8300018310547,130.86000061035156,129.41000366210938,129.9600067138672,7085500,95.155303955078125
2015-04-17,129.77000427246094,131.6999969482422,129.6999969482422,131.4499969482422,7268800,96.24623107910156
2015-04-20,130.94000244140625,131.00999450683594,129.92999267578125,130.2899932861328,4949400,95.39696502685547
2015-04-21,130.22999572753906,130.4499969482422,129.55999755859375,129.6999969482422,4563800,94.96495819091797
2015-04-22,129.5,129.5500030517578,127.54000091552734,127.72000122070312,9707600,93.51522064208984
2015-04-23,127.80000305175781,128.85000610351562,127.61000061035156,128.27000427246094,6843400,93.91789245605469
2015-04-24,128.63999938964844,129.42999267578125,128.58999633789062,129.07000732421875,4773000,94.5036392211914
2015-04-27,129.07000732421875,129.5,128.3699951171875,129.07000732421875,4334900,94.5036392211914
2015-04-28,128.1699981689453,128.74000549316406,127.26000213623047,127.29000091552734,7464300,93.20035552978516
2015-04-29,125.80999755859375,126.44000244140625,125.27999877929688,125.7300033569336,11554800,92.058135986328125
2015-04-30,125.04000091552734,126.16999816894531,124.51000213623047,125.94999694824219,12876000,92.2192153930664
2015-05-01,124.7300033569336,125.04000091552734,123.69000244140625,124,12378500,90.97786712646484
2015-05-04,124.30000305175781,124.52999877929688,122.72000122070312,122.83000183105469,9144700,90.11939239501953
2015-05-05,122.86000061035156,123.02999877929688,121.69000244140625,122.66000366210938,13935500,89.99467468261719
2015-05-06,121.98999786376953,122.05999755859375,120.37000274658203,120.55999755859375,14355000,88.4538803100586
2015-05-07,121.43000030517578,122.56999969482422,121.3499984741211,122.18000030517578,11933700,89.6424789428711
2015-05-08,123.37999725341797,123.55000305175781,122.30999755859375,122.51000213623047,11716400,89.8846435546875
2015-05-11,121.62000274658203,121.6500015258789,119.5,119.52999877929688,13738600,87.69820404052734
2015-05-12,119.13999938964844,120.62999725341797,118.81999969482422,119.83999633789062,15861700,87.92565155029297
2015-05-13,120.6500015258789,120.72000122070312,118.63999938964844,118.87999725341797,15760000,87.2213363647461
2015-05-14,118.91999816894531,119.83000183105469,118.69000244140625,119.19999694824219,9128400,87.456085205078125
2015-05-15,120.37999725341797,121.91000366210938,120.29000091552734,121.58999633789062,12630600,89.20963287353516
2015-05-18,120.31999969482422,120.43000030517578,119.47000122070312,119.55000305175781,10208300,87.712890625
2015-05-19,118.2699966430664,119.83999633789062,118.12999725341797,118.48999786376953,8435300,86.935150146484375
2015-05-20,118.7699966430664,119.44999694824219,118.18000030517578,118.69000244140625,7789700,87.08190155029297
2015-05-21,119.58000183105469,120.61000061035156,119.44999694824219,120.3499984741211,11760700,88.29981231689453
2015-05-22,120.6500015258789,120.75,119.80000305175781,120.4000015258789,5417900,88.33656311035156
2015-05-26,120.83999633789062,122.55000305175781,120.73999786376953,122.45999908447266,10469700,89.84791564941406
2015-05-27,122.18000030517578,122.86000061035156,121.61000061035156,122.73999786376953,6490300,90.053375244140625
2015-05-28,122.5,123.02999877929688,122.22000122070312,122.44000244140625,6237600,89.8332748413086
2015-05-29,123.2300033569336,123.56999969482422,122.51000213623047,122.70999908447266,7912000,90.0313491821289
2015-06-01,122.11000061035156,122.37999725341797,120.69000244140625,121.12999725341797,13108100,89.063751220703125
2015-06-02,120.16999816894531,120.26000213623047,119.11000061035156,119.44000244140625,10076200,87.82112121582031
2015-06-03,118.38999938964844,118.5999984741211,117.19999694824219,117.5199966430664,14810900,86.40937042236328
2015-06-04,118.26000213623047,119.29000091552734,118.13999938964844,119.05000305175781,10859300,87.53433990478516
2015-06-05,117.83999633789062,118.56999969482422,117.37999725341797,117.5999984741211,11200200,86.46826171875
2015-06-08,117.95999908447266,118.16000366210938,117.37000274658203,117.47000122070312,5334000,86.37264251708984
2015-06-09,117.05999755859375,117.12999725341797,116.11000061035156,116.54000091552734,12393900,85.6888427734375
2015-06-10,115.91999816894531,116.12999725341797,115.26000213623047,115.5199966430664,12183600,84.93888854980469
2015-06-11,116.55999755859375,117.97000122070312,116.23999786376953,117.94999694824219,13849300,86.7255859375
2015-06-12,117.58999633789062,119.06999969482422,117.55000305175781,117.94999694824219,7863100,86.7255859375
2015-06-15,118.88999938964844,119.05999755859375,117.73999786376953,118.13999938964844,8194200,86.86530303955078
2015-06-16,118.61000061035156,119.08000183105469,117.94000244140625,119.06999969482422,7046400,87.54907989501953
2015-06-17,118.5,118.62999725341797,117.25,118.1500015258789,13626100,86.87259674072266
2015-06-18,117.37000274658203,117.73999786376953,116.75,117.56999969482422,10123300,86.4461898803711
2015-06-19,118.51000213623047,119.19000244140625,118.48999786376953,119.08000183105469,10439200,87.556396484375
2015-06-22,117.83999633789062,118.13999938964844,116.58999633789062,116.6500015258789,9769000,85.76971435546875
2015-06-23,115.7300033569336,116.95999908447266,115.69000244140625,115.94999694824219,8945100,85.25507354736328
2015-06-24,116.51000213623047,117.16999816894531,116.16000366210938,116.94999694824219,8600400,85.99028015136719
2015-06-25,116.58999633789062,117.08000183105469,116.19000244140625,116.54000091552734,8287800,85.6888427734375
2015-06-26,115.66999816894531,115.87000274658203,114.87999725341797,115.2300033569336,11673000,84.72562408447266
2015-06-29,116.95999908447266,118.66999816894531,116.45999908447266,118.27999877929688,17132900,86.96818542480469
2015-06-30,117.4000015258789,118.69999694824219,117.33000183105469,117.45999908447266,13469000,86.36524963378906
2015-07-01,115.81999969482422,116.36000061035156,115.43000030517578,115.62000274658203,12451500,85.19950866699219
2015-07-02,116.31999969482422,116.66000366210938,115.87999725341797,116,6682100,85.47957611083984
2015-07-06,118.05000305175781,118.6500015258789,117.05999755859375,118.1500015258789,10605800,87.06383514404297
2015-07-07,119.66000366210938,120.48999786376953,118.94999694824219,119.26000213623047,16160100,87.88179016113281
2015-07-08,120.0199966430664,120.56999969482422,119.5,120.29000091552734,9951800,88.64080047607422
2015-07-09,118.69999694824219,119.12000274658203,117.8499984741211,117.91999816894531,11108900,86.89435577392578
2015-07-10,116.04000091552734,116.72000122070312,115.76000213623047,116.05000305175781,13636600,85.5163803100586
2015-07-13,115.38999938964844,116.45999908447266,115.38999938964844,115.69000244140625,8006700,85.2510986328125
2015-07-14,116.0199966430664,116.2699966430664,115.66000366210938,116.06999969482422,4227800,85.531097412109375
2015-07-15,116.11000061035156,117.55000305175781,116.04000091552734,117.30000305175781,8720400,86.4375
2015-07-16,116.88999938964844,118.16000366210938,116.87000274658203,118.11000061035156,7306500,87.034423828125
2015-07-17,118.37000274658203,118.88999938964844,118.36000061035156,118.72000122070312,7404900,87.4839096069336
2015-07-20,118.29000091552734,118.6500015258789,117.9000015258789,118.22000122070312,5941000,87.11544036865234
2015-07-21,117.68000030517578,118.93000030517578,117.66000366210938,118.86000061035156,5627500,87.587066650390625
2015-07-22,119.01000213623047,119.9000015258789,118.94999694824219,119.5999984741211,6228900,88.13233947753906
2015-07-23,119.5999984741211,121.19999694824219,119.44999694824219,121.08999633789062,9087700,89.23035430908203
2015-07-24,121.5,121.55000305175781,120.91999816894531,121.38999938964844,7307900,89.45137023925781
2015-07-27,122.19000244140625,122.29000091552734,121.4800033569336,122.04000091552734,8172000,89.93035888671875
2015-07-28,121.16000366210938,121.56999969482422,120.9000015258789,121.1500015258789,9128200,89.27457427978516
2015-07-29,121.0199966430664,121.16999816894531,120.41999816894531,120.69999694824219,6706400,88.94293212890625
2015-07-30,121.20999908447266,121.94000244140625,121.1500015258789,121.62999725341797,6146600,89.62824249267578
2015-07-31,122.44000244140625,122.9000015258789,122.05999755859375,122.52999877929688,9178400,90.29144287109375
2015-08-03,122.31999969482422,123.75,122.31999969482422,123.55000305175781,11753700,91.24188995361328
2015-08-04,123.16000366210938,123.31999969482422,122.45999908447266,122.56999969482422,6448800,90.5182113647461
2015-08-05,121.7699966430664,121.91000366210938,121.19000244140625,121.6500015258789,7574400,89.83878326416016
2015-08-06,122,122.87000274658203,122,122.7300033569336,6118100,90.63630676269531
2015-08-07,123.30000305175781,124.5,123.23999786376953,124.33999633789062,8317000,91.825286865234375
2015-08-10,123.41000366210938,123.56999969482422,122.5199966430664,122.80000305175781,7461700,90.68802642822266
2015-08-11,124.30000305175781,125.12999725341797,124.16000366210938,124.75,11145700,92.12810516357422
2015-08-12,124.93000030517578,125.70999908447266,124,124.06999969482422,8455200,91.625946044921875
2015-08-13,123.83000183105469,124.41999816894531,123.22000122070312,123.66999816894531,7691400,91.33052825927734
2015-08-14,123.47000122070312,124.37000274658203,123.19999694824219,123.95999908447266,4324700,91.54474639892578
2015-08-17,124.70999908447266,125.0999984741211,124.38999938964844,124.5199966430664,7880300,91.95824432373047
2015-08-18,123.80000305175781,124.29000091552734,123.37999725341797,123.54000091552734,5024300,91.23450469970703
2015-08-19,123.05999755859375,124.93000030517578,122.98999786376953,124.76000213623047,10736000,92.135498046875
2015-08-20,125.37000274658203,126.0999984741211,125.18000030517578,126.0199966430664,9078300,93.06599426269531
2015-08-21,126.16000366210938,126.73999786376953,125.58999633789062,126.4000015258789,10718300,93.34660339355469
2015-08-24,128.30999755859375,128.9199981689453,125.81999969482422,126.36000061035156,16663400,93.31707763671875
2015-08-25,124.55000305175781,124.79000091552734,123.55999755859375,124.33000183105469,15354800,91.81793212890625
2015-08-26,123,123.51000213623047,121.36000061035156,121.93000030517578,16429900,90.0455093383789
2015-08-27,121.81999969482422,122.87000274658203,121.6500015258789,122,9127000,90.09724426269531
2015-08-28,123.1500015258789,123.47000122070312,122.2300033569336,122.36000061035156,9946200,90.36305236816406
2015-08-31,123.36000061035156,123.47000122070312,121.33999633789062,121.41999816894531,8617600,89.66886901855469
2015-09-01,121.63999938964844,122.08999633789062,120.9800033569336,122.02999877929688,15298200,90.31498718261719
2015-09-02,121.41999816894531,121.9800033569336,120.86000061035156,120.9800033569336,9515200,89.53789520263672
2015-09-03,121.37999725341797,121.66999816894531,120.70999908447266,121.56999969482422,7042500,89.97452545166016
2015-09-04,122.44999694824219,122.93000030517578,121.81999969482422,122.68000030517578,7951300,90.79606628417969
2015-09-08,121.37999725341797,121.55999755859375,120.76000213623047,120.87000274658203,7049500,89.45649719238281
2015-09-09,119.62999725341797,121.70999908447266,119.55999755859375,121.44999694824219,7441900,89.88574981689453
2015-09-10,121.0199966430664,121.19000244140625,120.44999694824219,120.62999725341797,6789700,89.278839111328125
2015-09-11,121.47000122070312,122.08000183105469,121.33000183105469,121.38999938964844,5890900,89.84137725830078
2015-09-14,121.94999694824219,122.1500015258789,121.27999877929688,121.58000183105469,4221700,89.98197174072266
2015-09-15,120.88999938964844,121.05000305175781,119.12000274658203,119.25,11895000,88.257537841796875
2015-09-16,118.95999908447266,119.44000244140625,118.55000305175781,118.80000305175781,6949800,87.92447662353516
2015-09-17,118.87999725341797,120.37000274658203,118.7300033569336,120.25,19843600,88.99761199951172
2015-09-18,121.20999908447266,122.19999694824219,121.12999725341797,122.0999984741211,14963300,90.36682891845703
2015-09-21,121.01000213623047,121.11000061035156,119.77999877929688,120.11000061035156,10085600,88.89399719238281
2015-09-22,121.44000244140625,122.38999938964844,121.13999938964844,121.77999877929688,9968200,90.12999725341797
2015-09-23,121.62000274658203,122.06999969482422,120.98999786376953,121.7699966430664,6769900,90.1225814819336
2015-09-24,123.16999816894531,123.68000030517578,122.48999786376953,122.5999984741211,9605800,90.73689270019531
2015-09-25,121.6500015258789,121.93000030517578,121.2699966430664,121.54000091552734,8383700,89.95237731933594
2015-09-28,122.19999694824219,123.7699966430664,122.19999694824219,123.62000274658203,9833400,91.49177551269531
2015-09-29,123.54000091552734,124.29000091552734,123.25,123.97000122070312,9006100,91.750823974609375
2015-09-30,123.41000366210938,123.80000305175781,123.12000274658203,123.54000091552734,9832600,91.43254089355469
2015-10-01,124.08000183105469,124.5199966430664,123.66000366210938,123.80999755859375,9069400,91.822662353515625
2015-10-02,125.58999633789062,126.20999908447266,124.18000030517578,124.55999755859375,13000400,92.37891387939453
2015-10-05,123.72000122070312,123.83000183105469,122.77999877929688,122.87000274658203,11362700,91.12553405761719
2015-10-06,122.55000305175781,123.5999984741211,122.41000366210938,123.4000015258789,5687800,91.5185775756836
2015-10-07,122.80999755859375,123.33000183105469,122.51000213623047,122.98999786376953,6712800,91.21455383300781
2015-10-08,123.29000091552734,123.37000274658203,121.66000366210938,121.95999908447266,12882300,90.45061492919922
2015-10-09,121.97000122070312,122.63999938964844,121.9000015258789,122.27999877929688,9038100,90.687957763671875
2015-10-12,123.02999877929688,123.43000030517578,122.91000366210938,123.20999908447266,4241000,91.37767791748047
2015-10-13,123.52999877929688,123.5999984741211,122.80000305175781,123.41999816894531,6147200,91.533416748046875
2015-10-14,123.69999694824219,124.55000305175781,123.30000305175781,124.5,9738100,92.33442687988281
2015-10-15,124.30999755859375,124.45999908447266,123.77999877929688,123.88999938964844,6924300,91.8819808959961
2015-10-16,124.25,124.47000122070312,123.87000274658203,123.93000030517578,8048300,91.91165924072266
2015-10-19,123.79000091552734,123.97000122070312,122.91000366210938,123.58999633789062,6238400,91.65953063964844
2015-10-20,122.80000305175781,122.97000122070312,122.55000305175781,122.83000183105469,6431300,91.09588623046875
2015-10-21,123.61000061035156,124.22000122070312,123.47000122070312,124.05000305175781,6603800,92.00067138671875
2015-10-22,124.0999984741211,124.77999877929688,123.51000213623047,124.26000213623047,6934100,92.1563720703125
2015-10-23,123.0999984741211,123.45999908447266,122.8499984741211,123.19999694824219,7058200,91.37027740478516
2015-10-26,123.87000274658203,124.19999694824219,123.80999755859375,124.0199966430664,5859800,91.97840881347656
2015-10-27,124.51000213623047,124.9000015258789,124.16000366210938,124.33000183105469,7156800,92.20833587646484
2015-10-28,124.2699966430664,124.33999633789062,123.30000305175781,123.83000183105469,8468700,91.83750915527344
2015-10-29,123.18000030517578,123.22000122070312,121.69999694824219,121.86000061035156,12108000,90.3764877319336
2015-10-30,122.23999786376953,122.80999755859375,122.0199966430664,122.77999877929688,11861400,91.058807373046875
2015-11-02,121.77999877929688,122.18000030517578,121.68000030517578,121.94999694824219,8751000,90.640350341796875
2015-11-03,121.6500015258789,121.73999786376953,120.79000091552734,120.94999694824219,8921600,89.89704132080078
2015-11-04,121.0999984741211,121.54000091552734,120.69999694824219,121.08999633789062,5980800,90.0011215209961
2015-11-05,121.05000305175781,121.05999755859375,120.30000305175781,120.7699966430664,7268400,89.7633285522461
2015-11-06,119.48999786376953,119.52999877929688,118.73999786376953,119,10604700,88.44774627685547
2015-11-09,118.0999984741211,118.9000015258789,118,118.33000183105469,9159500,87.94970703125
2015-11-10,118.5,119.20999908447266,118.37999725341797,118.68000030517578,6712500,88.20988464355469
2015-11-11,118.3499984741211,118.58000183105469,118.2699966430664,118.43000030517578,2857900,88.02406311035156
2015-11-12,118.75,119.44000244140625,118.69999694824219,119,6805700,88.44774627685547
2015-11-13,119.31999969482422,119.9000015258789,119.22000122070312,119.68000030517578,7906600,88.953125
2015-11-16,119.79000091552734,120,119.12999725341797,119.56999969482422,5485300,88.87135314941406
2015-11-17,119,120.12999725341797,118.66000366210938,119.7699966430664,5122900,89.019989013671875
2015-11-18,119.58000183105469,120.19000244140625,119.36000061035156,120.0199966430664,5233900,89.20584869384766
2015-11-19,120.87999725341797,121.1500015258789,120.68000030517578,120.81999969482422,6643000,89.80046081542969
2015-11-20,120.93000030517578,121.04000091552734,120.27999877929688,120.44999694824219,5971000,89.52542877197266
2015-11-23,120.52999877929688,121.12000274658203,120.31999969482422,120.81999969482422,5436300,89.80046081542969
2015-11-24,120.9000015258789,121.19999694824219,120.58000183105469,120.80999755859375,3371500,89.7929916381836
2015-11-25,121.16999816894531,121.41999816894531,120.94999694824219,121.08999633789062,3280900,90.0011215209961
2015-11-27,121.25,121.31999969482422,120.95999908447266,120.97000122070312,2570600,89.91194915771484
2015-11-30,121.0999984741211,121.52999877929688,121.05999755859375,121.44999694824219,5179800,90.26873016357422
2015-12-01,121.26000213623047,122.8499984741211,121.26000213623047,122.83000183105469,12766600,91.48799133300781
2015-12-02,122.66000366210938,123.04000091552734,122.19000244140625,122.87000274658203,7345800,91.517791748046875
2015-12-03,121.36000061035156,121.4000015258789,118.98999786376953,119.52999877929688,16612200,89.030059814453125
2015-12-04,119.52999877929688,120.93000030517578,119.47000122070312,120.58000183105469,11843800,89.81208801269531
2015-12-07,120.80999755859375,122.45999908447266,120.80000305175781,121.75,9016700,90.683563232421875
2015-12-08,122.27999877929688,122.43000030517578,121.44999694824219,121.80999755859375,7257500,90.7282485961914
2015-12-09,121.3499984741211,122.1500015258789,120.51000213623047,121.68000030517578,8993900,90.63143157958984
2015-12-10,121.79000091552734,122.02999877929688,121.48999786376953,121.83999633789062,5606900,90.750640869140625
2015-12-11,123.02999877929688,124.0999984741211,122.87000274658203,123.76000213623047,12300000,92.1806640625
2015-12-14,123.08000183105469,123.1500015258789,121.75,122.16000366210938,10661100,90.98897552490234
2015-12-15,121.0199966430664,121.5999984741211,120.83000183105469,121.44000244140625,8795500,90.45264434814453
2015-12-16,121.06999969482422,122.16999816894531,120.5,121.18000030517578,10988600,90.25904083251953
2015-12-17,121.77999877929688,122.77999877929688,121.63999938964844,122.55000305175781,9923000,91.279449462890625
2015-12-18,123.08000183105469,123.5199966430664,122.81999969482422,123.2300033569336,10171700,91.78593444824219
2015-12-21,123.43000030517578,123.77999877929688,122.91999816894531,123.19999694824219,7494900,91.76359558105469
2015-12-22,122.6500015258789,122.80000305175781,121.98999786376953,122.30999755859375,5445800,91.100677490234375
2015-12-23,121.2300033569336,121.61000061035156,120.87000274658203,121.38999938964844,7287100,90.415496826171875
2015-12-24,121.47000122070312,121.87000274658203,121.4000015258789,121.83000183105469,3364600,90.93343353271484
2015-12-28,121.98999786376953,122.66999816894531,121.8499984741211,122.19000244140625,7586600,91.20209503173828
2015-12-29,121.69000244140625,121.73999786376953,120.01000213623047,120.16000366210938,7787500,89.68695831298828
2015-12-30,119.91999816894531,120.54000091552734,119.66999816894531,120.04000091552734,5508900,89.59733581542969
2015-12-31,120.56999969482422,120.86000061035156,120.25,120.58000183105469,7897700,90.00042724609375
2016-01-04,121.93000030517578,122.44999694824219,121.31999969482422,121.44999694824219,10591900,90.649810791015625
2016-01-05,120.87999725341797,121.5,120.66000366210938,120.95999908447266,6242600,90.28404998779297
2016-01-06,122.30000305175781,122.62000274658203,122.05000305175781,122.58999633789062,8916900,91.50067138671875
2016-01-07,122.68000030517578,122.93000030517578,121.79000091552734,122.80999755859375,10202200,91.66487121582031
2016-01-08,122.43000030517578,123.47000122070312,122.2300033569336,123.36000061035156,9577200,92.075439453125
2016-01-11,122.04000091552734,122.79000091552734,121.86000061035156,122.01000213623047,10040300,91.067779541015625
2016-01-12,122.33999633789062,124.31999969482422,122.1500015258789,123.7699966430664,12897700,92.38141632080078
2016-01-13,123.52999877929688,125.5,123.2699966430664,124.98999786376953,15577600,93.292022705078125
2016-01-14,124.47000122070312,124.97000122070312,123.33999633789062,123.81999969482422,12873800,92.41875457763672
2016-01-15,125.4000015258789,125.95999908447266,125.08000183105469,125.75,13976300,93.85933685302734
2016-01-19,125.12999725341797,126.06999969482422,124.94999694824219,125.36000061035156,8926600,93.5682144165039
2016-01-20,126.9800033569336,127.91999816894531,126.41999816894531,126.68000030517578,17283300,94.55345916748047
2016-01-21,126.94000244140625,127.29000091552734,125.66999816894531,125.81999969482422,11001600,93.91154479980469
2016-01-22,124.91000366210938,125.52999877929688,124.5199966430664,125.33999633789062,10164300,93.55328369140625
2016-01-25,125.94999694824219,126.2699966430664,125.6500015258789,126.0199966430664,5738200,94.06084442138672
2016-01-26,125.98999786376953,126.45999908447266,125.75,126.08000183105469,5692600,94.10563659667969
2016-01-27,125.75,126.29000091552734,125.19000244140625,126.05000305175781,7957800,94.083221435546875
2016-01-28,125.54000091552734,126.41000366210938,125.45999908447266,126.2300033569336,10575400,94.2175521850586
2016-01-29,127.41000366210938,127.86000061035156,126.91999816894531,127.30000305175781,13170700,95.01622009277344
2016-02-01,126.79000091552734,127.06999969482422,126.29000091552734,126.66999816894531,9948400,94.72528076171875
2016-02-02,128.10000610351562,129.0399932861328,128,129.02000427246094,10400000,96.48265075683594
2016-02-03,128.27999877929688,129.94000244140625,127.91999816894531,127.94999694824219,13309000,95.6825180053711
2016-02-04,128.22000122070312,128.58999633789062,127.51000213623047,128.57000732421875,9953500,96.14617156982422
2016-02-05,127.88999938964844,129,127.58999633789062,128.72000122070312,9200800,96.2583236694336
2016-02-08,129.72000122070312,131.6300048828125,129.67999267578125,131.49000549316406,14452200,98.32975769042969
2016-02-09,132.0399932861328,132.05999755859375,130.9600067138672,131.6300048828125,15232100,98.4344482421875
2016-02-10,131.6999969482422,132.83999633789062,131.11000061035156,132.7899932861328,12797100,99.30191802978516
2016-02-11,134.44000244140625,135.25,133.00999450683594,133.72000122070312,21620200,99.99736785888672
2016-02-12,132.63999938964844,133.1300048828125,130.92999267578125,131.5,13888400,98.3372573852539
2016-02-16,130.72000122070312,130.75,129.80999755859375,130.11000061035156,11766000,97.29778289794922
2016-02-17,129.63999938964844,129.8300018310547,128.7100067138672,129.30999755859375,13157300,96.69954681396484
2016-02-18,129.41000366210938,131,129.36000061035156,130.89999389648438,10196700,97.88855743408203
2016-02-19,130.94000244140625,131.82000732421875,130.72999572753906,131.00999450683594,8188700,97.9708480834961
2016-02-22,131.10000610351562,131.11000061035156,130.6999969482422,130.94000244140625,5054300,97.918426513671875
2016-02-23,129.8800048828125,131.74000549316406,129.77999877929688,131.47000122070312,8320700,98.31478118896484
2016-02-24,132.39999389648438,133.38999938964844,130.9499969482422,131.2100067138672,9091200,98.12039947509766
2016-02-25,131.47999572753906,132.55999755859375,131.32000732421875,131.67999267578125,6097200,98.47185516357422
2016-02-26,130.30999755859375,130.80999755859375,130.0399932861328,130.41000366210938,9245000,97.52213287353516
2016-02-29,130.47000122070312,131.1699981689453,130.4199981689453,130.97999572753906,8016100,97.94842529296875
2016-03-01,130.82000732421875,130.85000610351562,128.32000732421875,128.42999267578125,13729100,96.22364807128906
2016-03-02,128.32000732421875,128.97000122070312,128.2100067138672,128.9600067138672,7047700,96.62073516845703
2016-03-03,129.07000732421875,129.94000244140625,128.77000427246094,129.42999267578125,6394800,96.97284698486328
2016-03-04,128.75,129.1300048828125,127.76000213623047,128.60000610351562,8687000,96.35102081298828
2016-03-07,128.4499969482422,128.6699981689453,128.0500030517578,128.55999755859375,5493300,96.32103729248047
2016-03-08,130.35000610351562,130.99000549316406,129.9499969482422,129.97999572753906,7175400,97.384918212890625
2016-03-09,129.0800018310547,129.69000244140625,128.80999755859375,129.19000244140625,7194700,96.79307556152344
2016-03-10,129.5,129.83999633789062,127.91999816894531,128.66000366210938,10091600,96.3959732055664
2016-03-11,128.82000732421875,128.8800048828125,127.20999908447266,127.36000061035156,8927000,95.42195129394531
2016-03-14,127.81999969482422,128.38999938964844,127.66000366210938,127.76000213623047,5177000,95.72167205810547
2016-03-15,128.5,128.66000366210938,127.61000061035156,127.87999725341797,6413200,95.81159210205078
2016-03-16,127.75,128.52000427246094,127.37000274658203,128.25999450683594,9728900,96.09630584716797
2016-03-17,128.50999450683594,129.33999633789062,128.49000549316406,128.7899932861328,7805500,96.49336242675781
2016-03-18,129.0399932861328,129.50999450683594,128.6999969482422,129.05999755859375,8198600,96.69564056396484
2016-03-21,128.25,128.6199951171875,127.75,128.07000732421875,5514800,95.95397186279297
2016-03-22,128.8300018310547,129.02000427246094,127.91999816894531,128.0399932861328,4997900,95.931427001953125
2016-03-23,128.41000366210938,129.82000732421875,128.2899932861328,129.49000549316406,10628200,97.01783752441406
2016-03-24,130.5800018310547,130.63999938964844,129,129.5399932861328,6343300,97.05531311035156
2016-03-28,129.3800048828125,130.16000366210938,129.27999877929688,129.7100067138672,5058700,97.182708740234375
2016-03-29,130.3800048828125,131.08999633789062,130.02000427246094,131.07000732421875,9396700,98.20165252685547
2016-03-30,130.02999877929688,130.07000732421875,128.97999572753906,129.69000244140625,8478700,97.1677017211914
2016-03-31,129.97999572753906,130.80999755859375,129.7899932861328,130.61000061035156,7832300,97.85697174072266
2016-04-01,130.97999572753906,131.1300048828125,129.89999389648438,130.67999267578125,9341400,98.11226654052734
2016-04-04,130.7899932861328,130.97000122070312,130.27000427246094,130.75999450683594,5145100,98.17232513427734
2016-04-05,132.00999450683594,132.36000061035156,131.77999877929688,132.19000244140625,6482800,99.2459716796875
2016-04-06,131.52999877929688,131.6699981689453,130.74000549316406,131.22999572753906,6393700,98.525146484375
2016-04-07,132.19000244140625,132.99000549316406,132.00999450683594,132.85000610351562,5963300,99.741485595703125
2016-04-08,132.1699981689453,132.39999389648438,131.63999938964844,132.00999450683594,5584800,99.11079406738281
2016-04-11,131.32000732421875,132.17999267578125,131.11000061035156,131.83999633789062,4805500,98.98314666748047
2016-04-12,131.0800018310547,131.5500030517578,130.52999877929688,130.92999267578125,4276000,98.29993438720703
2016-04-13,130.69000244140625,131.5800018310547,130.52000427246094,131.38999938964844,5207900,98.645294189453125
2016-04-14,130.91000366210938,131.30999755859375,130.49000549316406,130.75999450683594,6967000,98.17232513427734
2016-04-15,131.2899932861328,132.16000366210938,131.25,131.8800048828125,5831100,99.01319885253906
2016-04-18,131.3300018310547,131.44000244140625,130.66000366210938,131.30999755859375,4486600,98.58522033691406
2016-04-19,131.0800018310547,131.30999755859375,130.2899932861328,130.89999389648438,5212200,98.27738952636719
2016-04-20,131.16000366210938,131.64999389648438,129.27000427246094,129.4600067138672,10920700,97.19625091552734
2016-04-21,128.44000244140625,129.07000732421875,128.2899932861328,128.69000244140625,11154200,96.61817932128906
2016-04-22,128.85000610351562,128.91000366210938,128.24000549316406,128.36000061035156,5826400,96.37040710449219
2016-04-25,128.05999755859375,128.52000427246094,127.83000183105469,127.83000183105469,5539500,95.972503662109375
2016-04-26,127.76000213623047,127.76000213623047,127.12000274658203,127.25,7840000,95.53704833984375
2016-04-27,127.91999816894531,128.82000732421875,127.62000274658203,128.52000427246094,8380100,96.49053192138672
2016-04-28,128.2100067138672,129.13999938964844,128.0399932861328,129.0500030517578,7974600,96.8884506225586
2016-04-29,128.4499969482422,129.7100067138672,128.1999969482422,129.3800048828125,7416300,97.13622283935547
2016-05-02,128.66000366210938,128.89999389648438,127.80000305175781,127.81999969482422,11035200,96.158203125
2016-05-03,129.5500030517578,130.02000427246094,129.35000610351562,129.42999267578125,10736700,97.36943817138672
2016-05-04,129.67999267578125,130.1699981689453,129.19000244140625,130.13999938964844,7211200,97.90355682373047
2016-05-05,130.05999755859375,131.07000732421875,129.6999969482422,131.00999450683594,7870400,98.55804443359375
2016-05-06,130.85000610351562,130.86000061035156,130.2899932861328,130.4499969482422,7232500,98.13676452636719
2016-05-09,130.4600067138672,130.88999938964844,130.32000732421875,130.86000061035156,4950800,98.44522857666016
2016-05-10,130.85000610351562,131.1199951171875,130.64999389648438,130.8699951171875,4331900,98.452728271484375
2016-05-11,130.8300018310547,132,130.66000366210938,131.61000061035156,9256000,99.00941467285156
2016-05-12,130.66000366210938,131.1699981689453,130.58999633789062,131.00999450683594,6087400,98.55804443359375
2016-05-13,131.47999572753906,132.32000732421875,131.22999572753906,132.27999877929688,8707300,99.51348114013672
2016-05-16,131.63999938964844,131.66000366210938,130.97999572753906,131.13999938964844,5137000,98.65583801269531
2016-05-17,131.2100067138672,131.8300018310547,131.2100067138672,131.36000061035156,4449100,98.8213882446289
2016-05-18,130.80999755859375,130.85000610351562,128.91000366210938,129.49000549316406,12681000,97.414581298828125
2016-05-19,129.67999267578125,130.3300018310547,129.64999389648438,130.0500030517578,6209400,97.83587646484375
2016-05-20,129.64999389648438,130.39999389648438,129.5500030517578,130.14999389648438,5348900,97.91105651855469
2016-05-23,130.36000061035156,130.72999572753906,129.9199981689453,130.44000244140625,6979700,98.1292495727539
2016-05-24,129.97000122070312,130.19000244140625,129.24000549316406,129.86000061035156,5968200,97.69295501708984
2016-05-25,129.8300018310547,130.25,129.30999755859375,129.3699951171875,6367400,97.324310302734375
2016-05-26,129.80999755859375,130.4499969482422,129.8000030517578,130.0399932861328,5419300,97.82830810546875
2016-05-27,130.07000732421875,130.25999450683594,129.6999969482422,129.85000610351562,5267600,97.68540954589844
2016-05-31,129.02000427246094,130.44000244140625,128.97999572753906,130.16000366210938,8344300,97.9185791015625
2016-06-01,130.6300048828125,131.27000427246094,130.11000061035156,130.4199981689453,9874900,98.31584930419922
2016-06-02,130.89999389648438,131.69000244140625,130.8699951171875,131.36000061035156,5835400,99.02449798583984
2016-06-03,132.86000061035156,133.22999572753906,132.60000610351562,133.22999572753906,11077200,100.43416595458984
2016-06-06,132.77999877929688,132.88999938964844,132.10000610351562,132.24000549316406,7573700,99.68787384033203
2016-06-07,132.63999938964844,132.97999572753906,132.5399932861328,132.55999755859375,4680200,99.9291000366211
2016-06-08,132.8699951171875,133.42999267578125,132.7100067138672,133.27000427246094,5313200,100.46435546875
2016-06-09,134.32000732421875,134.5399932861328,133.92999267578125,134.1300048828125,6820300,101.11264038085938
2016-06-10,134.7899932861328,135.3300018310547,134.25999450683594,134.77999877929688,6984600,101.60263061523438
2016-06-13,135.08999633789062,135.38999938964844,134.77000427246094,135.3800048828125,7283300,102.054931640625
2016-06-14,136.19000244140625,136.22000122070312,135.22000122070312,135.27999877929688,9012500,101.9795150756836
2016-06-15,135.52000427246094,136.22999572753906,135.30999755859375,135.8000030517578,7953200,102.3715591430664
2016-06-16,136.74000549316406,137.55999755859375,136.17999267578125,136.4600067138672,10372700,102.86910247802734
2016-06-17,136.1999969482422,136.27000427246094,135.25999450683594,135.61000061035156,8489900,102.22830200195312
2016-06-20,134.24000549316406,134.5500030517578,134.00999450683594,134.16000366210938,7365900,101.1352310180664
2016-06-21,134.2899932861328,134.5800018310547,133.4600067138672,133.5399932861328,6005800,100.66783905029297
2016-06-22,133.5,133.99000549316406,133.25,133.75999450683594,5773700,100.83369445800781
2016-06-23,132.61000061035156,133.32000732421875,132.0800018310547,132.22999572753906,9029100,99.680328369140625
2016-06-24,136.61000061035156,136.61000061035156,135.3000030517578,135.77999877929688,17155000,102.35649108886719
2016-06-27,138.44000244140625,139.58999633789062,138.39999389648438,139.1699981689453,16577100,104.91195678710938
2016-06-28,139.44000244140625,139.89999389648438,138.8800048828125,139.4600067138672,14006400,105.13056945800781
2016-06-29,139.67999267578125,140.1300048828125,138.25999450683594,138.38999938964844,12999800,104.32396697998047
2016-06-30,138.80999755859375,139.94000244140625,138.08999633789062,138.89999389648438,14698500,104.70841217041016
2016-07-01,140.80999755859375,140.82000732421875,139.19000244140625,140.57000732421875,15430200,106.16226196289062
2016-07-05,141.85000610351562,142.91000366210938,141.6999969482422,142.3300018310547,8840800,107.49146270751953
2016-07-06,142.7899932861328,143,141.9600067138672,142.55999755859375,14352800,107.66514587402344
2016-07-07,142.08999633789062,143.19000244140625,141.77999877929688,142.5500030517578,9676400,107.65765380859375
2016-07-08,142.9199981689453,143.6199951171875,142.36000061035156,143.60000610351562,10355300,108.4505615234375
2016-07-11,143.0500030517578,143.47000122070312,142.24000549316406,142.33999633789062,8099000,107.49900817871094
2016-07-12,140.4199981689453,140.86000061035156,139.63999938964844,140,15810600,105.73175811767578
2016-07-13,141.3699951171875,141.77000427246094,140.9499969482422,141.64999389648438,8181700,106.97789001464844
2016-07-14,139.27999877929688,139.83999633789062,139.08999633789062,139.58999633789062,10817000,105.42213439941406
2016-07-15,138.88999938964844,139.11000061035156,138.17999267578125,138.38999938964844,9958600,104.5158920288086
2016-07-18,139.07000732421875,139.25999450683594,137.72999572753906,138.25999450683594,5955900,104.41755676269531
2016-07-19,138.94000244140625,139.30999755859375,138.39999389648438,139.0399932861328,8073900,105.00675201416016
2016-07-20,138.22999572753906,138.50999450683594,137.91000366210938,138.27999877929688,6942500,104.43277740478516
2016-07-21,137.0399932861328,138.6199951171875,136.99000549316406,138.55999755859375,10398400,104.64424896240234
2016-07-22,137.92999267578125,139.24000549316406,137.8699951171875,138.8000030517578,5811400,104.82550811767578
2016-07-25,138.94000244140625,139.25999450683594,138.58999633789062,138.6999969482422,4243800,104.74996185302734
2016-07-26,139.52000427246094,139.52000427246094,138.4600067138672,138.9199981689453,5243400,104.91610717773438
2016-07-27,139.5500030517578,140.64999389648438,139.39999389648438,140.64999389648438,8508100,106.22270202636719
2016-07-28,139.8000030517578,140.83999633789062,139.7100067138672,140.38999938964844,7336100,106.02635192871094
2016-07-29,140.4499969482422,141.67999267578125,140.22000122070312,141.55999755859375,8766700,106.90992736816406
2016-08-01,139.77999877929688,140.5,139.61000061035156,139.77000427246094,9809300,105.75082397460938
2016-08-02,137.8300018310547,139.25999450683594,137.5,138.3300018310547,10051200,104.66131591796875
2016-08-03,138.60000610351562,138.77999877929688,137.91000366210938,138.41000366210938,4930600,104.72183227539062
2016-08-04,139.4600067138672,140.16000366210938,139.27000427246094,139.4499969482422,5646000,105.50869750976562
2016-08-05,139.0500030517578,139.17999267578125,137.82000732421875,138,7778600,104.41160583496094
2016-08-08,137.60000610351562,138.5399932861328,137.32000732421875,138.25999450683594,5185200,104.60822296142578
2016-08-09,138.7100067138672,139.72000122070312,138.6199951171875,139.6199951171875,5503200,105.63732147216797
2016-08-10,139.89999389648438,140.50999450683594,139.47000122070312,140.16000366210938,5843500,106.04591369628906
2016-08-11,140.05999755859375,140.0800018310547,138.5399932861328,138.91000366210938,7624600,105.10014343261719
2016-08-12,140.41000366210938,140.86000061035156,139.8699951171875,140.0800018310547,7989600,105.98536682128906
2016-08-15,139.33999633789062,139.6300048828125,138.75,138.75999450683594,5108600,104.98667907714844
2016-08-16,138.97999572753906,139.14999389648438,138.22999572753906,138.38999938964844,6182700,104.70671844482422
2016-08-17,138.6300048828125,139.44000244140625,138.5,139.22000122070312,5002000,105.3346939086914
2016-08-18,139.1999969482422,139.75999450683594,138.7899932861328,139.44000244140625,3805200,105.50113677978516
2016-08-19,138.63999938964844,139.0500030517578,138.10000610351562,138.7100067138672,5516300,104.94879150390625
2016-08-22,139.64999389648438,140.13999938964844,139.3699951171875,139.8800048828125,5549700,105.83406066894531
2016-08-23,140.27000427246094,140.58999633789062,139.6699981689453,140.02999877929688,6841400,105.94754028320312
2016-08-24,140.10000610351562,140.19000244140625,139.38999938964844,139.6999969482422,6027800,105.69786071777344
2016-08-25,139.25999450683594,139.77999877929688,138.9600067138672,139.1699981689453,5855500,105.29679107666016
2016-08-26,139.72999572753906,140.69000244140625,138.22000122070312,138.36000061035156,12962500,104.68400573730469
2016-08-29,139.3800048828125,140.35000610351562,139.2100067138672,140.2100067138672,7310400,106.08373260498047
2016-08-30,140.1699981689453,140.25999450683594,139.6699981689453,139.6699981689453,5161800,105.67513275146484
2016-08-31,139.66000366210938,140.1699981689453,139.33999633789062,139.8699951171875,7349700,105.82650756835938
2016-09-01,138.6199951171875,140.10000610351562,138.57000732421875,139.77000427246094,9149100,105.9432144165039
2016-09-02,138.9600067138672,139.0500030517578,138.1699981689453,138.6300048828125,8397000,105.07908630371094
2016-09-06,138.7100067138672,140.0800018310547,138.50999450683594,139.63999938964844,8542600,105.84463500976562
2016-09-07,140.3699951171875,140.4199981689453,139.5399932861328,139.5399932861328,5421800,105.7688217163086
2016-09-08,138.86000061035156,139.27000427246094,137.25999450683594,137.7899932861328,14301500,104.44243621826172
2016-09-09,136.07000732421875,136.1199951171875,135.41000366210938,135.52000427246094,13347700,102.72174072265625
2016-09-12,135.32000732421875,135.8300018310547,135.16000366210938,135.58999633789062,9096600,102.77484893798828
2016-09-13,135.8699951171875,136,133.36000061035156,134.0500030517578,15645400,101.60757446289062
2016-09-14,134.0500030517578,134.91000366210938,134.0500030517578,134.25,7037700,101.75917053222656
2016-09-15,133.61000061035156,134.0500030517578,133.02999877929688,133.6699981689453,9874500,101.31954956054688
2016-09-16,134.5800018310547,134.80999755859375,134.22000122070312,134.75,7507900,102.13810729980469
2016-09-19,134.52000427246094,134.8699951171875,134.25,134.30999755859375,7105900,101.80461120605469
2016-09-20,135.14999389648438,135.5800018310547,134.6699981689453,134.77999877929688,6054800,102.16087341308594
2016-09-21,134.60000610351562,135.88999938964844,134.17999267578125,135.8699951171875,10698100,102.98701477050781
2016-09-22,136.6699981689453,137.2899932861328,136.5,136.9499969482422,12426200,103.80565643310547
2016-09-23,137.02999877929688,137.33999633789062,136.7100067138672,136.82000732421875,5928800,103.7071304321289
2016-09-26,137.07000732421875,137.8300018310547,137.02000427246094,137.69000244140625,8661300,104.36656951904297
2016-09-27,138.58999633789062,138.8000030517578,137.9499969482422,138.6999969482422,9450400,105.13219451904297
2016-09-28,138.5,139.14999389648438,138.22000122070312,138.39999389648438,7958700,104.9047622680664
2016-09-29,137.55999755859375,139.07000732421875,137.4499969482422,138.75,8319800,105.17002868652344
2016-09-30,138.5500030517578,138.63999938964844,136.8699951171875,137.50999450683594,11747100,104.23018646240234
2016-10-03,137.67999267578125,137.77000427246094,136.75999450683594,136.80999755859375,7588800,103.88619995117188
2016-10-04,136.6199951171875,136.83999633789062,135.16000366210938,135.2100067138672,12048700,102.67122650146484
2016-10-05,135.02000427246094,135.0800018310547,134.1199951171875,134.5800018310547,8917700,102.1928939819336
2016-10-06,133.97000122070312,134.69000244140625,133.67999267578125,133.8300018310547,7839900,101.62336730957031
2016-10-07,133.92999267578125,134.2899932861328,133.08999633789062,133.9199981689453,9953200,101.69166564941406
2016-10-10,132.85000610351562,133.16000366210938,132.50999450683594,133.1300048828125,6089100,101.09175872802734
2016-10-11,132.86000061035156,133.5500030517578,132.57000732421875,132.8300018310547,9670400,100.86395263671875
2016-10-12,132.6699981689453,133.02000427246094,132.24000549316406,132.9600067138672,7582400,100.96273803710938
2016-10-13,133.63999938964844,133.92999267578125,133.3699951171875,133.4600067138672,7080600,101.34239959716797
2016-10-14,132.27000427246094,132.9499969482422,131.52999877929688,131.58999633789062,11415100,99.92237854003906
2016-10-17,132.10000610351562,132.74000549316406,132.08999633789062,132.42999267578125,10595900,100.56024169921875
2016-10-18,131.86000061035156,132.88999938964844,131.8300018310547,132.86000061035156,7151000,100.88677215576172
2016-10-19,132.3699951171875,133.27000427246094,132.32000732421875,132.97000122070312,6941300,100.97028350830078
2016-10-20,133.63999938964844,133.75,132.89999389648438,133.11000061035156,6082300,101.07656860351562
2016-10-21,133.52000427246094,133.72000122070312,132.8699951171875,133.30999755859375,9222700,101.22846984863281
2016-10-24,133.41000366210938,133.4499969482422,132.2899932861328,132.72999572753906,6507500,100.78804779052734
2016-10-25,132.52999877929688,133.55999755859375,132.49000549316406,133.0800018310547,5134700,101.0538330078125
2016-10-26,132.4600067138672,132.8000030517578,131.99000549316406,132.17999267578125,5842500,100.3703842163086
2016-10-27,131.07000732421875,131.07000732421875,130.05999755859375,130.74000549316406,10044700,99.276947021484375
2016-10-28,130.38999938964844,130.92999267578125,130.3300018310547,130.4499969482422,7541000,99.05675506591797
2016-10-31,130.88999938964844,131.2899932861328,130.7100067138672,131.25,7047500,99.66423034667969
2016-11-01,130.16000366210938,131.60000610351562,129.8800048828125,131.00999450683594,12622400,99.6718521118164
2016-11-02,131.3000030517578,132.11000061035156,131.02999877929688,131.5800018310547,8666200,100.10546112060547
2016-11-03,130.75,131.0500030517578,130.44000244140625,130.57000732421875,6085400,99.33707427978516
2016-11-04,131.27000427246094,131.7899932861328,131.1300048828125,131.74000549316406,7622600,100.22718811035156
2016-11-07,130.75,131,130.44000244140625,130.6199951171875,5386700,99.3751220703125
2016-11-08,131.02000427246094,131.2100067138672,129.7100067138672,130.08999633789062,7576500,98.97186279296875
2016-11-09,127.22000122070312,127.37000274658203,124.22000122070312,124.56999969482422,31233500,94.77230072021484
2016-11-10,123.97000122070312,124.95999908447266,122.72000122070312,122.7300033569336,22961200,93.37242126464844
2016-11-11,122.95999908447266,123.05000305175781,121.6500015258789,122.04000091552734,10040200,92.84752655029297
2016-11-14,121.27999877929688,122.66000366210938,120.7300033569336,121.30999755859375,21174400,92.2921142578125
2016-11-15,122.22000122070312,122.80999755859375,121.77999877929688,121.91000366210938,11963700,92.74859619140625
2016-11-16,122.30000305175781,123.13999938964844,122.16999816894531,123.01000213623047,9149500,93.58548736572266
2016-11-17,121.94999694824219,122.11000061035156,120.98999786376953,121.19999694824219,11221600,92.20841217041016
2016-11-18,121.62999725341797,121.97000122070312,120.33999633789062,120.8499984741211,13577700,91.94218444824219
2016-11-21,121.20999908447266,121.4800033569336,120.88999938964844,121.1500015258789,6488100,92.17037200927734
2016-11-22,121.66000366210938,121.76000213623047,120.87999725341797,121.11000061035156,9989900,92.13994598388672
2016-11-23,119.98999786376953,120.91000366210938,119.25,120.63999938964844,13563500,91.7823715209961
2016-11-25,121.19000244140625,121.29000091552734,120.4000015258789,120.81999969482422,3126300,91.91938018798828
2016-11-28,121.41000366210938,121.7300033569336,121.08999633789062,121.70999908447266,8555000,92.5964584350586
2016-11-29,121.44000244140625,122.4000015258789,121.20999908447266,122.22000122070312,8363000,92.98444366455078
2016-11-30,119.97000122070312,121.01000213623047,119.4800033569336,120.23999786376953,21163500,91.47804260253906
2016-12-01,118.51000213623047,118.98999786376953,117.63999938964844,118.7300033569336,21715700,90.51216125488281
2016-12-02,119.16999816894531,120.20999908447266,119.13999938964844,119.5999984741211,12487500,91.17543029785156
2016-12-05,118.93000030517578,120.4000015258789,118.44999694824219,119.47000122070312,12100100,91.0762710571289
2016-12-06,119.33999633789062,119.94000244140625,119.12000274658203,119.37999725341797,11526600,91.0076675415039
2016-12-07,119.81999969482422,120.62000274658203,119.81999969482422,120.4000015258789,10392200,91.78529357910156
2016-12-08,119.1500015258789,119.30999755859375,118.77999877929688,118.9800033569336,12041100,90.7027816772461
2016-12-09,118.63999938964844,118.86000061035156,117.27999877929688,117.5,14646400,89.57451629638672
2016-12-12,117.2699966430664,117.80000305175781,116.87999725341797,117.72000122070312,9496300,89.74223327636719
2016-12-13,118.4000015258789,118.48999786376953,117.44000244140625,118.13999938964844,12189200,90.06239318847656
2016-12-14,119.08000183105469,119.20999908447266,116.80000305175781,116.81999969482422,16618400,89.056121826171875
2016-12-15,117.55999755859375,118.29000091552734,117.02999877929688,117.41000366210938,12400500,89.5058822631836
2016-12-16,117.61000061035156,117.91999816894531,116.80000305175781,117.13999938964844,14924600,89.30005645751953
2016-12-19,117.9800033569336,118.58000183105469,117.73999786376953,118.4000015258789,10868300,90.26060485839844
2016-12-20,117.62999725341797,117.9000015258789,117.37999725341797,117.80999755859375,7030600,89.81083679199219
2016-12-21,117.91999816894531,118.4000015258789,117.7300033569336,118.33000183105469,4624700,90.207244873046875
2016-12-22,117.52999877929688,118,117.5,117.80999755859375,5177800,90.04595184326172
2016-12-23,118.23999786376953,118.38999938964844,117.94999694824219,118.05000305175781,4461600,90.22941589355469
2016-12-27,117.41999816894531,117.69999694824219,117.2300033569336,117.66999816894531,5276600,89.9389419555664
2016-12-28,117.86000061035156,118.87999725341797,117.69999694824219,118.52999877929688,7578600,90.596282958984375
2016-12-29,118.80000305175781,119.2699966430664,118.66000366210938,118.94999694824219,8581400,90.91729736328125
2016-12-30,118.77999877929688,119.6500015258789,118.72000122070312,119.12999725341797,10613900,91.05487060546875
2017-01-03,118.41000366210938,119.98999786376953,118.18000030517578,119.63999938964844,13217300,91.44469451904297
2017-01-04,119.76000213623047,120.23999786376953,119.44999694824219,120.0999984741211,6699600,91.79627990722656
2017-01-05,120.44999694824219,122.02999877929688,120.16999816894531,121.9800033569336,13265800,93.23322296142578
2017-01-06,121.12999725341797,121.54000091552734,120.75,120.86000061035156,8369300,92.377166748046875
2017-01-09,121.87999725341797,122,121.45999908447266,121.83000183105469,8839100,93.11859130859375
2017-01-10,121.55000305175781,121.91000366210938,121.27999877929688,121.75,8417900,93.05741119384766
2017-01-11,121.94000244140625,122.69000244140625,121.41000366210938,122.16000366210938,9402500,93.370819091796875
2017-01-12,122.80000305175781,123.13999938964844,121.83000183105469,121.88999938964844,9977600,93.16446685791016
2017-01-13,121.33000183105469,121.75,120.62000274658203,121.30999755859375,9820000,92.72112274169922
2017-01-17,122.80999755859375,122.94000244140625,121.98999786376953,122.58000183105469,7853300,93.691802978515625
2017-01-18,121.7699966430664,121.95999908447266,120.91000366210938,121.01000213623047,9064700,92.49182891845703
2017-01-19,120.48999786376953,120.58000183105469,119.55000305175781,120.18000030517578,11795600,91.85747528076172
2017-01-20,119.83999633789062,120.30999755859375,119.29000091552734,119.94000244140625,16953200,91.67400360107422
2017-01-23,120.33999633789062,121.87000274658203,120.0199966430664,121.13999938964844,13118400,92.59119415283203
2017-01-24,120.7699966430664,121.12999725341797,119.80000305175781,120.30999755859375,8395000,91.95677947998047
2017-01-25,119.27999877929688,119.5999984741211,118.55999755859375,118.80000305175781,11115100,90.80265045166016
2017-01-26,118.91000366210938,119.26000213623047,118.33000183105469,119.19999694824219,7827900,91.1083755493164
2017-01-27,119.4000015258789,119.83000183105469,119.25,119.62999725341797,7197800,91.43701934814453
2017-01-30,119.44000244140625,119.87999725341797,119.19999694824219,119.2699966430664,6569500,91.1618881225586
2017-01-31,119.33000183105469,120.4000015258789,119.25,120.0999984741211,13298500,91.79627990722656
2017-02-01,119.0999984741211,119.52999877929688,118.58000183105469,119.0999984741211,10975500,91.22871398925781
2017-02-02,119.93000030517578,120.13999938964844,119,119.05000305175781,6978600,91.19039154052734
2017-02-03,119.44000244140625,119.87000274658203,118.47000122070312,119,10275600,91.15208435058594
2017-02-06,119.76000213623047,120.12999725341797,119.12000274658203,119.72000122070312,8433800,91.70359802246094
2017-02-07,119.77999877929688,121.01000213623047,119.47000122070312,120.5999984741211,8418400,92.37762451171875
2017-02-08,121.41999816894531,122.2699966430664,121.41000366210938,122.23999786376953,15734200,93.63384246826172
2017-02-09,121.41000366210938,121.58999633789062,120.66000366210938,120.83000183105469,16890600,92.5538558959961
2017-02-10,120.11000061035156,120.94999694824219,120.11000061035156,120.76000213623047,7978500,92.500213623046875
2017-02-13,120.25,120.41000366210938,119.87999725341797,120.37999725341797,11536800,92.20917510986328
2017-02-14,120.23999786376953,120.30000305175781,118.83000183105469,119.51000213623047,13210500,91.54273223876953
2017-02-15,118.76000213623047,119.22000122070312,118.6500015258789,118.95999908447266,8481000,91.1214828491211
2017-02-16,119.22000122070312,120.20999908447266,119.12000274658203,119.61000061035156,10005800,91.61934661865234
2017-02-17,120.61000061035156,120.69999694824219,120.12999725341797,120.31999969482422,7886400,92.16313171386719
2017-02-21,119.68000030517578,120.61000061035156,119.5999984741211,120.11000061035156,8703800,92.0022964477539
2017-02-22,120.80000305175781,120.81999969482422,119.58999633789062,120.30999755859375,8101500,92.15550231933594
2017-02-23,120.56999969482422,120.73999786376953,120.33000183105469,120.66999816894531,5330800,92.43126678466797
2017-02-24,121.3499984741211,122.13999938964844,121.26000213623047,122.01000213623047,11336000,93.45767974853516
2017-02-27,121.80999755859375,121.9000015258789,121.2300033569336,121.29000091552734,11039800,92.90620422363281
2017-02-28,121.5,122.08000183105469,121.31999969482422,121.73999786376953,8410500,93.25086212158203
2017-03-01,119.44000244140625,119.55000305175781,118.94999694824219,119.47000122070312,10717100,91.68834686279297
2017-03-02,119.01000213623047,119.20999908447266,118.62000274658203,119.04000091552734,8201200,91.3583755493164
2017-03-03,119.2300033569336,119.3499984741211,118.55000305175781,119.3499984741211,9515200,91.59625244140625
2017-03-06,119.12000274658203,119.12000274658203,118.5199966430664,118.77999877929688,4489200,91.158782958984375
2017-03-07,118.4800033569336,118.68000030517578,118.25,118.41999816894531,7080100,90.882476806640625
2017-03-08,117.30999755859375,117.94999694824219,117.2300033569336,117.77999877929688,11336300,90.39136505126953
2017-03-09,117.33999633789062,117.4800033569336,116.7699966430664,116.83999633789062,10575400,89.66992950439453
2017-03-10,117.13999938964844,117.31999969482422,116.68000030517578,117.25,9218500,89.98458099365234
2017-03-13,116.83000183105469,117.08999633789062,116.48999786376953,116.51000213623047,6993100,89.41667938232422
2017-03-14,116.7699966430664,117.3499984741211,116.70999908447266,117.06999969482422,9869200,89.8464584350586
2017-03-15,117.55999755859375,118.83000183105469,117.43000030517578,118.5,14600500,90.94390106201172
2017-03-16,117.98999786376953,118.1500015258789,117.62999725341797,117.9000015258789,8018200,90.4834213256836
2017-03-17,118.11000061035156,118.75,118.02999877929688,118.63999938964844,7266800,91.05133056640625
2017-03-20,118.55000305175781,119.2300033569336,118.5,119.1500015258789,5497800,91.4427719116211
2017-03-21,119.05000305175781,120.30000305175781,119.0199966430664,120.13999938964844,12540700,92.202545166015625
2017-03-22,120.72000122070312,121.16999816894531,120.43000030517578,120.62000274658203,11661400,92.5709228515625
2017-03-23,120.83000183105469,121.0199966430664,120.05999755859375,120.44999694824219,6746500,92.44047546386719
2017-03-24,120.52999877929688,121.0999984741211,120.4000015258789,120.87999725341797,5819600,92.77043914794922
2017-03-27,121.83000183105469,121.97000122070312,121.19000244140625,121.43000030517578,6878500,93.1926040649414
2017-03-28,121.79000091552734,121.81999969482422,120.48999786376953,120.62000274658203,6811200,92.5709228515625
2017-03-29,120.94000244140625,121.37999725341797,120.87999725341797,121.33999633789062,6291000,93.12351989746094
2017-03-30,121.06999969482422,121.08999633789062,120.31999969482422,120.36000061035156,7042400,92.371337890625
2017-03-31,120.27999877929688,120.80999755859375,120.20999908447266,120.70999908447266,5144800,92.6399917602539
2017-04-03,120.44999694824219,121.87000274658203,120.4000015258789,121.66999816894531,12996500,93.5744400024414
2017-04-04,121.37000274658203,121.58999633789062,120.94999694824219,121.01000213623047,6976700,93.0668716430664
2017-04-05,120.55999755859375,121.5199966430664,120.36000061035156,121.37999725341797,8555200,93.35142517089844
2017-04-06,121.23999786376953,121.41000366210938,120.5199966430664,121.19999694824219,6497000,93.2130126953125
2017-04-07,121.83999633789062,122.25,120.69000244140625,120.70999908447266,10270000,92.83611297607422
2017-04-10,121.13999938964844,121.62000274658203,121,121.2699966430664,5314500,93.266815185546875
2017-04-11,121.80000305175781,122.6500015258789,121.72000122070312,122.41999816894531,11297400,94.15126037597656
2017-04-12,122.51000213623047,123.19000244140625,122.29000091552734,123.08999633789062,11532500,94.66654968261719
2017-04-13,123.44999694824219,123.73999786376953,122.91000366210938,123.47000122070312,8396700,94.95875549316406
2017-04-17,123.45999908447266,123.55000305175781,122.86000061035156,123.08999633789062,8015000,94.66654968261719
2017-04-18,123.86000061035156,124.9800033569336,123.55000305175781,124.69999694824219,11529700,95.90474700927734
2017-04-19,124.0999984741211,124.16999816894531,123.69999694824219,124.0199966430664,7344000,95.38179016113281
2017-04-20,123.5199966430664,123.91999816894531,123.13999938964844,123.54000091552734,7932900,95.01261138916016
2017-04-21,123.81999969482422,124.23999786376953,123.48999786376953,123.54000091552734,9798500,95.01261138916016
2017-04-24,122.55000305175781,123.16000366210938,122.45999908447266,122.93000030517578,8066400,94.5434799194336
2017-04-25,122.20999908447266,122.45999908447266,121.37999725341797,121.44999694824219,8122300,93.40526580810547
2017-04-26,121.5199966430664,122.13999938964844,121.43000030517578,122.12000274658203,5766200,93.920501708984375
2017-04-27,121.75,122.3499984741211,121.58000183105469,122.08000183105469,4978300,93.8897476196289
2017-04-28,121.5999984741211,122.44000244140625,121.55000305175781,122.3499984741211,8166300,94.097412109375
2017-05-01,121.69000244140625,122.13999938964844,120.70999908447266,121.08000183105469,8795900,93.31513214111328
2017-05-02,120.97000122070312,121.77999877929688,120.94000244140625,121.69999694824219,6727800,93.7929916381836
2017-05-03,122.22000122070312,122.38999938964844,121.55000305175781,121.77999877929688,8932900,93.85466003417969
2017-05-04,121.01000213623047,121.22000122070312,120.66999816894531,121.18000030517578,9707200,93.39225769042969
2017-05-05,121.37999725341797,121.47000122070312,120.88999938964844,121.29000091552734,5605400,93.477020263671875
2017-05-08,121.11000061035156,121.13999938964844,120.52999877929688,120.62999725341797,8057800,92.96833801269531
2017-05-09,120.37999725341797,120.62999725341797,120.13999938964844,120.62000274658203,5536700,92.96061706542969
2017-05-10,120.91000366210938,121.05999755859375,120.16000366210938,120.4800033569336,6517000,92.85271453857422
2017-05-11,120,120.56999969482422,119.91000366210938,120.4800033569336,7479800,92.85271453857422
2017-05-12,121.01000213623047,121.48999786376953,120.9800033569336,121.38999938964844,7463900,93.55406951904297
2017-05-15,121.05999755859375,121.20999908447266,120.75,121.05999755859375,5173200,93.29978942871094
2017-05-16,121.11000061035156,121.88999938964844,121.11000061035156,121.51000213623047,6722700,93.64653778076172
2017-05-17,122.62999725341797,123.54000091552734,122.38999938964844,123.27999877929688,11236400,95.01066589355469
2017-05-18,123.75,123.94000244140625,123.19000244140625,123.41999816894531,8350500,95.118560791015625
2017-05-19,123.36000061035156,123.77999877929688,123.01000213623047,123.70999908447266,11277400,95.34209442138672
2017-05-22,123.41000366210938,123.55999755859375,123.26000213623047,123.37000274658203,4062900,95.08003234863281
2017-05-23,123.51000213623047,123.62000274658203,122.4800033569336,122.54000091552734,7901300,94.44038391113281
2017-05-24,122.80000305175781,123.26000213623047,122.54000091552734,123.2300033569336,7355200,94.97218322753906
2017-05-25,123.0199966430664,123.27999877929688,122.76000213623047,123.2699966430664,6464800,95.0029525756836
2017-05-26,123.55000305175781,123.73999786376953,123.25,123.4800033569336,2963800,95.16478729248047
2017-05-30,124.02999877929688,124.13999938964844,123.73999786376953,124.08999633789062,4819400,95.63494873046875
2017-05-31,124.05000305175781,124.6500015258789,124.02999877929688,124.4000015258789,8000200,95.87384033203125
2017-06-01,123.69999694824219,124.19000244140625,123.66000366210938,124.1500015258789,9037300,95.883880615234375
2017-06-02,125.22000122070312,125.7699966430664,125.05000305175781,125.62000274658203,13245000,97.01920318603516
2017-06-05,124.9000015258789,125.16000366210938,124.77999877929688,124.83999633789062,6775500,96.41681671142578
2017-06-06,125.69000244140625,125.87000274658203,125.4000015258789,125.5199966430664,12841500,96.94195556640625
2017-06-07,125.23999786376953,125.5199966430664,124.79000091552734,124.91999816894531,12852400,96.47859954833984
2017-06-08,124.87999725341797,124.87999725341797,124.30000305175781,124.58999633789062,8758600,96.22370147705078
2017-06-09,124.08000183105469,124.63999938964844,123.9800033569336,124.4000015258789,5130500,96.07698059082031
2017-06-12,124.20999908447266,124.98999786376953,124.13999938964844,124.36000061035156,4335800,96.04608917236328
2017-06-13,124.01000213623047,124.5199966430664,123.98999786376953,124.37999725341797,4742600,96.06153106689453
2017-06-14,125.91999816894531,126.70999908447266,125.7300033569336,126.30000305175781,20212300,97.54443359375
2017-06-15,126.08999633789062,126.33000183105469,125.83000183105469,126.0999984741211,5863700,97.389923095703125
2017-06-16,126.08000183105469,126.44000244140625,126.01000213623047,126.3499984741211,6672500,97.58300018310547
2017-06-19,126.31999969482422,126.4800033569336,126.02999877929688,126.16999816894531,5641300,97.44396209716797
2017-06-20,126.79000091552734,127.4000015258789,126.79000091552734,127.30000305175781,8405700,98.31671905517578
2017-06-21,127.11000061035156,127.63999938964844,126.91000366210938,127.55999755859375,5914800,98.51750183105469
2017-06-22,127.70999908447266,127.87000274658203,127.30999755859375,127.83999633789062,6608100,98.73377227783203
2017-06-23,127.47000122070312,127.9000015258789,127.4000015258789,127.77999877929688,4329900,98.68743896484375
2017-06-26,128.27000427246094,128.57000732421875,128.16000366210938,128.25999450683594,5541600,99.05811309814453
2017-06-27,127.43000030517578,127.48999786376953,126.62000274658203,126.88999938964844,8354200,98.00006103515625
2017-06-28,126.66999816894531,126.70999908447266,125.9800033569336,126.47000122070312,7357900,97.675689697265625
2017-06-29,125.01000213623047,125.72000122070312,124.9000015258789,125.41000366210938,9115800,96.85701751708984
2017-06-30,125.19000244140625,125.38999938964844,124.8499984741211,125.12000274658203,10189800,96.63307189941406
2017-07-03,125,125.04000091552734,124.0199966430664,124.45999908447266,11021100,96.32196807861328
2017-07-05,124.19999694824219,124.6500015258789,124.12000274658203,124.48999786376953,11394500,96.34515380859375
2017-07-06,123.5199966430664,123.63999938964844,122.93000030517578,123.45999908447266,10853100,95.54801177978516
2017-07-07,122.83999633789062,123.02999877929688,122.58999633789062,122.72000122070312,9401800,94.97529602050781
2017-07-10,122.87000274658203,123.0999984741211,122.68000030517578,122.9000015258789,3859200,95.11463928222656
2017-07-11,122.86000061035156,123.33000183105469,122.70999908447266,123.11000061035156,4425600,95.27714538574219
2017-07-12,123.88999938964844,124.04000091552734,123.48999786376953,123.95999908447266,7839900,95.93501281738281
2017-07-13,123.5999984741211,123.6500015258789,122.80999755859375,123.18000030517578,7449300,95.331329345703125
2017-07-14,124.0999984741211,124.16000366210938,123.12000274658203,123.33000183105469,6566800,95.44744873046875
2017-07-17,123.33000183105469,123.98999786376953,123.2699966430664,123.66999816894531,4737300,95.7105484008789
2017-07-18,124.43000030517578,124.7699966430664,124.2300033569336,124.75,9163000,96.54639434814453
2017-07-19,124.77999877929688,125.01000213623047,124.58999633789062,124.80000305175781,5140900,96.585113525390625
2017-07-20,125.48999786376953,125.7300033569336,124.97000122070312,125.16000366210938,12239100,96.863677978515625
2017-07-21,125.7300033569336,126.02999877929688,125.56999969482422,125.69000244140625,6201500,97.27384185791016
2017-07-24,125.44999694824219,125.66000366210938,125.16000366210938,125.19999694824219,5378500,96.89460754394531
2017-07-25,124.13999938964844,124.19000244140625,123.47000122070312,123.56999969482422,9743300,95.63316345214844
2017-07-26,123.2699966430664,124.08999633789062,123.08000183105469,123.7699966430664,8459500,95.78790283203125
2017-07-27,123.11000061035156,123.37999725341797,122.81999969482422,123.16000366210938,6390800,95.31585693359375
2017-07-28,123.2699966430664,123.98999786376953,123.26000213623047,123.88999938964844,5491800,95.88079071044922
2017-07-31,123.45999908447266,124.05000305175781,123.4000015258789,124.04000091552734,5464600,95.99688720703125
2017-08-01,123.18000030517578,124.70999908447266,123.16000366210938,124.63999938964844,9676800,96.67089080810547
2017-08-02,124.7699966430664,125.16999816894531,124.68000030517578,124.70999908447266,5745600,96.72517395019531
2017-08-03,125.29000091552734,126.0199966430664,125.26000213623047,126,10324500,97.72569274902344
2017-08-04,125.1500015258789,125.18000030517578,124.44000244140625,124.93000030517578,8485500,96.89581298828125
2017-08-07,124.83999633789062,125.0999984741211,124.61000061035156,125.06999969482422,4684600,97.004364013671875
2017-08-08,124.87000274658203,124.9800033569336,124.1500015258789,124.62000274658203,6197400,96.6553955078125
2017-08-09,125.93000030517578,125.94999694824219,125.19999694824219,125.30000305175781,9221800,97.18274688720703
2017-08-10,125.62000274658203,126.44000244140625,125.5199966430664,126.37000274658203,10378200,98.0126724243164
2017-08-11,125.7699966430664,126.45999908447266,125.55000305175781,126.43000030517578,5717800,98.0592041015625
2017-08-14,125.98999786376953,126.27999877929688,125.7300033569336,125.77999877929688,5111000,97.5550765991211
2017-08-15,124.7300033569336,125.54000091552734,124.70999908447266,125.25,7473200,97.14400482177734
2017-08-16,124.83000183105469,126.0199966430664,124.80999755859375,125.70999908447266,5283800,97.50077819824219
2017-08-17,125.69999694824219,126.68000030517578,125.51000213623047,126.6500015258789,9364700,98.22982025146484
2017-08-18,126.9800033569336,127.1500015258789,126.26000213623047,126.62000274658203,8382500,98.20655822753906
2017-08-21,126.7699966430664,127.0199966430664,126.5,126.93000030517578,7669800,98.44701385498047
2017-08-22,126.79000091552734,126.80999755859375,126.2699966430664,126.44000244140625,6140700,98.06697845458984
2017-08-23,127.04000091552734,127.30999755859375,126.76000213623047,127.30000305175781,7446400,98.7340087890625
2017-08-24,126.87999725341797,127.30999755859375,126.72000122070312,126.83000183105469,5569400,98.3694839477539
2017-08-25,127.0199966430664,127.44999694824219,126.87000274658203,127.31999969482422,7303300,98.749481201171875
2017-08-28,126.91999816894531,127.38999938964844,126.7300033569336,127.23999786376953,4448500,98.68743133544922
2017-08-29,128.4600067138672,128.52000427246094,127.30999755859375,127.6500015258789,7659400,99.00543975830078
2017-08-30,127.45999908447266,127.73999786376953,127.33999633789062,127.61000061035156,4735200,98.974456787109375
2017-08-31,127.63999938964844,128.02999877929688,127.56999969482422,127.98999786376953,7978400,99.269134521484375
2017-09-01,127.30999755859375,127.33999633789062,126.43000030517578,126.75,14128600,98.50981903076172
2017-09-05,127.69000244140625,128.8000030517578,127.69000244140625,128.75999450683594,15215700,100.07202911376953
2017-09-06,128.72000122070312,129,127.73999786376953,127.97000122070312,9066400,99.4579849243164
2017-09-07,128.3300018310547,129.57000732421875,128.3300018310547,129.27999877929688,13618900,100.4761734008789
2017-09-08,129.11000061035156,129.16000366210938,128.57000732421875,129,9808500,100.2585220336914
2017-09-11,127.87000274658203,128.0500030517578,127.26000213623047,127.45999908447266,17856700,99.06163787841797
2017-09-12,127.05000305175781,127.08999633789062,126.52999877929688,126.79000091552734,7557400,98.54093170166016
2017-09-13,126.91000366210938,126.91999816894531,126.27999877929688,126.29000091552734,6740000,98.152313232421875
2017-09-14,126.37000274658203,126.83000183105469,126.33000183105469,126.80999755859375,6674500,98.55646514892578
2017-09-15,127,127.01000213623047,126.54000091552734,126.86000061035156,9769200,98.59528350830078
2017-09-18,126.5,126.56999969482422,125.83999633789062,126.12999725341797,6863000,98.0279312133789
2017-09-19,126.27999877929688,126.30999755859375,125.7300033569336,125.81999969482422,5554900,97.78706359863281
2017-09-20,125.97000122070312,126.05000305175781,125.33000183105469,125.91000366210938,8037000,97.85698699951172
2017-09-21,126.16000366210938,126.55999755859375,125.81999969482422,125.83999633789062,6147800,97.80255126953125
2017-09-22,126.5,126.7300033569336,126.05999755859375,126.19999694824219,5660700,98.08234405517578
2017-09-25,126.31999969482422,127.2699966430664,126.19999694824219,126.98999786376953,9679000,98.69634246826172
2017-09-26,126.7699966430664,126.88999938964844,126.43000030517578,126.76000213623047,7251900,98.51762390136719
2017-09-27,124.87000274658203,125.30000305175781,124.61000061035156,124.8499984741211,12145700,97.03318786621094
2017-09-28,124.20999908447266,124.6500015258789,123.97000122070312,124.4800033569336,8883700,96.74555206298828
2017-09-29,124.76000213623047,125.02999877929688,124.2699966430664,124.76000213623047,11285500,96.96320343017578
2017-10-02,124.80999755859375,125,124.23999786376953,124.27999877929688,7860700,96.78563690185547
2017-10-03,123.91999816894531,124.51000213623047,123.91999816894531,124.4000015258789,6219800,96.87914276123047
2017-10-04,124.52999877929688,124.58999633789062,123.87999725341797,124.41000366210938,7447000,96.88690185546875
2017-10-05,124.2699966430664,124.30000305175781,123.69000244140625,123.94000244140625,8180300,96.52085876464844
2017-10-06,123.29000091552734,124.0999984741211,123.02999877929688,123.58999633789062,10375000,96.24828338623047
2017-10-09,123.77999877929688,124.05999755859375,123.63999938964844,123.9800033569336,3590900,96.55201721191406
2017-10-10,124.13999938964844,124.87000274658203,124.0199966430664,124.18000030517578,6666800,96.70774841308594
2017-10-11,124.56999969482422,124.66000366210938,124.26000213623047,124.41999816894531,4385900,96.894683837890625
2017-10-12,124.55000305175781,124.9800033569336,124.23999786376953,124.94999694824219,7141600,97.30744171142578
2017-10-13,125.58000183105469,125.94000244140625,125.16999816894531,125.8499984741211,7746900,98.00829315185547
2017-10-16,125.52999877929688,125.9000015258789,125.37999725341797,125.76000213623047,5737300,97.93824768066406
2017-10-17,125.38999938964844,126.08999633789062,125.38999938964844,125.91999816894531,4969600,98.062835693359375
2017-10-18,125.05000305175781,125.18000030517578,124.68000030517578,125.08999633789062,5943800,97.41642761230469
2017-10-19,125.73999786376953,126.01000213623047,125.2699966430664,125.30999755859375,8966500,97.587799072265625
2017-10-20,124,124.27999877929688,123.63999938964844,123.9800033569336,12326900,96.55201721191406
2017-10-23,124.16000366210938,124.48999786376953,124.0199966430664,124.19999694824219,6871100,96.72335052490234
2017-10-24,123.37000274658203,123.69000244140625,123.1500015258789,123.43000030517578,6842800,96.12367248535156
2017-10-25,122.52999877929688,122.9800033569336,122.41999816894531,122.83999633789062,9961400,95.6641845703125
2017-10-26,123.05999755859375,123.05999755859375,122.43000030517578,122.43000030517578,8179400,95.34490203857422
2017-10-27,122.94000244140625,123.33000183105469,122.75,123.23999786376953,10480900,95.9757308959961
2017-10-30,123.86000061035156,124.45999908447266,123.55999755859375,124.41999816894531,9051600,96.894683837890625
2017-10-31,124.52999877929688,124.66000366210938,124.4000015258789,124.45999908447266,4424300,96.92584991455078
2017-11-01,124.3499984741211,125.13999938964844,124.30000305175781,124.75,8940400,97.35737609863281
2017-11-02,125,125.5199966430664,124.91999816894531,125.30000305175781,7222700,97.78662872314453
2017-11-03,125.47000122070312,125.69999694824219,125.13999938964844,125.63999938964844,10984100,98.05196380615234
2017-11-06,125.93000030517578,126.22000122070312,125.72000122070312,126.11000061035156,6246700,98.41875457763672
2017-11-07,126.2300033569336,126.77999877929688,126.12999725341797,126.63999938964844,6422700,98.832366943359375
2017-11-08,126.58999633789062,126.80000305175781,126.20999908447266,126.36000061035156,3356200,98.6138687133789
2017-11-09,125.87000274658203,126.23999786376953,125.55000305175781,126,6280400,98.33290100097656
2017-11-10,124.70999908447266,124.83999633789062,123.95999908447266,124.0999984741211,11981000,96.85010528564453
2017-11-13,124.80000305175781,124.80999755859375,124.30999755859375,124.36000061035156,5880800,97.053009033203125
2017-11-14,124.7699966430664,125.23999786376953,124.7699966430664,125.19999694824219,6195900,97.70854949951172
2017-11-15,126.05999755859375,126.66999816894531,125.63999938964844,126.55999755859375,9568200,98.76995849609375
2017-11-16,126.01000213623047,126.33000183105469,125.44999694824219,125.45999908447266,5894900,97.9114761352539
2017-11-17,126.06999969482422,126.44000244140625,125.95999908447266,126.38999938964844,6938800,98.63728332519531
2017-11-20,125.91000366210938,126.37999725341797,125.91000366210938,126.33999633789062,4232300,98.5982666015625
2017-11-21,127.08999633789062,127.29000091552734,126.30999755859375,126.73999786376953,5818400,98.9104232788086
2017-11-22,126.62000274658203,127.19999694824219,126.51000213623047,127.1500015258789,4140700,99.23043060302734
2017-11-24,126.93000030517578,127.02999877929688,126.69000244140625,126.80000305175781,3141400,98.95722198486328
2017-11-27,126.86000061035156,127.05000305175781,126.41999816894531,126.62000274658203,6079900,98.81678009033203
2017-11-28,126.7699966430664,127.18000030517578,126.47000122070312,126.79000091552734,5983000,98.94947052001953
2017-11-29,125.55999755859375,125.68000030517578,125.0999984741211,125.54000091552734,14547100,97.97392272949219
2017-11-30,125.30999755859375,125.5199966430664,124.44000244140625,125.12000274658203,9630000,97.64612579345703
2017-12-01,125.87000274658203,127.69000244140625,125.0999984741211,126.55000305175781,24583100,98.9638442993164
2017-12-04,125.91999816894531,126.66999816894531,125.80999755859375,126.61000061035156,9609200,99.01078033447266
2017-12-05,126.47000122070312,127.5,126.44999694824219,127.23999786376953,10958900,99.50342559814453
2017-12-06,127.87000274658203,128.22999572753906,127.66000366210938,127.68000030517578,11834200,99.84752655029297
2017-12-07,127.93000030517578,128.10000610351562,126.30000305175781,126.68000030517578,13056800,99.06548309326172
2017-12-08,126.58999633789062,126.73999786376953,126.23999786376953,126.69000244140625,4786100,99.07332611083984
2017-12-11,126.86000061035156,127.08999633789062,126.41000366210938,126.43000030517578,3863800,98.87000274658203
2017-12-12,126.16999816894531,126.41000366210938,125.66999816894531,126.37999725341797,7502400,98.83087921142578
2017-12-13,126.80999755859375,127.38999938964844,126.58999633789062,127.33000183105469,8532900,99.573822021484375
2017-12-14,127.05000305175781,127.9800033569336,126.79000091552734,127.87000274658203,6885000,99.99607849121094
2017-12-15,127.80999755859375,128.58999633789062,127.55999755859375,128.35000610351562,7239400,100.37145233154297
2017-12-18,127.97000122070312,128,126.91000366210938,127.18000030517578,7239700,99.456512451171875
2017-12-19,126.31999969482422,126.37999725341797,125.06999969482422,125.52999877929688,11045800,98.16620635986328
2017-12-20,124.30999755859375,124.70999908447266,123.94999694824219,124.13999938964844,10005800,97.07917785644531
2017-12-21,124.02999877929688,124.86000061035156,124,124.5999984741211,7026900,97.64501190185547
2017-12-22,124.69999694824219,124.83999633789062,124.52999877929688,124.7699966430664,3974300,97.77820587158203
2017-12-26,124.9800033569336,125.52999877929688,124.97000122070312,125.13999938964844,3168400,98.06817626953125
2017-12-27,125.70999908447266,126.9800033569336,125.69999694824219,126.7699966430664,9059700,99.3455581665039
2017-12-28,126.52999877929688,126.83000183105469,126.37000274658203,126.66000366210938,5297100,99.259368896484375
2017-12-29,126.5,127.12000274658203,126.4800033569336,126.86000061035156,7580500,99.41607666015625
2018-01-02,126.48999786376953,126.51000213623047,125.06999969482422,125.48999786376953,16238200,98.34246826171875
2018-01-03,126,126.19999694824219,125.48999786376953,126.08999633789062,8605100,98.812652587890625
2018-01-04,125.6500015258789,126.16000366210938,125.37000274658203,126.06999969482422,9217900,98.79703521728516
2018-01-05,125.87000274658203,126.18000030517578,125.36000061035156,125.70999908447266,10915400,98.51488494873047
2018-01-08,125.98999786376953,126.02999877929688,125.16999816894531,125.62999725341797,8850600,98.45215606689453
2018-01-09,124.80999755859375,124.83000183105469,123.80999755859375,123.94999694824219,16226400,97.135650634765625
2018-01-10,122.80999755859375,123.93000030517578,122.66000366210938,123.80000305175781,14302600,97.01806640625
2018-01-11,123.51000213623047,124.58999633789062,123.30999755859375,124.30999755859375,12511000,97.41770935058594
2018-01-12,124.0999984741211,124.79000091552734,123.91000366210938,124.5199966430664,9987100,97.58229064941406
2018-01-16,125.16999816894531,125.27999877929688,124.55999755859375,125.04000091552734,9125900,97.98979187011719
2018-01-17,125.08000183105469,125.63999938964844,124.5999984741211,124.87000274658203,8327000,97.85655212402344
2018-01-18,123.93000030517578,124.2699966430664,123.54000091552734,123.70999908447266,10843900,96.9475326538086
2018-01-19,123.4000015258789,123.55999755859375,122.9800033569336,123.05999755859375,11374300,96.4381332397461
2018-01-22,123.44999694824219,123.70999908447266,122.98999786376953,123.18000030517578,8984700,96.53216552734375
2018-01-23,123.80999755859375,124.19999694824219,123.23999786376953,123.70999908447266,12325700,96.9475326538086
2018-01-24,122.8499984741211,123.12999725341797,122.54000091552734,123.04000091552734,9038900,96.42249298095703
2018-01-25,123.16000366210938,124.1500015258789,122.80000305175781,124.05000305175781,12173300,97.2140121459961
2018-01-26,123.87999725341797,123.91000366210938,123.0999984741211,123.58999633789062,6462900,96.85347747802734
2018-01-29,122.97000122070312,122.97000122070312,122.30000305175781,122.7300033569336,12223000,96.1795425415039
2018-01-30,122.27999877929688,122.37000274658203,121.69999694824219,122.01000213623047,12064400,95.61529541015625
2018-01-31,122.87000274658203,122.93000030517578,121.94000244140625,122.7300033569336,18045100,96.1795425415039
2018-02-01,122.4800033569336,122.52999877929688,120.62999725341797,120.69999694824219,18632800,94.78568267822266
2018-02-02,120.1500015258789,120.26000213623047,119.23999786376953,119.58000183105469,23944400,93.9061050415039
2018-02-05,119.16999816894531,121.81999969482422,118.63999938964844,120.70999908447266,28606200,94.79349517822266
2018-02-06,120.41999816894531,120.87000274658203,119.72000122070312,119.95999908447266,10935400,94.20452117919922
2018-02-07,120.12999725341797,120.33000183105469,118.55999755859375,118.81999969482422,16271100,93.30927276611328
2018-02-08,118.01000213623047,119.18000030517578,117.8499984741211,118.69000244140625,15155100,93.207183837890625
2018-02-09,118.11000061035156,119.08999633789062,117.79000091552734,117.94000244140625,15661600,92.618194580078125
2018-02-12,118.55999755859375,119.30000305175781,118.19000244140625,118.45999908447266,10944600,93.02654266357422
2018-02-13,118.61000061035156,119.01000213623047,118.38999938964844,118.98999786376953,8157600,93.44278717041016
2018-02-14,118.45999908447266,118.54000091552734,117.47000122070312,117.66999816894531,12043300,92.406158447265625
2018-02-15,118.19000244140625,118.80000305175781,117.98999786376953,118.06999969482422,8222400,92.72027587890625
2018-02-16,119.04000091552734,119.20999908447266,118.33999633789062,118.70999908447266,8454100,93.22285461425781
2018-02-20,118.27999877929688,118.51000213623047,117.77999877929688,118.19000244140625,8268800,92.81449890136719
2018-02-21,118.23999786376953,118.29000091552734,116.51000213623047,116.73999786376953,12054300,91.67582702636719
2018-02-22,117.23999786376953,117.66000366210938,117,117.08999633789062,9317900,91.95069122314453
2018-02-23,117.87999725341797,118.30999755859375,117.72000122070312,118.12999725341797,9072900,92.76741027832031
2018-02-26,118.68000030517578,118.91000366210938,118.04000091552734,118.16999816894531,8771600,92.798828125
2018-02-27,118.5199966430664,118.66000366210938,117.26000213623047,118,12525700,92.66536712646484
2018-02-28,118.47000122070312,118.83000183105469,118.25,118.75,9311600,93.25433349609375
2018-03-01,118.43000030517578,119.62000274658203,118.1500015258789,119.31999969482422,12287700,93.890869140625
2018-03-02,118.8499984741211,118.93000030517578,118.12000274658203,118.3499984741211,10064300,93.12761688232422
2018-03-05,118.75,118.80000305175781,117.62999725341797,118.02999877929688,5658200,92.87581634521484
2018-03-06,118.36000061035156,118.68000030517578,118.12000274658203,118.13999938964844,5452000,92.96236419677734
2018-03-07,118.56999969482422,118.68000030517578,117.95999908447266,118.01000213623047,4461800,92.86006164550781
2018-03-08,118.30999755859375,118.98999786376953,118.26000213623047,118.69000244140625,7086700,93.39515686035156
2018-03-09,117.98999786376953,118.2699966430664,117.58999633789062,117.91000366210938,6570400,92.78138732910156
2018-03-12,118.30999755859375,118.66000366210938,118.19000244140625,118.58999633789062,5801300,93.31644439697266
2018-03-13,118.30999755859375,119.37000274658203,118.19000244140625,119.19000244140625,7455300,93.78858947753906
2018-03-14,119.4000015258789,120.4000015258789,119.37000274658203,120.23999786376953,10175000,94.61479187011719
2018-03-15,120.16999816894531,120.48999786376953,119.93000030517578,120.23999786376953,6757900,94.61479187011719
2018-03-16,119.80000305175781,120.01000213623047,119.55000305175781,119.80999755859375,6084300,94.276458740234375
2018-03-19,119.20999908447266,119.97000122070312,119.19999694824219,119.43000030517578,8491200,93.97743225097656
2018-03-20,118.91000366210938,119.22000122070312,118.83000183105469,118.94999694824219,5446000,93.59974670410156
2018-03-21,118.66000366210938,119.41999816894531,118.11000061035156,119.08000183105469,9742400,93.7020263671875
2018-03-22,120.30999755859375,120.81999969482422,119.66999816894531,120.26000213623047,12136600,94.63055419921875
2018-03-23,119.68000030517578,120.30999755859375,119.62000274658203,120.16999816894531,7250400,94.55973815917969
2018-03-26,120,120.44999694824219,119.66999816894531,119.70999908447266,8237900,94.19774627685547
2018-03-27,119.83000183105469,121.12000274658203,119.80999755859375,120.98999786376953,9168500,95.20496368408203
2018-03-28,121.44999694824219,121.63999938964844,120.94999694824219,121.30999755859375,7412500,95.456817626953125
2018-03-29,121.54000091552734,122.29000091552734,121.51000213623047,121.9000015258789,9694300,95.92103576660156
2018-04-02,121.3499984741211,122.36000061035156,121.16000366210938,121.87999725341797,12036500,96.11028289794922
2018-04-03,121.36000061035156,121.4800033569336,120.83000183105469,120.94000244140625,9855000,95.36906433105469
2018-04-04,121.3499984741211,121.45999908447266,120.5999984741211,120.69000244140625,6654300,95.17191314697266
2018-04-05,120.0999984741211,120.2699966430664,119.7699966430664,119.79000091552734,7603700,94.462188720703125
2018-04-06,120.66000366210938,121.1500015258789,120.22000122070312,121.0999984741211,8831200,95.49525451660156
2018-04-09,120.63999938964844,121.30000305175781,120.3499984741211,121.30000305175781,6307500,95.65294647216797
2018-04-10,121.19999694824219,121.37999725341797,120.77999877929688,121.08000183105469,6046000,95.47944641113281
2018-04-11,121.8499984741211,121.88999938964844,121.2699966430664,121.51000213623047,5901300,95.8185043334961
2018-04-12,121.04000091552734,121.06999969482422,120.41000366210938,120.62000274658203,6622800,95.1167221069336
2018-04-13,120.5199966430664,121.12999725341797,120.5,120.9000015258789,4964000,95.33751678466797
2018-04-16,120.2300033569336,120.97000122070312,120.18000030517578,120.94000244140625,4491300,95.36906433105469
2018-04-17,120.91999816894531,121.58000183105469,120.81999969482422,121.2699966430664,5590400,95.629302978515625
2018-04-18,121.29000091552734,121.33999633789062,120.27999877929688,120.30000305175781,8138400,94.86437225341797
2018-04-19,119.41999816894531,119.52999877929688,118.80999755859375,119.31999969482422,9875800,94.09159851074219
2018-04-20,118.88999938964844,119.12999725341797,118.43000030517578,118.45999908447266,7579400,93.41339111328125
2018-04-23,118.33000183105469,118.62000274658203,118.08000183105469,118.48999786376953,7073200,93.43708038330078
2018-04-24,118.20999908447266,118.44999694824219,117.76000213623047,117.94999694824219,8190800,93.01121520996094
2018-04-25,117.41000366210938,117.6500015258789,116.94000244140625,117.16000366210938,6603800,92.38825225830078
2018-04-26,117.7300033569336,118.12999725341797,117.58999633789062,117.9800033569336,6528600,93.03490447998047
2018-04-27,118.47000122070312,118.94999694824219,118.44000244140625,118.88999938964844,5401800,93.75250244140625
2018-04-30,119.08000183105469,119.55999755859375,118.94000244140625,119.0999984741211,8321100,93.91809844970703
2018-05-01,118.7699966430664,118.83999633789062,118.2300033569336,118.41000366210938,7979200,93.579833984375
2018-05-02,118.63999938964844,118.87000274658203,118.26000213623047,118.27999877929688,4644000,93.4770736694336
2018-05-03,118.83999633789062,119.30999755859375,118.68000030517578,118.80999755859375,6345300,93.8959732055664
2018-05-04,119.2300033569336,119.2300033569336,118.48999786376953,118.98999786376953,4283500,94.038238525390625
2018-05-07,118.97000122070312,119.0199966430664,118.73999786376953,118.80000305175781,3647800,93.88805389404297
2018-05-08,118.55000305175781,119,118.30000305175781,118.69000244140625,6091200,93.8011474609375
2018-05-09,118.12000274658203,118.41999816894531,117.9800033569336,117.9800033569336,7832500,93.240020751953125
2018-05-10,118.55000305175781,118.9800033569336,118.3499984741211,118.93000030517578,7101500,93.99079132080078
2018-05-11,119.31999969482422,119.36000061035156,118.81999969482422,119.2300033569336,4273400,94.22785949707031
2018-05-14,118.80000305175781,118.98999786376953,118.58999633789062,118.5999984741211,4996200,93.7299575805664
2018-05-15,117.55999755859375,117.58000183105469,116.69999694824219,117.25,12901000,92.6630859375
2018-05-16,117.41999816894531,117.52999877929688,116.79000091552734,116.80000305175781,6518000,92.30750274658203
2018-05-17,116.62999725341797,116.81999969482422,116.08999633789062,116.20999908447266,7330300,91.84114074707031
2018-05-18,116.51000213623047,117.29000091552734,116.51000213623047,117.20999908447266,9606500,92.63148498535156
2018-05-21,117.12999725341797,117.37999725341797,116.94999694824219,117.2699966430664,4448500,92.67889404296875
2018-05-22,117.29000091552734,117.3499984741211,116.8499984741211,117.08999633789062,4700700,92.53662872314453
2018-05-23,117.75,118.11000061035156,117.66000366210938,117.94000244140625,9634000,93.20838928222656
2018-05-24,118.69000244140625,119.05999755859375,118.63999938964844,118.87999725341797,8204100,93.9512710571289
2018-05-25,119.55999755859375,119.83999633789062,119.47000122070312,119.62000274658203,8482800,94.536102294921875
2018-05-29,120.79000091552734,122.5199966430664,120.43000030517578,122.23999786376953,21668100,96.60670471191406
2018-05-30,121,121.4800033569336,120.73999786376953,121.41999816894531,11616300,95.95863342285156
2018-05-31,121.55999755859375,121.9800033569336,120.94999694824219,121.22000122070312,10769900,95.80059814453125
2018-06-01,120.16999816894531,120.70999908447266,119.8499984741211,120.30000305175781,8718800,95.294403076171875
2018-06-04,120.11000061035156,120.13999938964844,119.37000274658203,119.43000030517578,7156500,94.605255126953125
2018-06-05,119.95999908447266,120.16000366210938,119.62000274658203,119.70999908447266,5635900,94.82701873779297
2018-06-06,119.08000183105469,119.0999984741211,118.41999816894531,118.73999786376953,7813300,94.05870056152344
2018-06-07,118.69000244140625,120.48999786376953,118.68000030517578,119.88999938964844,13238300,94.969635009765625
2018-06-08,119.55999755859375,119.8499984741211,119.44000244140625,119.52999877929688,6790600,94.6844711303711
2018-06-11,119.06999969482422,119.38999938964844,118.94000244140625,119.30999755859375,6844200,94.51020050048828
2018-06-12,118.93000030517578,119.45999908447266,118.88999938964844,119.33999633789062,6048200,94.53392791748047
2018-06-13,119.44999694824219,119.63999938964844,118.62999725341797,119.27999877929688,8834700,94.48644256591797
2018-06-14,119.77999877929688,120.30000305175781,119.4800033569336,120.2699966430664,10078800,95.27064514160156
2018-06-15,120.83000183105469,121.08999633789062,120.30000305175781,120.37999725341797,7992800,95.35777282714844
2018-06-18,120.4800033569336,120.55999755859375,120.04000091552734,120.2699966430664,4893700,95.27064514160156
2018-06-19,120.97000122070312,121.2300033569336,120.69999694824219,120.97000122070312,6133300,95.82518005371094
2018-06-20,120.7699966430664,120.79000091552734,119.9000015258789,119.91000366210938,6879100,94.9854507446289
2018-06-21,120.36000061035156,120.75,120.22000122070312,120.54000091552734,7235800,95.48455047607422
2018-06-22,120.08999633789062,120.62000274658203,120.05999755859375,120.52999877929688,4082500,95.47663116455078
2018-06-25,120.66000366210938,121.11000061035156,120.63999938964844,120.80000305175781,8363700,95.6904525756836
2018-06-26,120.7699966430664,121.02999877929688,120.66000366210938,120.97000122070312,5450000,95.82518005371094
2018-06-27,121.75,122.18000030517578,121.55000305175781,122.11000061035156,8173400,96.72818756103516
2018-06-28,122.12999725341797,122.25,121.83000183105469,122.13999938964844,7109500,96.751953125
2018-06-29,122.16999816894531,122.5,121.6500015258789,121.72000122070312,11164700,96.41925048828125
2018-07-02,121.73999786376953,121.75,121.29000091552734,121.3499984741211,9662000,96.34386444091797
2018-07-03,121.52999877929688,122.02999877929688,121.52999877929688,122,3808800,96.85987854003906
2018-07-05,122.05999755859375,122.52999877929688,122.01000213623047,122.3499984741211,3860400,97.137725830078125
2018-07-06,122.75,122.91999816894531,122.4800033569336,122.75,4679900,97.455322265625
2018-07-09,122.06999969482422,122.20999908447266,121.9000015258789,121.95999908447266,5952700,96.828125
2018-07-10,121.87000274658203,122.12999725341797,121.80999755859375,121.94999694824219,5759700,96.8201904296875
2018-07-11,122.44999694824219,122.55000305175781,122.08999633789062,122.41999816894531,6869100,97.19334411621094
2018-07-12,122.16999816894531,122.47000122070312,122.13999938964844,122.41000366210938,4824700,97.18540954589844
2018-07-13,122.61000061035156,122.87000274658203,122.47000122070312,122.72000122070312,4079000,97.431488037109375
2018-07-16,122.20999908447266,122.29000091552734,121.63999938964844,122.20999908447266,5517100,97.02659606933594
2018-07-17,122.29000091552734,122.38999938964844,121.9000015258789,121.9800033569336,3764300,96.84397888183594
2018-07-18,122.0199966430664,122.04000091552734,121.38999938964844,121.48999786376953,6330000,96.45494842529297
2018-07-19,121.80000305175781,122.44999694824219,121.7699966430664,122.26000213623047,6166700,97.0663070678711
2018-07-20,121.58000183105469,121.58999633789062,120.69999694824219,120.76000213623047,10469500,95.87542724609375
2018-07-23,120.37999725341797,120.37999725341797,119.18000030517578,119.2699966430664,11571800,94.69243621826172
2018-07-24,119.27999877929688,119.81999969482422,119.13999938964844,119.68000030517578,9053500,95.0179672241211
2018-07-25,120.0199966430664,120.26000213623047,119.26000213623047,119.48999786376953,7357900,94.86714935302734
2018-07-26,119.70999908447266,119.87999725341797,119.16000366210938,119.26000213623047,6821100,94.68449401855469
2018-07-27,119.8499984741211,119.87000274658203,119.4000015258789,119.45999908447266,4542000,94.84329986572266
2018-07-30,118.98999786376953,119.41000366210938,118.97000122070312,119.05000305175781,7111200,94.51781463623047
2018-07-31,119.79000091552734,119.86000061035156,119.55999755859375,119.69999694824219,6797400,95.03382873535156
2018-08-01,118.29000091552734,118.83999633789062,118.06999969482422,118.45999908447266,13312600,94.2596206665039
2018-08-02,118.62000274658203,118.73999786376953,118.30000305175781,118.62999725341797,4451100,94.3948745727539
2018-08-03,118.83000183105469,119.29000091552734,118.80999755859375,119.22000122070312,6162400,94.864349365234375
2018-08-06,119.54000091552734,119.83999633789062,119.2699966430664,119.29000091552734,4200200,94.92002868652344
2018-08-07,119.02999877929688,119.0999984741211,118.56999969482422,118.66999816894531,5346900,94.42669677734375
2018-08-08,118.66000366210938,119.02999877929688,118.61000061035156,118.79000091552734,5640900,94.5221939086914
2018-08-09,119.2300033569336,119.83000183105469,119.12000274658203,119.79000091552734,7144100,95.31788635253906
2018-08-10,120.37000274658203,121.05000305175781,120.27999877929688,120.66000366210938,8457900,96.01019287109375
2018-08-13,120.25,120.69999694824219,120.20999908447266,120.41000366210938,7923200,95.811279296875
2018-08-14,120.54000091552734,120.55999755859375,120.02999877929688,120.13999938964844,4251200,95.596405029296875
2018-08-15,120.66000366210938,121.12999725341797,120.56999969482422,120.83999633789062,7649800,96.15338897705078
2018-08-16,120.80999755859375,120.93000030517578,120.27999877929688,120.83000183105469,5400400,96.14543151855469
2018-08-17,121.08999633789062,121.38999938964844,120.75,120.9800033569336,3537600,96.26480865478516
2018-08-20,121.63999938964844,121.91000366210938,121.54000091552734,121.79000091552734,5603700,96.9093017578125
2018-08-21,121.37000274658203,121.52999877929688,121.06999969482422,121.37999725341797,4695000,96.58308410644531
2018-08-22,122,122.05000305175781,121.58000183105469,121.86000061035156,5309600,96.9650650024414
2018-08-23,122,122.12999725341797,121.77999877929688,122.05000305175781,5328700,97.11619567871094
2018-08-24,121.62000274658203,122.33000183105469,121.48999786376953,122.29000091552734,6092200,97.30716705322266
2018-08-27,121.77999877929688,121.87000274658203,121.5199966430664,121.58999633789062,6407400,96.75018310546875
2018-08-28,121,121.08999633789062,120.68000030517578,120.86000061035156,4929300,96.1693115234375
2018-08-29,120.94000244140625,121.1500015258789,120.62000274658203,121.0199966430664,5613300,96.29662322998047
2018-08-30,121.30999755859375,121.45999908447266,121.08000183105469,121.27999877929688,5302900,96.50347137451172
2018-08-31,121.88999938964844,121.91999816894531,120.88999938964844,121,9677500,96.28070831298828
2018-09-04,119.95999908447266,120.0999984741211,119.75,120.02999877929688,18343600,95.72401428222656
2018-09-05,119.76000213623047,119.9000015258789,119.55000305175781,119.70999908447266,9422600,95.46885681152344
2018-09-06,119.76000213623047,120.4000015258789,119.69000244140625,120.1500015258789,9566000,95.81978607177734
2018-09-07,119.33000183105469,119.4000015258789,118.98999786376953,119.12999725341797,11212600,95.00630187988281
2018-09-10,119.16999816894531,119.5999984741211,119.16999816894531,119.56999969482422,6386400,95.35718536376953
2018-09-11,119.08000183105469,119.16999816894531,118.5999984741211,118.66000366210938,5440000,94.63150787353516
2018-09-12,119.05000305175781,119.16999816894531,118.9000015258789,118.94000244140625,3347200,94.85478210449219
2018-09-13,119.33999633789062,119.56999969482422,118.9800033569336,119.12000274658203,4833000,94.99834442138672
2018-09-14,118.41000366210938,118.91000366210938,118.30000305175781,118.55000305175781,5579500,94.54378509521484
2018-09-17,118.18000030517578,118.81999969482422,118.12000274658203,118.55000305175781,5433000,94.54378509521484
2018-09-18,118.05999755859375,118.06999969482422,117.16000366210938,117.30999755859375,10182300,93.55488586425781
2018-09-19,117.11000061035156,117.11000061035156,116.19000244140625,116.61000061035156,13379600,92.99659729003906
2018-09-20,116.58000183105469,117.30000305175781,116.47000122070312,117.1500015258789,8657300,93.4272689819336
2018-09-21,116.87000274658203,117.27999877929688,116.83999633789062,117.0999984741211,6173800,93.38740539550781
2018-09-24,116.73999786376953,117.2699966430664,116.72000122070312,116.80000305175781,5505500,93.14813995361328
2018-09-25,116.4800033569336,116.73999786376953,116.4000015258789,116.68000030517578,6650900,93.052459716796875
2018-09-26,116.93000030517578,117.58000183105469,116.66000366210938,117.5,9512700,93.70635986328125
2018-09-27,117.23999786376953,117.6500015258789,117.0999984741211,117.58000183105469,5758500,93.77014923095703
2018-09-28,117.8499984741211,117.91000366210938,117.22000122070312,117.2699966430664,12807700,93.52295684814453
2018-10-01,116.66000366210938,116.83000183105469,116.12000274658203,116.1500015258789,22442400,92.83636474609375
2018-10-02,116.66999816894531,117.12999725341797,116.5999984741211,116.86000061035156,8266900,93.40385437011719
2018-10-03,116.2699966430664,116.36000061035156,114.23999786376953,114.83000183105469,20829200,91.78133392333984
2018-10-04,114.12999725341797,114.38999938964844,113.70999908447266,114.0199966430664,16207400,91.133880615234375
2018-10-05,113.38999938964844,113.72000122070312,112.62000274658203,113.04000091552734,18096500,90.35060119628906
2018-10-08,112.98999786376953,113.11000061035156,112.63999938964844,112.66000366210938,5855900,90.04688262939453
2018-10-09,113.13999938964844,113.8499984741211,113.06999969482422,113.80000305175781,11530800,90.95806121826172
2018-10-10,113.13999938964844,113.58000183105469,112.79000091552734,113.48999786376953,15290100,90.71028137207031
2018-10-11,114,115.1500015258789,113.79000091552734,114.87000274658203,16086800,91.81328582763672
2018-10-12,114.38999938964844,115.01000213623047,114.27999877929688,114.47000122070312,6794100,91.49356842041016
2018-10-15,114.66000366210938,114.81999969482422,114.29000091552734,114.41999816894531,7146300,91.45359802246094
2018-10-16,114.38999938964844,114.72000122070312,114.16000366210938,114.68000030517578,4762300,91.66143798828125
2018-10-17,114.66000366210938,114.79000091552734,113.9800033569336,114,5880700,91.117889404296875
2018-10-18,113.62000274658203,114.38999938964844,113.55000305175781,113.95999908447266,5728800,91.08595275878906
2018-10-19,113.8499984741211,113.94999694824219,113.41000366210938,113.70999908447266,10892400,90.886138916015625
2018-10-22,113.94999694824219,114.08000183105469,113.52999877929688,113.55999755859375,3244200,90.76622009277344
2018-10-23,114.76000213623047,115.0199966430664,113.83999633789062,113.91999816894531,10330700,91.0539779663086
2018-10-24,114.36000061035156,114.81999969482422,114.23999786376953,114.77999877929688,16008000,91.741363525390625
2018-10-25,114.54000091552734,114.73999786376953,114.2300033569336,114.30000305175781,12613200,91.35774993896484
2018-10-26,114.93000030517578,115.31999969482422,114.79000091552734,114.98999786376953,18582500,91.90924835205078
2018-10-29,114.83999633789062,115.0199966430664,114.26000213623047,114.7300033569336,7679900,91.70140075683594
2018-10-30,114.26000213623047,114.54000091552734,114.0199966430664,114.16000366210938,9939500,91.245819091796875
2018-10-31,113.73999786376953,113.95999908447266,113.20999908447266,113.58000183105469,8706400,90.78221893310547
2018-11-01,112.8499984741211,113.55999755859375,112.83999633789062,113.41000366210938,6100200,90.8663101196289
2018-11-02,113.16999816894531,113.26000213623047,111.9000015258789,112,11314800,89.73663330078125
2018-11-05,112.4800033569336,112.70999908447266,112.3499984741211,112.44000244140625,4760200,90.08916473388672
2018-11-06,112.5999984741211,112.7300033569336,112.33000183105469,112.37000274658203,3159900,90.03309631347656
2018-11-07,113.19000244140625,113.4000015258789,112.41000366210938,112.5199966430664,9313100,90.15323638916016
2018-11-08,112.95999908447266,112.97000122070312,112.41000366210938,112.51000213623047,6905100,90.14522552490234
2018-11-09,112.75,113.5,112.72000122070312,113.3499984741211,6465300,90.818267822265625
2018-11-12,113.94999694824219,114.30999755859375,113.91000366210938,114.08999633789062,6840000,91.411163330078125
2018-11-13,113.70999908447266,114.0199966430664,113.4800033569336,114.0199966430664,6525800,91.3550796508789
2018-11-14,113.4800033569336,114.5199966430664,113.30000305175781,114.08999633789062,8690800,91.411163330078125
2018-11-15,114.44000244140625,114.54000091552734,113.68000030517578,114.04000091552734,7879600,91.3711166381836
2018-11-16,114.19999694824219,114.80999755859375,113.91999816894531,114.69999694824219,9236700,91.899932861328125
2018-11-19,114.41000366210938,115.0199966430664,114.41000366210938,115.0199966430664,7027200,92.15628814697266
2018-11-20,115.23999786376953,115.45999908447266,114.93000030517578,115.05999755859375,6332600,92.18834686279297
2018-11-21,114.88999938964844,115.08999633789062,114.54000091552734,115.0199966430664,4951100,92.15628814697266
2018-11-23,115.66999816894531,115.76000213623047,115.08999633789062,115.13999938964844,3027900,92.25248718261719
2018-11-26,114.86000061035156,115.05999755859375,114.77999877929688,114.87999725341797,6599000,92.044158935546875
2018-11-27,114.80999755859375,115.25,114.76000213623047,115.01000213623047,5967200,92.14830017089844
2018-11-28,114.8499984741211,115.0199966430664,114.36000061035156,114.44999694824219,7814000,91.699615478515625
2018-11-29,114.91999816894531,115.25,114.58999633789062,114.9000015258789,7295600,92.0601806640625
2018-11-30,115.30999755859375,115.41999816894531,114.9800033569336,115.33000183105469,9127800,92.40470123291016
2018-12-03,114.68000030517578,115.87999725341797,114.66000366210938,115.87999725341797,9763800,93.0607681274414
2018-12-04,116.80999755859375,118.66999816894531,116.62999725341797,117.81999969482422,18100500,94.6187744140625
2018-12-06,118.54000091552734,119.19999694824219,118.12999725341797,118.19000244140625,15319400,94.91590881347656
2018-12-07,117.80999755859375,118.52999877929688,117.5199966430664,118.41000366210938,8608400,95.09261322021484
2018-12-10,118.87000274658203,119.27999877929688,118.44000244140625,118.9000015258789,8777700,95.48612213134766
2018-12-11,118.97000122070312,119.37999725341797,118.61000061035156,118.87999725341797,8071900,95.47002410888672
2018-12-12,118.58000183105469,118.72000122070312,118.23999786376953,118.3499984741211,6182200,95.04442596435547
2018-12-13,118.45999908447266,118.58000183105469,117.9800033569336,118.06999969482422,5564200,94.819549560546875
2018-12-14,118.55000305175781,118.7699966430664,118.22000122070312,118.4800033569336,8169200,95.14881896972656
2018-12-17,118.58999633789062,119.30000305175781,118.58000183105469,119.16999816894531,9726800,95.70291900634766
2018-12-18,119.06999969482422,119.79000091552734,118.94000244140625,119.5999984741211,10018800,96.276031494140625
2018-12-19,120.11000061035156,121.66000366210938,119.91999816894531,121.18000030517578,23046300,97.54796600341797
2018-12-20,122.01000213623047,122.02999877929688,120.66999816894531,120.73999786376953,18543700,97.193756103515625
2018-12-21,121.13999938964844,121.20999908447266,120.38999938964844,120.72000122070312,9945100,97.17765808105469
2018-12-24,121.12999725341797,121.41999816894531,120.91000366210938,121.31999969482422,8377500,97.66064453125
2018-12-26,120.98999786376953,121.38999938964844,119.97000122070312,120.0199966430664,11700400,96.61418914794922
2018-12-27,121.26000213623047,121.37999725341797,119.9800033569336,120.04000091552734,12146500,96.63028717041016
2018-12-28,120.4000015258789,121.05000305175781,120.29000091552734,121.05000305175781,9879100,97.443328857421875
2018-12-31,120.6500015258789,121.55999755859375,120.45999908447266,121.51000213623047,17409000,97.8135986328125
2019-01-02,121.66000366210938,122.16000366210938,121.33999633789062,122.1500015258789,19841500,98.32881927490234
2019-01-03,122.29000091552734,123.86000061035156,122.2300033569336,123.54000091552734,21187000,99.44770812988281
2019-01-04,122.33999633789062,122.55999755859375,121.6500015258789,122.11000061035156,12970200,98.29657745361328
2019-01-07,122.62000274658203,122.6500015258789,121.62000274658203,121.75,8498100,98.00682067871094
2019-01-08,121.69000244140625,121.94000244140625,121.38999938964844,121.43000030517578,7737100,97.74921417236328
2019-01-09,121.26000213623047,121.43000030517578,120.80000305175781,121.23999786376953,9349200,97.59626770019531
2019-01-10,121.27999877929688,121.41000366210938,120.33999633789062,120.45999908447266,8222900,96.968353271484375
2019-01-11,120.83000183105469,121.2699966430664,120.68000030517578,120.93000030517578,5786900,97.34672546386719
2019-01-14,120.9000015258789,121.01000213623047,120.23999786376953,120.4800033569336,6730500,96.98448181152344
2019-01-15,120.55999755859375,120.56999969482422,119.94999694824219,120.04000091552734,8997400,96.63028717041016
2019-01-16,119.58999633789062,120.38999938964844,119.51000213623047,120.16000366210938,6048400,96.72692108154297
2019-01-17,120.22000122070312,120.52999877929688,119.88999938964844,120.19000244140625,8153400,96.75104522705078
2019-01-18,119.83999633789062,120.12000274658203,119.38999938964844,119.55999755859375,14106400,96.2438735961914
2019-01-22,120.30999755859375,120.72000122070312,120.06999969482422,120.37000274658203,8881100,96.89594268798828
2019-01-23,119.87999725341797,120.62000274658203,119.83000183105469,120.31999969482422,5776800,96.855682373046875
2019-01-24,120.91000366210938,121.26000213623047,120.70999908447266,121.11000061035156,7121900,97.49161529541016
2019-01-25,120.58999633789062,120.75,120.31999969482422,120.52999877929688,6460800,97.02471160888672
2019-01-28,120.54000091552734,120.94000244140625,120.41000366210938,120.41000366210938,6435800,96.92810821533203
2019-01-29,120.52999877929688,121.04000091552734,120.38999938964844,121.0199966430664,5750100,97.419158935546875
2019-01-30,120.83999633789062,120.9800033569336,120.33000183105469,120.93000030517578,10571300,97.34672546386719
2019-01-31,121.55000305175781,122.18000030517578,121.5,121.97000122070312,11843400,98.18388366699219
2019-02-01,121.4800033569336,121.56999969482422,120.83999633789062,120.95999908447266,12024600,97.59088134765625
2019-02-04,120.44000244140625,120.55000305175781,120.0199966430664,120.41999816894531,8966200,97.15521240234375
2019-02-05,120.7300033569336,121.2300033569336,120.66000366210938,120.97000122070312,6983300,97.5990219116211
2019-02-06,121.36000061035156,121.41000366210938,120.7300033569336,121.02999877929688,5184000,97.64739227294922
2019-02-07,121.45999908447266,121.91000366210938,121.2300033569336,121.83000183105469,8781000,98.29283905029297
2019-02-08,122.26000213623047,122.47000122070312,122.06999969482422,122.3499984741211,5885400,98.71234893798828
2019-02-11,121.86000061035156,122.18000030517578,121.75,121.87000274658203,4352800,98.32511138916016
2019-02-12,121.66000366210938,121.75,121.19999694824219,121.55999755859375,7939600,98.07498931884766
2019-02-13,121.1500015258789,121.38999938964844,120.91000366210938,121.0999984741211,4757700,97.7038345336914
2019-02-14,122.13999938964844,122.19999694824219,121.58000183105469,121.79000091552734,5868900,98.26055908203125
2019-02-15,121.55999755859375,122.0199966430664,121.54000091552734,121.9800033569336,5527200,98.41385650634766
2019-02-19,122.41999816894531,122.54000091552734,121.94999694824219,122.29000091552734,5872800,98.663909912109375
2019-02-20,121.94999694824219,122.08000183105469,121.58999633789062,121.94000244140625,4455800,98.38155364990234
2019-02-21,121.06999969482422,121.16000366210938,120.69999694824219,120.8499984741211,7382500,97.50212860107422
2019-02-22,121.47000122070312,121.94999694824219,121.41999816894531,121.56999969482422,6374600,98.08304595947266
2019-02-25,121.16999816894531,121.30000305175781,120.91999816894531,121.20999908447266,6293500,97.7926254272461
2019-02-26,121.7300033569336,121.81999969482422,121.36000061035156,121.80999755859375,6028900,98.27667236328125
2019-02-27,121.12000274658203,121.12999725341797,120.27999877929688,120.43000030517578,7737300,97.16326141357422
2019-02-28,120.55999755859375,120.62000274658203,119.70999908447266,120.0199966430664,9533400,96.83251190185547
2019-03-01,119.33000183105469,119.52999877929688,118.63999938964844,118.66000366210938,13541100,95.93750762939453
2019-03-04,119.29000091552734,119.7699966430664,119.05999755859375,119.58999633789062,9808500,96.68940734863281
2019-03-05,119.27999877929688,119.87000274658203,119.2699966430664,119.83999633789062,5595200,96.891510009765625
2019-03-06,119.91999816894531,120.5199966430664,119.88999938964844,120.27999877929688,7766700,97.24726867675781
2019-03-07,120.63999938964844,121.26000213623047,120.61000061035156,121.05999755859375,8187200,97.8779296875
2019-03-08,121.12000274658203,121.69000244140625,120.8499984741211,121.56999969482422,7517600,98.29024505615234
2019-03-11,121.4000015258789,121.41999816894531,120.9800033569336,121.20999908447266,5157800,97.99920654296875
2019-03-12,121.30000305175781,122.2300033569336,121.26000213623047,122.05999755859375,6422300,98.68640899658203
2019-03-13,121.66000366210938,121.95999908447266,121.62000274658203,121.83000183105469,4386300,98.50047302246094
2019-03-14,121.69000244140625,121.76000213623047,120.91999816894531,120.94999694824219,8188400,97.78900909423828
2019-03-15,121.73999786376953,121.94999694824219,121.4000015258789,121.75,4302000,98.43577575683594
2019-03-18,121.56999969482422,121.87000274658203,121.5199966430664,121.68000030517578,3893300,98.3791732788086
2019-03-19,121.08999633789062,121.62000274658203,120.88999938964844,121.41000366210938,5220200,98.160919189453125
2019-03-20,121.73999786376953,122.8499984741211,121.7300033569336,122.68000030517578,10123700,99.18767547607422
2019-03-21,122.95999908447266,123.08999633789062,122.73999786376953,122.94999694824219,7182600,99.40596771240234
2019-03-22,124.20999908447266,125.27999877929688,124.05999755859375,124.86000061035156,13077000,100.95024871826172
2019-03-25,124.80999755859375,125.94000244140625,124.51000213623047,125.05999755859375,9736300,101.11190032958984
2019-03-26,124.69999694824219,125.29000091552734,124.62000274658203,124.97000122070312,7502000,101.0391616821289
2019-03-27,125.41999816894531,126.33999633789062,125.30999755859375,126.12000274658203,14207200,101.9690170288086
2019-03-28,126.25,126.69000244140625,126.01000213623047,126.55999755859375,9143200,102.32472229003906
2019-03-29,125.68000030517578,126.47000122070312,125.63999938964844,126.44000244140625,10841400,102.22769165039062
2019-04-01,125.29000091552734,125.36000061035156,124.19000244140625,124.37000274658203,16501500,100.77565002441406
2019-04-02,124.4800033569336,124.73999786376953,124.25,124.5999984741211,9725000,100.96198272705078
2019-04-03,123.61000061035156,123.87000274658203,123.37000274658203,123.5199966430664,10407000,100.08686065673828
2019-04-04,123.5999984741211,123.88999938964844,123.44000244140625,123.87000274658203,7503400,100.37046813964844
2019-04-05,123.62000274658203,124.16999816894531,123.58000183105469,124.02999877929688,6321800,100.50013732910156
2019-04-08,123.83000183105469,123.94999694824219,123.5199966430664,123.58999633789062,4446400,100.14360809326172
2019-04-09,124.22000122070312,124.33999633789062,123.7699966430664,123.9800033569336,7020300,100.45962524414062
2019-04-10,124.2699966430664,124.5199966430664,124.0999984741211,124.27999877929688,7519900,100.70271301269531
2019-04-11,123.93000030517578,124.0199966430664,123.41000366210938,123.55000305175781,8679300,100.1112289428711
2019-04-12,122.88999938964844,123.05999755859375,122.62999725341797,122.66999816894531,7005500,99.39817810058594
2019-04-15,122.77999877929688,122.98999786376953,122.72000122070312,122.9800033569336,3070000,99.64934539794922
2019-04-16,122.51000213623047,122.62999725341797,122.13999938964844,122.20999908447266,8927300,99.02539825439453
2019-04-17,122.12999725341797,122.56999969482422,122.11000061035156,122.26000213623047,6118500,99.06595611572266
2019-04-18,122.80999755859375,123.0999984741211,122.77999877929688,122.9000015258789,27589400,99.58451843261719
2019-04-22,122.47000122070312,122.56999969482422,122.23999786376953,122.30999755859375,6241200,99.10643005371094
2019-04-23,122.61000061035156,122.69999694824219,122.38999938964844,122.56999969482422,6239700,99.3171157836914
2019-04-24,123.11000061035156,123.58999633789062,123.08999633789062,123.56999969482422,7302000,100.12741088867188
2019-04-25,123.48999786376953,123.62000274658203,123.0999984741211,123.38999938964844,5380900,99.98158264160156
2019-04-26,123.9800033569336,124.0199966430664,123.63999938964844,123.80999755859375,5950700,100.32186126708984
2019-04-29,123.2300033569336,123.3499984741211,122.8499984741211,123.0199966430664,10246000,99.68175506591797
2019-04-30,122.94999694824219,123.73999786376953,122.93000030517578,123.6500015258789,7957400,100.19223022460938
2019-05-01,123.69000244140625,124.44999694824219,123.5999984741211,123.9000015258789,14371900,100.60553741455078
2019-05-02,123.68000030517578,123.80999755859375,123.04000091552734,123.30999755859375,6612800,100.12647247314453
2019-05-03,123.66000366210938,123.87999725341797,123.37000274658203,123.66000366210938,6191700,100.41065216064453
2019-05-06,124.30999755859375,124.37999725341797,123.93000030517578,124,4482500,100.68669891357422
2019-05-07,124.52999877929688,125.13999938964844,124.38999938964844,124.94999694824219,8984900,101.4581069946289
2019-05-08,125.1500015258789,125.30000305175781,124.30000305175781,124.41000366210938,6907600,101.01966094970703
2019-05-09,125.11000061035156,125.30000305175781,124.30999755859375,124.91999816894531,9411900,101.43376159667969
2019-05-10,124.88999938964844,125.44999694824219,124.58999633789062,124.75,6037800,101.29573822021484
2019-05-13,125.4000015258789,125.93000030517578,125.25,125.7300033569336,10501600,102.09146881103516
2019-05-14,125.51000213623047,125.6500015258789,125.19999694824219,125.36000061035156,5690400,101.79104614257812
2019-05-15,126.20999908447266,126.2699966430664,125.7699966430664,126.12999725341797,9566300,102.4162368774414
2019-05-16,125.80999755859375,125.83000183105469,125.52999877929688,125.70999908447266,7666400,102.07522583007812
2019-05-17,126.27999877929688,126.30000305175781,125.69000244140625,125.98999786376953,4747100,102.30260467529297
2019-05-20,126.12000274658203,126.37999725341797,125.6500015258789,125.7300033569336,6043100,102.09146881103516
2019-05-21,125.5999984741211,125.72000122070312,125.30000305175781,125.52999877929688,4021800,101.92906951904297
2019-05-22,125.7699966430664,126.33000183105469,125.72000122070312,126.25,5675300,102.513671875
2019-05-23,126.88999938964844,128.08999633789062,126.87999725341797,127.66999816894531,9743700,103.6667709350586
2019-05-24,127.55999755859375,127.77999877929688,127.38999938964844,127.77999877929688,4981900,103.75605773925781
2019-05-28,128.27000427246094,128.89999389648438,128.08999633789062,128.6999969482422,8098600,104.5030517578125
2019-05-29,129.6699981689453,129.89999389648438,129,129.08999633789062,13260600,104.81976318359375
2019-05-30,129.3300018310547,130.22999572753906,128.88999938964844,130.1999969482422,13024800,105.72105407714844
2019-05-31,130.89999389648438,131.89999389648438,130.80999755859375,131.8300018310547,18933600,107.04458618164062
2019-06-03,131.91000366210938,132.5800018310547,131.5500030517578,132.44000244140625,17822400,107.76063537597656
2019-06-04,131.38999938964844,131.75999450683594,130.5500030517578,130.92999267578125,14250000,106.53201293945312
2019-06-05,130.52000427246094,130.9499969482422,130.1199951171875,130.19000244140625,8815200,105.92988586425781
2019-06-06,130.97000122070312,131.58999633789062,130.32000732421875,130.61000061035156,9621100,106.27162170410156
2019-06-07,131.7899932861328,132.07000732421875,131.44000244140625,131.74000549316406,11378500,107.1910629272461
2019-06-10,130.67999267578125,130.6999969482422,130.32000732421875,130.5,8288700,106.18214416503906
2019-06-11,130.4199981689453,130.75999450683594,130.32000732421875,130.5800018310547,5115100,106.24720001220703
2019-06-12,130.38999938964844,130.75,130.3000030517578,130.67999267578125,5278700,106.32859802246094
2019-06-13,130.8000030517578,131.25,130.7899932861328,131.1300048828125,5560400,106.69475555419922
2019-06-14,131.10000610351562,131.7100067138672,131.08999633789062,131.4600067138672,5838800,106.96324157714844
2019-06-17,131.38999938964844,131.75999450683594,131.1300048828125,131.69000244140625,6046400,107.15042877197266
2019-06-18,132.74000549316406,132.86000061035156,131.9499969482422,132.35000610351562,10320700,107.6874771118164
2019-06-19,131.86000061035156,132.72000122070312,131.5800018310547,132.5399932861328,11962500,107.84196472167969
2019-06-20,132.91000366210938,133.50999450683594,132.58999633789062,132.88999938964844,10721500,108.12679290771484
2019-06-21,132.50999450683594,132.52999877929688,131.3800048828125,131.42999267578125,14495000,106.9388198852539
2019-06-24,132.16000366210938,132.52999877929688,132.0800018310547,132.41000366210938,6378800,107.7362060546875
2019-06-25,132.7899932861328,133.08999633789062,132.72000122070312,132.82000732421875,9604600,108.06981658935547
2019-06-26,132.67999267578125,132.6999969482422,131.8800048828125,131.97000122070312,12766800,107.37818145751953
2019-06-27,132.30999755859375,133.08999633789062,131.99000549316406,132.89999389648438,9724200,108.13494110107422
2019-06-28,132.5800018310547,133.0800018310547,132.4499969482422,132.80999755859375,8149200,108.0616683959961
2019-07-01,132.57000732421875,132.75,131.58999633789062,132.24000549316406,14131200,107.80897521972656
2019-07-02,132.57000732421875,133.38999938964844,132.4600067138672,133.25999450683594,10494300,108.64054107666016
2019-07-03,133.52000427246094,134.2899932861328,133.50999450683594,134.2100067138672,5380300,109.41498565673828
2019-07-05,132.5399932861328,132.5500030517578,131.6699981689453,132.42999267578125,12180100,107.96382904052734
2019-07-08,133.0500030517578,133.22000122070312,132.61000061035156,132.61000061035156,6490000,108.11058807373047
2019-07-09,132.67999267578125,132.7100067138672,132.16000366210938,132.55999755859375,6215700,108.06983947753906
2019-07-10,132.35000610351562,132.44000244140625,131.50999450683594,131.8300018310547,9470000,107.47470092773438
2019-07-11,131.30999755859375,131.41000366210938,129.75999450683594,130.07000732421875,14126800,106.03987121582031
2019-07-12,129.9199981689453,130.4499969482422,129.67999267578125,130.22000122070312,6992000,106.16213989257812
2019-07-15,130.4499969482422,131.0500030517578,130.4499969482422,130.97000122070312,6055500,106.77359008789062
2019-07-16,130.1699981689453,130.60000610351562,129.9600067138672,130.5800018310547,6172700,106.45561218261719
2019-07-17,131.05999755859375,132.02000427246094,131.0500030517578,131.99000549316406,9662200,107.60511016845703
2019-07-18,131.47000122070312,132.32000732421875,131.24000549316406,132,5724900,107.61328125
2019-07-19,131.58999633789062,131.92999267578125,131.50999450683594,131.69000244140625,5804800,107.36058044433594
2019-07-22,132.47000122070312,132.49000549316406,131.74000549316406,131.94000244140625,5204100,107.56436920166016
2019-07-23,131.60000610351562,131.74000549316406,130.97000122070312,131.22000122070312,8108900,106.97740173339844
2019-07-24,131.60000610351562,131.89999389648438,131.47000122070312,131.7899932861328,6389700,107.44210052490234
2019-07-25,131.25,131.41000366210938,130.50999450683594,131.16000366210938,8893100,106.92849731445312
2019-07-26,131.6999969482422,131.77999877929688,131.25,131.47000122070312,6188400,107.18119049072266
2019-07-29,131.82000732421875,131.9499969482422,131.39999389648438,131.50999450683594,6231800,107.21381378173828
2019-07-30,132,132.10000610351562,131.42999267578125,131.8300018310547,5678500,107.47470092773438
2019-07-31,131.6999969482422,133.3300018310547,131.66000366210938,132.88999938964844,15798700,108.33887481689453
2019-08-01,133.38999938964844,135.38999938964844,133.25999450683594,135.25999450683594,26664800,110.49048614501953
2019-08-02,135.66000366210938,136.50999450683594,135.39999389648438,136.50999450683594,15143100,111.51164245605469
2019-08-05,138.13999938964844,138.88999938964844,137.66000366210938,138.8699951171875,18543000,113.43939971923828
2019-08-06,138.1999969482422,139.97999572753906,138.08999633789062,139.97999572753906,12747400,114.34616088867188
2019-08-07,142.39999389648438,143.05999755859375,139.77999877929688,140.02999877929688,32582000,114.3869857788086
2019-08-08,139.13999938964844,140.42999267578125,137.97999572753906,140.3300018310547,14746000,114.6320571899414
2019-08-09,140.6699981689453,141.5500030517578,139.8699951171875,140.0500030517578,10626000,114.4033432006836
2019-08-12,141.72000122070312,143.42999267578125,141.50999450683594,142.97000122070312,14094300,116.78865051269531
2019-08-13,143.80999755859375,143.91000366210938,141.9499969482422,142.47999572753906,15974900,116.38833618164062
2019-08-14,145.16000366210938,145.72999572753906,144.7100067138672,145.69000244140625,15068900,119.01049041748047
2019-08-15,145.9499969482422,148.60000610351562,145.5800018310547,147.30999755859375,23588700,120.33384704589844
2019-08-16,146.05999755859375,146.50999450683594,144.83999633789062,146.1300048828125,17150500,119.36996459960938
2019-08-19,143.57000732421875,144.66000366210938,143.50999450683594,144.0399932861328,13614700,117.66265869140625
2019-08-20,145.27999877929688,145.6199951171875,144.83999633789062,145.52999877929688,7451500,118.87982177734375
2019-08-21,144.72000122070312,145.7899932861328,144.2899932861328,144.55999755859375,9372000,118.08745574951172
2019-08-22,144,144.6999969482422,143.47999572753906,143.60000610351562,13878800,117.30325317382812
2019-08-23,143.52000427246094,146.27000427246094,143.42999267578125,145.9600067138672,16191800,119.23107147216797
2019-08-26,145.8699951171875,146.2899932861328,145.2899932861328,145.3699951171875,12174500,118.74913024902344
2019-08-27,146.6300048828125,147.72000122070312,146.47999572753906,147.61000061035156,11332300,120.5789566040039
2019-08-28,148.77999877929688,148.89999389648438,147.66000366210938,147.8000030517578,10095900,120.7341537475586
2019-08-29,147.25,147.33999633789062,146.1300048828125,147.24000549316406,8884900,120.27665710449219
2019-08-30,146.61000061035156,147.47999572753906,146.36000061035156,147.27999877929688,13550800,120.30937194824219
2019-09-03,147.08999633789062,148.6699981689453,146.57000732421875,147.2100067138672,15660800,120.46481323242188
2019-09-04,146.52999877929688,147.6199951171875,146.47999572753906,147.42999267578125,7962200,120.64491271972656
2019-09-05,145.66000366210938,145.8000030517578,143.88999938964844,144.75999450683594,19382900,118.45990753173828
2019-09-06,145.25999450683594,146.02999877929688,145.0800018310547,145.7899932861328,9466400,119.30284118652344
2019-09-09,143.8300018310547,144,143.19000244140625,143.1999969482422,15862700,117.1833724975586
2019-09-10,142.83999633789062,143.2899932861328,140.66000366210938,140.69000244140625,13851400,115.12942504882812
2019-09-11,140.39999389648438,141.14999389648438,140.38999938964844,140.44000244140625,10941700,114.92481994628906
2019-09-12,141.5,141.8000030517578,139.05999755859375,139.52000427246094,19163300,114.17198181152344
2019-09-13,138.27999877929688,138.7100067138672,136.5399932861328,136.5399932861328,18922200,111.73335266113281
2019-09-16,137.8800048828125,138.57000732421875,137.25,138.27999877929688,10971600,113.15724182128906
2019-09-17,138.36000061035156,139.60000610351562,138.02000427246094,139.02999877929688,9081200,113.77095031738281
2019-09-18,139.92999267578125,140.66000366210938,139.52999877929688,139.6199951171875,10984600,114.2537612915039
2019-09-19,140.75999450683594,140.99000549316406,139.97000122070312,140.0399932861328,13176200,114.59749603271484
2019-09-20,140.77000427246094,141.97999572753906,140.44000244140625,141.88999938964844,11519800,116.11135864257812
2019-09-23,142.24000549316406,143.16000366210938,141.6999969482422,141.86000061035156,15246700,116.08680725097656
2019-09-24,142.4199981689453,143.85000610351562,142.41000366210938,143.57000732421875,12421600,117.48616790771484
2019-09-25,143.25999450683594,143.5500030517578,141.13999938964844,141.47000122070312,14147100,115.76771545410156
2019-09-26,142.27000427246094,142.99000549316406,141.89999389648438,142.3800048828125,9636500,116.51238250732422
2019-09-27,142.32000732421875,142.97999572753906,142.13999938964844,142.72999572753906,10386900,116.79877471923828
2019-09-30,141.8800048828125,143.08999633789062,141.83999633789062,143.0800018310547,8006900,117.08516693115234
2019-10-01,141.25999450683594,143.91000366210938,141.13999938964844,143.25999450683594,16613700,117.43763732910156
2019-10-02,143.4600067138672,144.27000427246094,143.24000549316406,143.61000061035156,12891500,117.72462463378906
2019-10-03,143.97999572753906,145.6699981689453,143.9199981689453,144.9199981689453,13470500,118.79852294921875
2019-10-04,145.35000610351562,146.02999877929688,145.1999969482422,145.99000549316406,11516200,119.67560577392578
2019-10-07,145.16000366210938,145.52999877929688,144.7100067138672,144.77999877929688,11013900,118.68366241455078
2019-10-08,145.82000732421875,145.92999267578125,144.6199951171875,145.1699981689453,14529700,119.00340270996094
2019-10-09,144.60000610351562,144.61000061035156,143.8000030517578,144.35000610351562,8608800,118.33118438720703
2019-10-10,143.1199951171875,143.17999267578125,141.72999572753906,142.1999969482422,15054200,116.5687255859375
2019-10-11,140.97999572753906,141.10000610351562,139.7100067138672,140.44000244140625,26294000,115.12598419189453
2019-10-14,141.47999572753906,141.50999450683594,141.0800018310547,141.4600067138672,5936900,115.96209716796875
2019-10-15,140.6699981689453,140.9499969482422,139.5500030517578,139.75,11832300,114.56034088134766
2019-10-16,139.63999938964844,140.05999755859375,139.35000610351562,139.9199981689453,7729500,114.6996841430664
2019-10-17,139.52000427246094,140.3800048828125,139.3000030517578,139.5800018310547,6219300,114.42094421386719
2019-10-18,139.80999755859375,140.22999572753906,139.4499969482422,139.5800018310547,6456100,114.42094421386719
2019-10-21,138.57000732421875,138.99000549316406,138.22999572753906,138.52999877929688,8038000,113.56024169921875
2019-10-22,139.3800048828125,139.52999877929688,138.63999938964844,139.33999633789062,6683300,114.2242431640625
2019-10-23,140.02999877929688,140.30999755859375,139.36000061035156,139.47999572753906,5995400,114.33898162841797
2019-10-24,139.67999267578125,140.24000549316406,139.02999877929688,139.1999969482422,6161700,114.10946655273438
2019-10-25,139.52999877929688,139.5500030517578,138.30999755859375,138.52000427246094,5669800,113.552001953125
2019-10-28,137.5800018310547,137.5800018310547,136.99000549316406,137.25999450683594,11402100,112.51919555664062
2019-10-29,137.6199951171875,137.74000549316406,137.1699981689453,137.35000610351562,5296600,112.59293365478516
2019-10-30,137.77000427246094,139.4499969482422,137.77000427246094,139.36000061035156,10914100,114.24067687988281
2019-10-31,140.47999572753906,141.67999267578125,140.42999267578125,141.24000549316406,15834100,115.78180694580078
2019-11-01,140.72999572753906,141.27000427246094,139.7899932861328,140.55999755859375,11425500,115.42533874511719
2019-11-04,138.97000122070312,139.13999938964844,138.52999877929688,138.7100067138672,11124300,113.90617370605469
2019-11-05,137.22000122070312,137.44000244140625,136.72999572753906,137.14999389648438,13493000,112.62513732910156
2019-11-06,138.02000427246094,138.41000366210938,137.33999633789062,137.97999572753906,9351900,113.30674743652344
2019-11-07,136.35000610351562,136.36000061035156,134.4499969482422,135.47999572753906,19209800,111.25374603271484
2019-11-08,135.14999389648438,135.9499969482422,134.77999877929688,134.91000366210938,10222900,110.78569793701172
2019-11-11,135.3800048828125,135.38999938964844,134.63999938964844,135,4577000,110.8595962524414
2019-11-12,135.27999877929688,135.9499969482422,134.7899932861328,135.6199951171875,5772900,111.36872100830078
2019-11-13,136.80999755859375,136.9600067138672,136.1699981689453,136.5,6672400,112.09134674072266
2019-11-14,137.8000030517578,138.44000244140625,137.6699981689453,137.91000366210938,10213300,113.249267578125
2019-11-15,137.47999572753906,138.16000366210938,137.42999267578125,137.75999450683594,4657600,113.12603759765625
2019-11-18,138.2100067138672,138.61000061035156,137.92999267578125,138.00999450683594,5943900,113.33135223388672
2019-11-19,138.3699951171875,139.24000549316406,138.3699951171875,139.16000366210938,7893100,114.27568817138672
2019-11-20,139.91000366210938,140.60000610351562,139.77000427246094,140.60000610351562,7905500,115.45823669433594
2019-11-21,139.63999938964844,140.0800018310547,139.1199951171875,139.72000122070312,5980900,114.73554229736328
2019-11-22,140.10000610351562,140.27999877929688,139.67999267578125,139.89999389648438,4664800,114.88340759277344
2019-11-25,140.3000030517578,140.52999877929688,140.17999267578125,140.30999755859375,4157300,115.2200698852539
2019-11-26,141,141.30999755859375,140.94000244140625,141.1300048828125,4281100,115.89346313476562
2019-11-27,140.60000610351562,140.91000366210938,140.4199981689453,140.72000122070312,4095700,115.55675506591797
2019-11-29,140.6199951171875,140.67999267578125,139.77999877929688,140.4199981689453,6251100,115.31037902832031
2019-12-02,138.13999938964844,138.6699981689453,137.9499969482422,138.30999755859375,17702200,113.77294158935547
2019-12-03,140.0399932861328,141.77000427246094,139.92999267578125,141.2100067138672,13062400,116.15850830078125
2019-12-04,140.33999633789062,140.5,139.2100067138672,139.8000030517578,8586300,114.99862670898438
2019-12-05,138.66000366210938,139.44000244140625,138.60000610351562,139.1199951171875,7273800,114.43928527832031
2019-12-06,138.02999877929688,139.1199951171875,137.86000061035156,138.35000610351562,7931100,113.8059310913086
2019-12-09,138.99000549316406,139.11000061035156,138.57000732421875,138.64999389648438,4016900,114.0526351928711
2019-12-10,139.17999267578125,139.35000610351562,138.41000366210938,138.66000366210938,4947600,114.0608139038086
2019-12-11,139.3000030517578,140.13999938964844,139.22999572753906,139.75,6256700,114.95751190185547
2019-12-12,139.19000244140625,139.27999877929688,136.61000061035156,137.4499969482422,14857000,113.0655746459961
2019-12-13,138.1199951171875,139.61000061035156,137.22999572753906,139.0399932861328,11335100,114.37347412109375
2019-12-16,138.39999389648438,138.4600067138672,137.42999267578125,137.7899932861328,9156600,113.34522247314453
2019-12-17,138.2100067138672,138.33999633789062,137.2100067138672,137.60000610351562,6179700,113.18891143798828
2019-12-18,137.3000030517578,137.4499969482422,136.27999877929688,136.47000122070312,6244700,112.25936126708984
2019-12-19,136,136.86000061035156,135.75999450683594,136.47000122070312,6591100,112.4389877319336
2019-12-20,136.1300048828125,136.69000244140625,135.92999267578125,136.64999389648438,5455700,112.58731079101562
2019-12-23,136.80999755859375,136.97000122070312,136,136.4499969482422,5175000,112.42251586914062
2019-12-24,135.9199981689453,137.05999755859375,135.88999938964844,136.83999633789062,4667400,112.74385070800781
2019-12-26,136.91000366210938,137.22000122070312,136.50999450683594,137.1699981689453,5290200,113.01575469970703
2019-12-27,137.44000244140625,137.6300048828125,137.2899932861328,137.32000732421875,7300500,113.13933563232422
2019-12-30,135.88999938964844,136.89999389648438,135.66000366210938,136.82000732421875,7979700,112.72745513916016
2019-12-31,136.2100067138672,136.4600067138672,135.3800048828125,135.47999572753906,10707400,111.62333679199219
2020-01-02,136.7899932861328,137.52999877929688,136.6699981689453,137.00999450683594,11034100,112.88391876220703
2020-01-03,138.27000427246094,139.16000366210938,137.8800048828125,139.1199951171875,12366000,114.62237548828125
2020-01-06,139.69000244140625,139.7100067138672,138.14999389648438,138.3300018310547,11369800,113.9714584350586
2020-01-07,138.22000122070312,138.47000122070312,137.63999938964844,137.64999389648438,8381200,113.41122436523438
2020-01-08,137.92999267578125,138.30999755859375,136.32000732421875,136.74000549316406,10621700,112.66148376464844
2020-01-09,136,137.44000244140625,135.91000366210938,137.22000122070312,7411500,113.05696868896484
2020-01-10,137.6699981689453,138.47000122070312,137.6300048828125,138.44000244140625,8776000,114.06212615966797
2020-01-13,137.8800048828125,138.08999633789062,137.38999938964844,138.02000427246094,5966900,113.71602630615234
2020-01-14,138.17999267578125,138.82000732421875,138.13999938964844,138.72999572753906,13920300,114.30101013183594
2020-01-15,139.52000427246094,139.75999450683594,139.02000427246094,139.64999389648438,6290500,115.05903625488281
2020-01-16,139.25999450683594,139.52999877929688,138.74000549316406,139.2100067138672,6798600,114.69652557373047
2020-01-17,137.5800018310547,138.13999938964844,137.36000061035156,138.02000427246094,9693100,113.71602630615234
2020-01-21,138.80999755859375,139.64999389648438,138.77000427246094,139.47000122070312,6794900,114.91075134277344
2020-01-22,139.72000122070312,140.13999938964844,139.58999633789062,139.9600067138672,6317000,115.3144760131836
2020-01-23,140.85000610351562,141.3800048828125,140.77999877929688,140.94000244140625,9747400,116.12194061279297
2020-01-24,141.4199981689453,142.5500030517578,141.3000030517578,142.0800018310547,8585000,117.06114196777344
2020-01-27,143.9499969482422,144.2899932861328,143.5,144.2899932861328,10935200,118.88196563720703
2020-01-28,143.92999267578125,144.08999633789062,142.82000732421875,143.16000366210938,10612900,117.95098876953125
2020-01-29,143.44000244140625,144.6999969482422,143.42999267578125,144.55999755859375,9566800,119.10444641113281
2020-01-30,144.89999389648438,145.6699981689453,144.2899932861328,144.5800018310547,14711800,119.12095642089844
2020-01-31,145.1699981689453,145.99000549316406,145.08999633789062,145.89999389648438,14538100,120.20843505859375
2020-02-03,144.9499969482422,145.75999450683594,144.1199951171875,145.5399932861328,15309000,120.1111068725586
2020-02-04,143.99000549316406,144.13999938964844,143.05999755859375,143.5800018310547,11388300,118.49356079101562
2020-02-05,142.3000030517578,142.6999969482422,141.89999389648438,142.00999450683594,10782600,117.19792175292969
2020-02-06,142.17999267578125,142.8800048828125,142,142.64999389648438,6683100,117.72603607177734
2020-02-07,144.22000122070312,144.74000549316406,143.8699951171875,144.42999267578125,11374800,119.19505310058594
2020-02-10,145.10000610351562,145.25,144.67999267578125,144.8300018310547,6699300,119.52519989013672
2020-02-11,144.58999633789062,144.72000122070312,143.94000244140625,144.10000610351562,7784100,118.9227066040039
2020-02-12,143.3699951171875,143.5500030517578,142.99000549316406,143.3699951171875,5595500,118.32023620605469
2020-02-13,143.44000244140625,144.1999969482422,143.27000427246094,143.9199981689453,7883400,118.77413177490234
2020-02-14,144.75999450683594,145.0800018310547,144.4499969482422,144.5500030517578,7137400,119.29409790039062
2020-02-18,145.33999633789062,146.0500030517578,144.9199981689453,145.5399932861328,6909200,120.1111068725586
2020-02-19,145.1199951171875,145.6199951171875,144.97999572753906,145.52999877929688,5707700,120.10276794433594
2020-02-20,146.0800018310547,146.94000244140625,146,146.6699981689453,9332900,121.04365539550781
2020-02-21,147.8000030517578,148.8800048828125,147.64999389648438,148.0399932861328,13860300,122.17430114746094
2020-02-24,150.8300018310547,150.9600067138672,150,150.25,15929300,123.99810791015625
2020-02-25,150.2100067138672,151.75999450683594,150.13999938964844,151.0500030517578,20802900,124.658447265625
2020-02-26,149.9499969482422,151.72000122070312,149.5800018310547,150.25,22589500,123.99810791015625
2020-02-27,152.6999969482422,153.0800018310547,150.8300018310547,151.8800048828125,30687900,125.3433837890625
2020-02-28,154.4499969482422,155.97999572753906,154.16000366210938,155.30999755859375,44935200,128.17410278320312
2020-03-02,155.3000030517578,156.5,153.75999450683594,153.94000244140625,28152400,127.2311019897461
2020-03-03,153.80999755859375,159.6999969482422,152.36000061035156,156.3300018310547,38608000,129.20639038085938
2020-03-04,156.41000366210938,157.35000610351562,154.19000244140625,154.6699981689453,23463700,127.83440399169922
2020-03-05,157.1300048828125,158.82000732421875,156.80999755859375,158.52000427246094,17786200,131.0164337158203
2020-03-06,167.3000030517578,169.3300018310547,164.11000061035156,166.77000427246094,76288300,137.83506774902344
2020-03-09,179.10000610351562,179.6999969482422,170.33999633789062,171.2899932861328,41552800,141.57080078125
2020-03-10,169.63999938964844,172.92999267578125,162.02999877929688,162.50999450683594,37728300,134.31410217285156
2020-03-11,165.42999267578125,167.02999877929688,155.6300048828125,156.52999877929688,29519300,129.37168884277344
2020-03-12,163.50999450683594,166.36000061035156,155.66000366210938,157.5,24361800,130.1734161376953
2020-03-13,155,158.1999969482422,152.19000244140625,153.94000244140625,19812900,127.2311019897461
2020-03-16,160.3800048828125,166.14999389648438,157.80999755859375,163.91000366210938,30496700,135.4712677001953
2020-03-17,163.5,165.6300048828125,152.7100067138672,152.97999572753906,18570900,126.4375991821289
2020-03-18,152.83999633789062,154.13999938964844,139.00999450683594,144.35000610351562,47061000,119.30493927001953
2020-03-19,146.9499969482422,153.4499969482422,145.25,148.27999877929688,21175300,122.55306243896484
2020-03-20,153.3000030517578,159.42999267578125,152.11000061035156,159.42999267578125,20863100,131.76853942871094
2020-03-23,157.5,166.69000244140625,156.57000732421875,166,19971800,137.1986083984375
2020-03-24,161.25,165.4499969482422,160.41000366210938,162.91000366210938,11948600,134.644775390625
2020-03-25,163.58999633789062,166.67999267578125,161.6199951171875,162.5399932861328,10750600,134.3389434814453
2020-03-26,164,165.67999267578125,162.27000427246094,163.33999633789062,10576200,135.00013732910156
2020-03-27,165.52000427246094,168.25,164.58999633789062,167.6999969482422,12550000,138.60366821289062
2020-03-30,168.3000030517578,170.11000061035156,165.94000244140625,166.32000732421875,13473200,137.46307373046875
2020-03-31,165.6999969482422,166.9199981689453,164.55999755859375,164.97000122070312,11464800,136.34730529785156
2020-04-01,168.47999572753906,168.9600067138672,166.39999389648438,167.0399932861328,11334700,138.2576446533203
2020-04-02,168.8300018310547,169.22000122070312,167.25999450683594,168.10000610351562,5771200,139.13490295410156
2020-04-03,168.5500030517578,170.3300018310547,168.13999938964844,168.5,6570800,139.4660186767578
2020-04-06,167,168.27000427246094,166.52999877929688,168.05999755859375,9434800,139.10189819335938
2020-04-07,164.9600067138672,166.4199981689453,163.7100067138672,166.3000030517578,13811400,137.64517211914062
2020-04-08,165.11000061035156,166.19000244140625,164.1300048828125,165.08999633789062,10147100,136.64366149902344
2020-04-09,164.27999877929688,165.7899932861328,163.77999877929688,165.38999938964844,14259100,136.89198303222656
2020-04-13,164.75,165.7100067138672,163.8800048828125,163.8800048828125,8750300,135.64212036132812
2020-04-14,163.83999633789062,164.74000549316406,163.47999572753906,163.83999633789062,9019100,135.6089630126953
2020-04-15,166.8000030517578,168.60000610351562,166.74000549316406,168.17999267578125,10027800,139.2011260986328
2020-04-16,169.25999450683594,170.32000732421875,169.02000427246094,170.08999633789062,8265400,140.7821044921875
2020-04-17,169.82000732421875,170.83999633789062,167.27000427246094,167.80999755859375,8612100,138.89495849609375
2020-04-20,168.44000244140625,169.2899932861328,167.9600067138672,169.16000366210938,6462600,140.01231384277344
2020-04-21,171.92999267578125,172.14999389648438,170.77999877929688,171.2899932861328,7850700,141.7753143310547
2020-04-22,169.97000122070312,170.38999938964844,168.7100067138672,169.5399932861328,6230200,140.32684326171875
2020-04-23,169.8699951171875,170.92999267578125,169.61000061035156,170.44000244140625,5968600,141.07176208496094
2020-04-24,169.61000061035156,170.83999633789062,169.57000732421875,170.83999633789062,6211800,141.40289306640625
2020-04-27,169.66000366210938,169.75,167.44000244140625,167.66000366210938,9039500,138.77076721191406
2020-04-28,168.5500030517578,169.85000610351562,168.4499969482422,169.58999633789062,9905400,140.36822509765625
2020-04-29,169.52999877929688,170.25999450683594,167.9600067138672,168.7100067138672,8619600,139.63986206054688
2020-04-30,168.74000549316406,169.22999572753906,166.7100067138672,166.74000549316406,11606100,138.00930786132812
2020-05-01,167.5,168.11000061035156,166.44000244140625,167.9499969482422,10209400,139.19114685058594
2020-05-04,167.55999755859375,167.67999267578125,166.47999572753906,167.16000366210938,8300900,138.53646850585938
2020-05-05,165.57000732421875,166.27000427246094,165.27000427246094,166.08999633789062,7831800,137.6496124267578
2020-05-06,163.22999572753906,163.63999938964844,162.0500030517578,163.41000366210938,14721500,135.4285888671875
2020-05-07,163.55999755859375,166.3699951171875,163.33999633789062,166.13999938964844,9164800,137.69110107421875
2020-05-08,164.49000549316406,165.39999389648438,163.67999267578125,163.97999572753906,8129800,135.90097045898438
2020-05-11,163.66000366210938,164.22000122070312,162.10000610351562,162.6999969482422,8713500,134.8401336669922
2020-05-12,163.16000366210938,164.92999267578125,163.1300048828125,164.3699951171875,10057300,136.2241668701172
2020-05-13,165.08999633789062,166.2899932861328,164.8300018310547,165.52000427246094,13305600,137.17730712890625
2020-05-14,167.32000732421875,168.14999389648438,167.0500030517578,167.13999938964844,10080000,138.51979064941406
2020-05-15,168.3000030517578,168.49000549316406,166.3300018310547,166.7100067138672,7225600,138.16346740722656
2020-05-18,164.92999267578125,165.05999755859375,162.4199981689453,163.0500030517578,10073100,135.1301727294922
2020-05-19,162.52000427246094,163.6999969482422,162.47999572753906,163.66000366210938,8639100,135.6356964111328
2020-05-20,163.1699981689453,164.6999969482422,162.8800048828125,164.14999389648438,10927300,136.0418243408203
2020-05-21,164.86000061035156,165.36000061035156,164.2899932861328,164.55999755859375,8920000,136.381591796875
2020-05-22,164.72000122070312,165.67999267578125,164.61000061035156,165.5500030517578,4956700,137.2020721435547
2020-05-26,163.7100067138672,163.7899932861328,162.97999572753906,163.3300018310547,8098900,135.3622283935547
2020-05-27,162.7899932861328,163.91000366210938,162.58999633789062,163.02999877929688,8047400,135.11366271972656
2020-05-28,161.9600067138672,162.57000732421875,161.66000366210938,162.42999267578125,10272600,134.61639404296875
2020-05-29,162.7100067138672,164.08999633789062,162.35000610351562,163.58999633789062,14632700,135.5777130126953
2020-06-01,162.10000610351562,162.44000244140625,161.6699981689453,162.27999877929688,13341400,134.6649169921875
2020-06-02,161.6699981689453,162.08999633789062,161.25,161.69000244140625,11517100,134.17529296875
2020-06-03,160.17999267578125,160.3300018310547,158.94000244140625,159.5399932861328,12255700,132.3911590576172
2020-06-04,158.9199981689453,159.00999450683594,157.19000244140625,157.22999572753906,14038600,130.47427368164062
2020-06-05,154.61000061035156,156.16000366210938,153.16000366210938,156.11000061035156,17778500,129.5448760986328
2020-06-08,155.07000732421875,156.85000610351562,155.0500030517578,156.7100067138672,10346700,130.04275512695312
2020-06-09,159.0500030517578,159.63999938964844,158.3000030517578,158.49000549316406,9095300,131.51988220214844
2020-06-10,159.24000549316406,160.89999389648438,159.0500030517578,160.83999633789062,13135500,133.46998596191406
2020-06-11,163.25,164.22999572753906,162.6300048828125,163.8800048828125,17086400,135.9926300048828
2020-06-12,162.41000366210938,163.66000366210938,162.0500030517578,162.3000030517578,9716100,134.6815643310547
2020-06-15,163.88999938964844,164.22000122070312,162.13999938964844,162.38999938964844,7759800,134.7561798095703
2020-06-16,159.41000366210938,161.22999572753906,158.6999969482422,159.89999389648438,13698900,132.6900177001953
2020-06-17,160.27000427246094,160.77000427246094,159.33999633789062,160.55999755859375,7113900,133.23765563964844
2020-06-18,162.0399932861328,162.47999572753906,161.61000061035156,162.25999450683594,7691400,134.64834594726562
2020-06-19,161,162.5,160.91000366210938,162.38999938964844,8565500,134.7561798095703
2020-06-22,163.19000244140625,163.4199981689453,162.07000732421875,162.41000366210938,9319700,134.7728271484375
2020-06-23,161.47999572753906,162.05999755859375,161.1199951171875,161.3000030517578,9088600,133.8516845703125
2020-06-24,161.52999877929688,163.08999633789062,161.52000427246094,163.02999877929688,11436500,135.28733825683594
2020-06-25,164.2100067138672,164.35000610351562,163.39999389648438,163.5,10968000,135.67724609375
2020-06-26,164.25,165.32000732421875,164.17999267578125,165.25,12119300,137.1295166015625
2020-06-29,164.85000610351562,165.27000427246094,164.3800048828125,164.72999572753906,7274400,136.6980438232422
2020-06-30,165.22999572753906,165.2899932861328,163.47999572753906,163.92999267578125,14841700,136.03416442871094
2020-07-01,162.80999755859375,163.55999755859375,162.14999389648438,163.4199981689453,13181000,135.7699737548828
2020-07-02,162.6999969482422,163.74000549316406,162.24000549316406,163.58999633789062,7599800,135.9111328125
2020-07-06,162.3300018310547,163.02000427246094,161.75,162.9199981689453,7972700,135.3545684814453
2020-07-07,163.4199981689453,165.33999633789062,163.1999969482422,165.2100067138672,12791900,137.25706481933594
2020-07-08,164.32000732421875,164.9199981689453,163.8300018310547,164.5500030517578,7253900,136.70883178710938
2020-07-09,164.66000366210938,167.4499969482422,164.60000610351562,167.1699981689453,13373100,138.8854217529297
2020-07-10,167.9499969482422,168.2100067138672,166.16000366210938,166.3300018310547,8478000,138.18760681152344
2020-07-13,165.5,166.9600067138672,165.22999572753906,166.8800048828125,8054000,138.6444854736328
2020-07-14,167.92999267578125,168.13999938964844,166.97999572753906,167.1199951171875,11344600,138.84390258789062
2020-07-15,165.9199981689453,166.9499969482422,165.8300018310547,166.33999633789062,7840300,138.19590759277344
2020-07-16,167.39999389648438,167.77000427246094,167.0399932861328,167.1300048828125,9107400,138.85218811035156
2020-07-17,167.27000427246094,167.39999389648438,166.47000122070312,166.77999877929688,8549900,138.5614776611328
2020-07-20,167.50999450683594,167.6199951171875,166.8000030517578,167.19000244140625,6907200,138.902099609375
2020-07-21,167.3000030517578,167.72000122070312,167.0800018310547,167.2899932861328,8454400,138.98509216308594
2020-07-22,168.25999450683594,168.4600067138672,167.69000244140625,167.7899932861328,6592100,139.4005584716797
2020-07-23,168.9199981689453,169.8800048828125,168.47999572753906,169.75,10471800,141.0289306640625
2020-07-24,169.00999450683594,169.9199981689453,168.8699951171875,169.74000549316406,7520700,141.02061462402344
2020-07-27,170.25,170.3000030517578,168.99000549316406,169.11000061035156,6146400,140.49717712402344
2020-07-28,169.5399932861328,170.33999633789062,169.42999267578125,170.27999877929688,8520700,141.46926879882812
2020-07-29,170.0500030517578,170.38999938964844,168.97999572753906,169.99000549316406,6733700,141.22837829589844
2020-07-30,171.0500030517578,171.25999450683594,170.75,171.11000061035156,9376100,142.15878295898438
2020-07-31,170.14999389648438,171.4600067138672,169.94000244140625,171,8886000,142.0674591064453
2020-08-03,169.24000549316406,169.99000549316406,168.97000122070312,169.9499969482422,9066200,141.35215759277344
2020-08-04,170.8300018310547,171.5800018310547,170.72000122070312,171.57000732421875,9878900,142.69956970214844
2020-08-05,170.05999755859375,170.55999755859375,169.69000244140625,170.07000732421875,6954100,141.45196533203125
2020-08-06,171.3800048828125,172.25,170.6199951171875,171.02000427246094,9481800,142.24209594726562
2020-08-07,171.27999877929688,171.5,169.5800018310547,169.8800048828125,8176900,141.2939453125
2020-08-10,170.22000122070312,170.25,169.07000732421875,169.1199951171875,6408500,140.66175842285156
2020-08-11,167.1699981689453,167.49000549316406,165.8800048828125,167.11000061035156,19234200,138.99000549316406
2020-08-12,165.6999969482422,166.07000732421875,164.99000549316406,165.58999633789062,11744800,137.72586059570312
2020-08-13,165.30999755859375,165.5800018310547,163.1699981689453,163.82000732421875,12744700,136.25363159179688
2020-08-14,163.80999755859375,164.14999389648438,163.16000366210938,163.17999267578125,6398100,135.7212677001953
2020-08-17,163.97000122070312,164.4600067138672,163.42999267578125,163.58999633789062,6901500,136.0623016357422
2020-08-18,164.36000061035156,164.8699951171875,164.08999633789062,164.75999450683594,8140600,137.0354461669922
2020-08-19,165.3699951171875,165.61000061035156,163.3000030517578,163.72999572753906,12497700,136.1787109375
2020-08-20,165.38999938964844,165.64999389648438,164.92999267578125,165.2100067138672,10319900,137.40975952148438
2020-08-21,165.77000427246094,166.3300018310547,165.00999450683594,166.1999969482422,6836000,138.23313903808594
2020-08-24,166.32000732421875,166.97000122070312,165.86000061035156,165.92999267578125,6490600,138.00856018066406
2020-08-25,164.35000610351562,165.08999633789062,163.8300018310547,164.66000366210938,10518300,136.95230102539062
2020-08-26,164.0500030517578,164.3300018310547,163.27999877929688,164.02999877929688,8276600,136.42831420898438
2020-08-27,164.75999450683594,164.82000732421875,161.16000366210938,161.24000549316406,19860100,134.10780334472656
2020-08-28,161.77000427246094,162.0500030517578,160.63999938964844,161.1199951171875,8415400,134.00794982910156
2020-08-31,161.60000610351562,163.25,161.55999755859375,162.19000244140625,11388100,134.89793395996094
2020-09-01,161.75999450683594,164.07000732421875,161.17999267578125,163.86000061035156,10587000,136.44090270996094
2020-09-02,163.50999450683594,165.55999755859375,163.49000549316406,165.4199981689453,15167700,137.7398681640625
2020-09-03,165.75,167.24000549316406,165.44000244140625,165.88999938964844,16416600,138.13119506835938
2020-09-04,164.41000366210938,164.6999969482422,162.4499969482422,162.74000549316406,13780300,135.50833129882812
2020-09-08,164.3699951171875,165.25999450683594,163.74000549316406,163.74000549316406,13790400,136.34092712402344
2020-09-09,163.94000244140625,164.25,162.75999450683594,163.3000030517578,9558900,135.974609375
2020-09-10,162.4600067138672,164.35000610351562,161.9499969482422,164.1300048828125,8847700,136.66567993164062
2020-09-11,164.30999755859375,164.57000732421875,164.0800018310547,164.47999572753906,5458200,136.9571075439453
2020-09-14,164.7899932861328,165.0800018310547,164.22999572753906,164.47000122070312,4274900,136.9488067626953
2020-09-15,164.1699981689453,164.47000122070312,163.7899932861328,164.07000732421875,6928500,136.61575317382812
2020-09-16,164.77999877929688,164.88999938964844,162.97999572753906,163.5800018310547,8815200,136.2077178955078
2020-09-17,164.89999389648438,164.9600067138672,163.8000030517578,164.0800018310547,7813900,136.62399291992188
2020-09-18,164.1699981689453,164.24000549316406,163.33999633789062,163.57000732421875,7246300,136.1993865966797
2020-09-21,164.88999938964844,165.39999389648438,164.13999938964844,164.39999389648438,11086900,136.8905029296875
2020-09-22,164.44000244140625,164.8800048828125,163.8699951171875,164.27000427246094,10524100,136.78228759765625
2020-09-23,164.3000030517578,164.52999877929688,163.47999572753906,164.49000549316406,6224800,136.96542358398438
2020-09-24,164.9600067138672,165.1199951171875,164.6199951171875,165.1199951171875,8278100,137.49008178710938
2020-09-25,165.11000061035156,165.4199981689453,164.7100067138672,165.1199951171875,5140300,137.49008178710938
2020-09-28,164.8699951171875,164.89999389648438,164.3699951171875,164.64999389648438,4470100,137.0986328125
2020-09-29,164.8000030517578,165.24000549316406,164.55999755859375,164.83999633789062,10297600,137.25686645507812
2020-09-30,164,164,162.5500030517578,163.25999450683594,12971000,135.94122314453125
2020-10-01,162.50999450683594,163.74000549316406,162.10000610351562,163.36000061035156,11523900,136.16546630859375
2020-10-02,163.61000061035156,163.6699981689453,162.17999267578125,162.75,8828800,135.65699768066406
2020-10-05,160.9499969482422,160.9499969482422,159.52000427246094,159.57000732421875,14726000,133.0064697265625
2020-10-06,159.3300018310547,161.41000366210938,158.67999267578125,160.42999267578125,22419400,133.7232208251953
2020-10-07,159.55999755859375,160.4199981689453,158.86000061035156,159.25999450683594,9429200,132.74801635742188
2020-10-08,159.97000122070312,160.25,159.66000366210938,160.1199951171875,8431500,133.46490478515625
2020-10-09,159.52000427246094,160.27000427246094,158.80999755859375,160.08999633789062,8441500,133.4398651123047
2020-10-12,160.42999267578125,160.67999267578125,160.11000061035156,160.60000610351562,3962000,133.8649139404297
2020-10-13,161.2100067138672,161.8300018310547,161.17999267578125,161.75,7914300,134.823486328125
2020-10-14,162.3300018310547,162.75,161.97000122070312,162.1199951171875,6954800,135.13192749023438
2020-10-15,163.0399932861328,163.19000244140625,161.63999938964844,161.83999633789062,9458800,134.89846801757812
2020-10-16,161.66000366210938,162.32000732421875,161.10000610351562,161.38999938964844,8416300,134.5234375
2020-10-19,160.5,160.97999572753906,160.0500030517578,160.77999877929688,9286600,134.0150146484375
2020-10-20,159.86000061035156,160.00999450683594,158.9499969482422,159.25,11189000,132.73971557617188
2020-10-21,158.7899932861328,159.3699951171875,158.3699951171875,158.6999969482422,10453700,132.28123474121094
2020-10-22,158.2899932861328,158.6300048828125,156.97000122070312,157.0500030517578,12664900,130.90591430664062
2020-10-23,156.80999755859375,158.2100067138672,156.75,158.00999450683594,8783800,131.7061309814453
2020-10-26,159.2100067138672,160.02000427246094,159.00999450683594,159.47999572753906,7227300,132.93142700195312
2020-10-27,160.22999572753906,160.6999969482422,159.89999389648438,160.5500030517578,6062300,133.8232879638672
2020-10-28,161.3800048828125,161.4600067138672,160.1999969482422,160.6999969482422,11765800,133.9482879638672
2020-10-29,160.72999572753906,160.8300018310547,158.47000122070312,159.13999938964844,11932400,132.64801025390625
2020-10-30,159.02999877929688,159.35000610351562,157.57000732421875,157.57000732421875,13095400,131.33935546875
2020-11-02,158.6999969482422,159.19000244140625,158.3300018310547,158.5800018310547,10810500,132.32310485839844
2020-11-03,157.85000610351562,157.97999572753906,157.0399932861328,157.66000366210938,16228700,131.5554656982422
2020-11-04,161.63999938964844,162.1699981689453,160.5399932861328,161.0800018310547,21570800,134.40919494628906
2020-11-05,161.63999938964844,161.74000549316406,160.5800018310547,161.36000061035156,18537500,134.642822265625
2020-11-06,159.6199951171875,159.9199981689453,158.94000244140625,159.41000366210938,12408400,133.0157012939453
2020-11-09,155.97000122070312,156.14999389648438,154.6300048828125,156.05999755859375,23245000,130.22039794921875
2020-11-10,154.9600067138672,155.80999755859375,154.77999877929688,155.16000366210938,12561000,129.46942138671875
2020-11-11,155.02000427246094,155.94000244140625,154.97000122070312,155.72000122070312,5888200,129.93667602539062
2020-11-12,156.94000244140625,158.39999389648438,156.7100067138672,158.3699951171875,15999700,132.14791870117188
2020-11-13,158.36000061035156,158.5,157.91000366210938,158.16000366210938,7344600,131.97267150878906
2020-11-16,157.72999572753906,158.27999877929688,157.61000061035156,157.77999877929688,6310400,131.65553283691406
2020-11-17,158.77000427246094,159.16000366210938,158.58999633789062,158.80999755859375,7444600,132.51504516601562
2020-11-18,159.44000244140625,159.57000732421875,158.35000610351562,159.27000427246094,10333300,132.8988800048828
2020-11-19,159.97000122070312,160.72000122070312,159.83999633789062,160.08999633789062,10637200,133.58311462402344
2020-11-20,160.52999877929688,161.5399932861328,160.38999938964844,161.50999450683594,7246800,134.7680206298828
2020-11-23,160.82000732421875,160.99000549316406,160.27999877929688,160.77000427246094,11300000,134.15054321289062
2020-11-24,159.99000549316406,160.02000427246094,159.00999450683594,159.1699981689453,10891700,132.8154754638672
2020-11-25,159.25,159.91000366210938,158.6199951171875,158.67999267578125,9145800,132.4065704345703
2020-11-27,159.61000061035156,160.27000427246094,159.5800018310547,160.22000122070312,4708200,133.69155883789062
2020-11-30,160.02999877929688,160.52999877929688,159.75999450683594,160.02000427246094,13071600,133.52467346191406
2020-12-01,158.5500030517578,158.74000549316406,156.67999267578125,157.5,13662800,131.5559844970703
2020-12-02,156.8800048828125,156.92999267578125,155.47999572753906,156.25,12114300,130.5118408203125
2020-12-03,156.94000244140625,157.82000732421875,156.5800018310547,157.50999450683594,9626500,131.56431579589844
2020-12-04,155.69000244140625,155.7899932861328,154.77000427246094,155.1999969482422,12734500,129.63482666015625
2020-12-07,156.35000610351562,156.8800048828125,156.17999267578125,156.60000610351562,9316100,130.80419921875
2020-12-08,157.57000732421875,158.07000732421875,157.1999969482422,157.33999633789062,7397200,131.42230224609375
2020-12-09,156.5500030517578,157.32000732421875,156.00999450683594,156.82000732421875,7750100,130.9879913330078
2020-12-10,157.24000549316406,158.2899932861328,156.8300018310547,158.2100067138672,10025100,132.14906311035156
2020-12-11,158.64999389648438,159.38999938964844,158.32000732421875,158.77000427246094,8135900,132.61679077148438
2020-12-14,157.49000549316406,158.69000244140625,157.11000061035156,158.3300018310547,7535900,132.249267578125
2020-12-15,157.77999877929688,158.38999938964844,157.30999755859375,157.8000030517578,6847500,131.8065643310547
2020-12-16,156.5800018310547,157.88999938964844,156.38999938964844,157.3800048828125,9954200,131.4557342529297
2020-12-17,158.1300048828125,158.4600067138672,156.42999267578125,156.8000030517578,9422700,131.10791015625
2020-12-18,157.1199951171875,157.3800048828125,156.17999267578125,156.3300018310547,6505000,130.71487426757812
2020-12-21,157.1999969482422,157.33999633789062,156.4499969482422,156.9499969482422,8988200,131.2333526611328
2020-12-22,157.55999755859375,157.8300018310547,157.0800018310547,157.75999450683594,7370800,131.91062927246094
2020-12-23,156.6199951171875,156.69000244140625,155.4600067138672,156.6699981689453,9266600,130.99916076660156
2020-12-24,156.89999389648438,157.42999267578125,156.85000610351562,157.2899932861328,3117100,131.51763916015625
2020-12-28,156.3800048828125,157.4499969482422,156.10000610351562,157.36000061035156,7791100,131.57608032226562
2020-12-29,156.38999938964844,157.2899932861328,156.36000061035156,157.16000366210938,9030900,131.408935546875
2020-12-30,156.82000732421875,157.52999877929688,156.67999267578125,157.5,9097300,131.69320678710938
2020-12-31,157.4600067138672,158.0800018310547,157.4499969482422,157.72999572753906,7742100,131.885498046875
2021-01-04,156.6699981689453,158.17999267578125,156.5399932861328,157.5399932861328,13152900,131.72659301757812
2021-01-05,156.9499969482422,156.9499969482422,155.66000366210938,156.3699951171875,10458100,130.7484130859375
2021-01-06,153.82000732421875,153.85000610351562,152.2899932861328,153.16000366210938,22827300,128.0643310546875
2021-01-07,151.7899932861328,152.1699981689453,151.25999450683594,151.80999755859375,14651900,126.93546295166016
2021-01-08,151.47999572753906,151.9600067138672,150.66000366210938,151.32000732421875,13622500,126.52578735351562
2021-01-11,151,151.2100067138672,150.49000549316406,151.07000732421875,8370700,126.31676483154297
2021-01-12,150.7899932861328,151.16000366210938,149.92999267578125,150.9499969482422,12186300,126.21641540527344
2021-01-13,151.66000366210938,153.07000732421875,151.57000732421875,152.64999389648438,12533300,127.63782501220703
2021-01-14,152.5800018310547,152.63999938964844,150.7899932861328,151.22000122070312,14835500,126.44218444824219
2021-01-15,152.19000244140625,152.36000061035156,151.47000122070312,151.82000732421875,11624700,126.94376373291016
2021-01-19,151.6199951171875,152.36000061035156,151.50999450683594,152.30999755859375,9575600,127.35358428955078
2021-01-20,151.99000549316406,152.47999572753906,151.7899932861328,152.4600067138672,5368900,127.4790267944336
2021-01-21,151.44000244140625,151.75,151.10000610351562,151.38999938964844,8162700,126.58440399169922
2021-01-22,151.85000610351562,152.00999450683594,151.4199981689453,151.8800048828125,9507200,126.99406433105469
2021-01-25,152.75999450683594,153.69000244140625,152.63999938964844,153.6699981689453,8712600,128.4907684326172
2021-01-26,153.10000610351562,153.60000610351562,152.9199981689453,153.3800048828125,7690300,128.24830627441406
2021-01-27,154.07000732421875,154.5,153.52999877929688,153.77000427246094,7895200,128.5743408203125
2021-01-28,153.39999389648438,153.4600067138672,152.16000366210938,152.9199981689453,10667800,127.86361694335938
2021-01-29,151.4199981689453,152.49000549316406,151.3000030517578,152,14965900,127.0943374633789
2021-02-01,151.66000366210938,152.36000061035156,151.49000549316406,152,8165500,127.2416763305664
2021-02-02,150.74000549316406,151.08999633789062,150.52000427246094,151.02000427246094,9177500,126.42141723632812
2021-02-03,150.42999267578125,150.58999633789062,149.5800018310547,149.67999267578125,9633100,125.29960632324219
2021-02-04,149.16000366210938,149.49000549316406,148.8000030517578,149.27999877929688,8262600,124.96479034423828
2021-02-05,149.10000610351562,149.57000732421875,148.02000427246094,148.02999877929688,10258900,123.91837310791016
2021-02-08,148.3000030517578,149.25999450683594,148.0399932861328,148.67999267578125,11574800,124.46249389648438
2021-02-09,149.22000122070312,149.6699981689453,148.66000366210938,148.7899932861328,5218300,124.55459594726562
2021-02-10,149.27999877929688,149.77999877929688,149.13999938964844,149.77999877929688,8079800,125.38326263427734
2021-02-11,149.67999267578125,149.7899932861328,148.75,148.9600067138672,11962700,124.6969223022461
2021-02-12,147.6999969482422,148.0800018310547,147.02999877929688,147.11000061035156,14088400,123.14822387695312
2021-02-16,145.22000122070312,145.66000366210938,144.66000366210938,144.8699951171875,17789100,121.27308654785156
2021-02-17,145.9499969482422,146.3800048828125,144.97999572753906,145.7899932861328,11199100,122.04322814941406
2021-02-18,144.61000061035156,145.60000610351562,144.32000732421875,145.1999969482422,10755300,121.54930877685547
2021-02-19,144.05999755859375,144.32000732421875,142.85000610351562,143.27000427246094,12741700,119.93366241455078
2021-02-22,143.02999877929688,143.74000549316406,141.72000122070312,142.17999267578125,13203900,119.021240234375
2021-02-23,141.52000427246094,142.5,141.13999938964844,141.77000427246094,12658500,118.67800903320312
2021-02-24,139.35000610351562,141.17999267578125,139.16000366210938,140.83999633789062,17363100,117.89945983886719
2021-02-25,139.52000427246094,139.9199981689453,136.61000061035156,138.5399932861328,52621700,115.97412109375
2021-02-26,140.77000427246094,143.3000030517578,139.67999267578125,143.1199951171875,45423300,119.80814361572266
2021-03-01,140.66000366210938,141.41000366210938,140.08999633789062,141.05999755859375,22048000,118.22576141357422
2021-03-02,140.39999389648438,141.1300048828125,140.2899932861328,141.07000732421875,12482200,118.23416137695312
2021-03-03,139.3800048828125,140.14999389648438,138.75999450683594,139.5399932861328,19763700,116.95181274414062
2021-03-04,139.6300048828125,139.94000244140625,137.9600067138672,138.63999938964844,22366600,116.1974868774414
2021-03-05,138.1699981689453,139.33999633789062,137.99000549316406,138.91000366210938,20598000,116.42378234863281
2021-03-08,138.8300018310547,138.89999389648438,137.8300018310547,137.8300018310547,15236600,115.51859283447266
2021-03-09,139.27000427246094,139.82000732421875,138.97000122070312,139.74000549316406,14463400,117.11943817138672
2021-03-10,139.8000030517578,140.14999389648438,139.27999877929688,140.02000427246094,12387600,117.3541030883789
2021-03-11,139.1699981689453,139.3800048828125,138.4600067138672,139.00999450683594,14150700,116.50757598876953
2021-03-12,136.39999389648438,136.4600067138672,135.64999389648438,136.05999755859375,20402700,114.03514862060547
2021-03-15,136.49000549316406,137.08999633789062,136.41000366210938,136.86000061035156,11366500,114.7055892944336
2021-03-16,137.02000427246094,137.1199951171875,135.75,136.30999755859375,15567900,114.24467468261719
2021-03-17,135.14999389648438,135.52999877929688,134.14999389648438,135.2899932861328,27107500,113.3897476196289
2021-03-18,133.30999755859375,134.47000122070312,133.19000244140625,133.9199981689453,21615100,112.24153137207031
2021-03-19,134.0800018310547,134.8300018310547,133.8000030517578,134.75,18685000,112.93720245361328
2021-03-22,135.69000244140625,136.41000366210938,135.3699951171875,136.25999450683594,17047500,114.20276641845703
2021-03-23,136.58999633789062,137.5399932861328,136.14999389648438,137.49000549316406,16768400,115.23365783691406
2021-03-24,137.05999755859375,138.27999877929688,136.9499969482422,138.22999572753906,13863000,115.85388946533203
2021-03-25,138.38999938964844,138.66000366210938,137.08999633789062,137.13999938964844,20782000,114.94029998779297
2021-03-26,136.4199981689453,137.24000549316406,136.22000122070312,136.66000366210938,8433300,114.53801727294922
2021-03-29,136.8300018310547,136.85000610351562,134.97000122070312,135.5,13968100,113.5657730102539
2021-03-30,135.3000030517578,136.50999450683594,135.00999450683594,136.2100067138672,15020800,114.16082000732422
2021-03-31,136.33999633789062,136.58999633789062,134.97999572753906,135.4499969482422,19271300,113.52384948730469
2021-04-01,136.5500030517578,137.6199951171875,136.3000030517578,137.50999450683594,14885900,115.40805053710938
2021-04-05,136.5500030517578,136.97000122070312,135.94000244140625,136.91000366210938,8243000,114.90449523925781
2021-04-06,137.16000366210938,137.97999572753906,137.00999450683594,137.83999633789062,9282400,115.68501281738281
2021-04-07,137.4499969482422,138.10000610351562,136.8800048828125,136.8800048828125,11052700,114.87928771972656
2021-04-08,137.38999938964844,138.07000732421875,137.36000061035156,138.00999450683594,7847900,115.82766723632812
2021-04-09,137.5,138.19000244140625,137.08999633789062,137.50999450683594,8717800,115.40805053710938
2021-04-12,137.4600067138672,137.52999877929688,137.10000610351562,137.4499969482422,7659000,115.3576431274414
2021-04-13,137.3000030517578,138.50999450683594,137.1999969482422,138.47999572753906,13232800,116.22209167480469
2021-04-14,138.02999877929688,138.24000549316406,137.57000732421875,138.0399932861328,7293200,115.85285186767578
2021-04-15,139.49000549316406,140.97999572753906,139.4600067138672,140.35000610351562,23896700,117.7916030883789
2021-04-16,139.10000610351562,139.72999572753906,138.92999267578125,139.25999450683594,15238400,116.87676239013672
2021-04-19,138.74000549316406,139.30999755859375,138.5500030517578,138.86000061035156,13886800,116.5410385131836
2021-04-20,138.4499969482422,139.75999450683594,138.42999267578125,139.5,11476500,117.07815551757812
2021-04-21,139.5399932861328,139.91000366210938,139.07000732421875,139.77999877929688,11902200,117.31319427490234
2021-04-22,140,140.38999938964844,139.1999969482422,140.38999938964844,14156400,117.82511901855469
2021-04-23,140.3800048828125,140.47000122070312,139.49000549316406,140.05999755859375,12302200,117.5481948852539
2021-04-26,140.14999389648438,140.50999450683594,139.85000610351562,139.86000061035156,9103500,117.38027954101562
2021-04-27,139.58999633789062,139.82000732421875,138.52999877929688,138.63999938964844,14137300,116.35640716552734
2021-04-28,138.64999389648438,138.88999938964844,137.9600067138672,138.72999572753906,15263700,116.43196105957031
2021-04-29,137.4499969482422,138.36000061035156,137.1300048828125,138.32000732421875,17178200,116.08786010742188
2021-04-30,138.50999450683594,138.72999572753906,137.97999572753906,138.63999938964844,15692000,116.35640716552734
2021-05-03,138.6999969482422,139.64999389648438,138.27999877929688,138.52000427246094,16447700,116.42616271972656
2021-05-04,139.49000549316406,140.16000366210938,139.16000366210938,139.4600067138672,18639700,117.21624755859375
2021-05-05,139.02999877929688,139.85000610351562,138.9199981689453,139.69000244140625,11127900,117.4095458984375
2021-05-06,139.25,140.19000244140625,139.1999969482422,139.9199981689453,21907600,117.60289001464844
2021-05-07,140.10000610351562,140.60000610351562,138.91000366210938,139.22999572753906,18346900,117.0229263305664
2021-05-10,138.9499969482422,139.25,137.69000244140625,137.82000732421875,15146200,115.8377914428711
2021-05-11,137.22999572753906,137.47999572753906,136.77000427246094,137.0399932861328,15158600,115.18225860595703
2021-05-12,136.6699981689453,136.8000030517578,135.36000061035156,135.60000610351562,20859400,113.97190856933594
2021-05-13,135.92999267578125,136.3699951171875,135.6300048828125,135.80999755859375,13073900,114.14839935302734
2021-05-14,136.52999877929688,137.0800018310547,136.22000122070312,137.0800018310547,17566700,115.21586608886719
2021-05-17,136.8300018310547,137.1699981689453,136.57000732421875,136.7899932861328,6113800,114.97215270996094
2021-05-18,136.39999389648438,136.57000732421875,136.07000732421875,136.44000244140625,11423100,114.67794036865234
2021-05-19,136.5399932861328,137.3000030517578,135.6199951171875,136.11000061035156,14296000,114.40056610107422
2021-05-20,136.75999450683594,137.49000549316406,136.6699981689453,137.22999572753906,13310500,115.34188842773438
2021-05-21,137.66000366210938,137.6999969482422,137.05999755859375,137.6699981689453,10171600,115.71176147460938
2021-05-24,137.99000549316406,138.5800018310547,137.88999938964844,138.17999267578125,6868700,116.1404037475586
2021-05-25,138.6300048828125,139.5,138.6199951171875,139.4600067138672,12346900,117.21624755859375
2021-05-26,139.58999633789062,139.91000366210938,138.8800048828125,139.22000122070312,9793700,117.01454162597656
2021-05-27,138.5,138.69000244140625,137.99000549316406,138.66000366210938,10695200,116.5438003540039
2021-05-28,138.5800018310547,139.3000030517578,138.33999633789062,138.44000244140625,10258000,116.35891723632812
2021-06-01,137.82000732421875,138.25999450683594,137.25,138.2100067138672,11778500,116.33282470703125
2021-06-02,138.5500030517578,138.7899932861328,138.32000732421875,138.52999877929688,7347900,116.60223388671875
2021-06-03,138.50999450683594,138.50999450683594,137.85000610351562,138.00999450683594,10994000,116.16449737548828
2021-06-04,138.52000427246094,139.89999389648438,138.52000427246094,139.89999389648438,15773700,117.7553482055664
2021-06-07,139.58999633789062,139.7100067138672,139.32000732421875,139.47000122070312,7799800,117.39337158203125
2021-06-08,140.66000366210938,140.66000366210938,140.2100067138672,140.4499969482422,11230900,118.2182388305664
2021-06-09,141.75999450683594,142.14999389648438,141.25,141.69000244140625,12768300,119.26200866699219
2021-06-10,140.8300018310547,142.55999755859375,140.67999267578125,142.5399932861328,19698300,119.9773941040039
2021-06-11,142.30999755859375,142.39999389648438,141.83999633789062,142.30999755859375,8646700,119.78386688232422
2021-06-14,142.10000610351562,142.10000610351562,141.00999450683594,141.22000122070312,9401300,118.86640930175781
2021-06-15,140.8000030517578,141.08999633789062,140.47999572753906,141.0500030517578,18207300,118.7232894897461
2021-06-16,141.39999389648438,141.6699981689453,140.2100067138672,140.92999267578125,19676300,118.62232208251953
2021-06-17,141.86000061035156,144.92999267578125,141.63999938964844,143.0399932861328,35225800,120.3983154296875
2021-06-18,144.27999877929688,146.0399932861328,144.1199951171875,145.72999572753906,26616900,122.6624755859375
2021-06-21,144.38999938964844,144.49000549316406,143.02000427246094,143.2899932861328,16485000,120.60871887207031
2021-06-22,142.1699981689453,143.67999267578125,142.1199951171875,143.63999938964844,14530200,120.90331268310547
2021-06-23,143.11000061035156,143.5,142.7100067138672,143.27000427246094,12040900,120.59185791015625
2021-06-24,143.4199981689453,143.89999389648438,143.3300018310547,143.5,8788400,120.78546905517578
2021-06-25,143.25999450683594,143.39999389648438,141.3699951171875,142.00999450683594,15562200,119.5313491821289
2021-06-28,142.72000122070312,143.8000030517578,142.6999969482422,143.47000122070312,11460700,120.76020050048828
2021-06-29,143.10000610351562,143.72000122070312,143.0399932861328,143.7100067138672,11217900,120.9622573852539
2021-06-30,144.25,144.92999267578125,144.07000732421875,144.35000610351562,15708900,121.50094604492188
2021-07-01,143.97999572753906,144.30999755859375,143.52999877929688,144.1699981689453,10810000,121.50765991210938
2021-07-02,144.22999572753906,145.0399932861328,144.11000061035156,145.0399932861328,9650200,122.24092864990234
2021-07-06,145.72000122070312,146.99000549316406,145.72000122070312,146.74000549316406,20037200,123.67365264892578
2021-07-07,147.57000732421875,148.55999755859375,147.22000122070312,148.0399932861328,20964400,124.76936340332031
2021-07-08,148.8800048828125,149.44000244140625,148.1699981689453,148.6199951171875,17487800,125.25818634033203
2021-07-09,146.8699951171875,146.99000549316406,146.49000549316406,146.52999877929688,14483600,123.49673461914062
2021-07-12,147.08999633789062,147.22999572753906,146.1699981689453,146.33999633789062,10610400,123.33660125732422
2021-07-13,146.82000732421875,147.4600067138672,144.63999938964844,145.22000122070312,23340200,122.39263916015625
2021-07-14,146.00999450683594,146.9199981689453,145.80999755859375,146.8699951171875,16038600,123.78324127197266
2021-07-15,147.9499969482422,148.60000610351562,147.02999877929688,148.49000549316406,18462400,125.14862060546875
2021-07-16,147.33999633789062,148.33999633789062,147.32000732421875,148.2100067138672,12787900,124.91262817382812
2021-07-19,150.9499969482422,151.9499969482422,150.6199951171875,151.4600067138672,40203900,127.6517333984375
2021-07-20,152.52999877929688,152.7100067138672,149.75999450683594,150,25674800,126.42122650146484
2021-07-21,148.17999267578125,148.5,146.6699981689453,148.10000610351562,19988900,124.81990814208984
2021-07-22,148.11000061035156,149.80999755859375,148.05999755859375,149.5,18136900,125.99987030029297
2021-07-23,147.94000244140625,148.66000366210938,147.88999938964844,148.5,12639300,125.1570816040039
2021-07-26,149,149.05999755859375,147.8800048828125,148.05999755859375,10737700,124.7862319946289
2021-07-27,149.3300018310547,149.69000244140625,148.99000549316406,149.63999938964844,13036500,126.11785125732422
2021-07-28,148.6699981689453,149.6699981689453,148.27000427246094,149.64999389648438,14346700,126.12629699707031
2021-07-29,148.77999877929688,149.22000122070312,148.52999877929688,148.82000732421875,11532000,125.42674255371094
2021-07-30,149.1300048828125,149.72000122070312,149.05999755859375,149.52000427246094,14342100,126.01673126220703
2021-08-02,149.4499969482422,151.22999572753906,149.17999267578125,150.6699981689453,21232700,127.14068603515625
2021-08-03,150.75,151.22999572753906,150.38999938964844,150.75,13361900,127.20823669433594
2021-08-04,151.5,151.82000732421875,149.72000122070312,151.05999755859375,18267900,127.46978759765625
2021-08-05,150.75999450683594,150.9199981689453,150,150.2899932861328,15345400,126.8200454711914
2021-08-06,148.32000732421875,148.75999450683594,147.69000244140625,147.77999877929688,21144300,124.7020034790039
2021-08-09,148.14999389648438,148.55999755859375,147.22999572753906,147.25,12942400,124.2547836303711
2021-08-10,147.49000549316406,147.57000732421875,146.55999755859375,146.57000732421875,13716900,123.68101501464844
2021-08-11,146.41000366210938,147.22999572753906,145.7100067138672,146.47999572753906,17227600,123.60502624511719
2021-08-12,146.08999633789062,146.44000244140625,145.42999267578125,146.24000549316406,14709400,123.40251159667969
2021-08-13,146.8300018310547,148.55999755859375,146.80999755859375,148.5500030517578,18653800,125.35174560546875
2021-08-16,149.19000244140625,150.02000427246094,148.80999755859375,148.91000366210938,19170900,125.65552520751953
2021-08-17,148.8800048828125,149.47000122070312,148.6699981689453,148.85000610351562,14126900,125.60498809814453
2021-08-18,148.7100067138672,149.47000122070312,148.4499969482422,149.35000610351562,13144000,126.02686309814453
2021-08-19,150.30999755859375,150.4600067138672,149.80999755859375,150.4499969482422,15474300,126.95504760742188
2021-08-20,150.58999633789062,150.80999755859375,150.11000061035156,150.5500030517578,12388400,127.03948974609375
2021-08-23,150.1999969482422,150.5,149.9199981689453,150.4499969482422,10615000,126.95504760742188
2021-08-24,149.75999450683594,150.07000732421875,149.27999877929688,149.27999877929688,13835900,125.9677505493164
2021-08-25,149.2100067138672,149.3699951171875,147.5800018310547,148.0399932861328,16743800,124.92139434814453
2021-08-26,147.97000122070312,148.57000732421875,147.50999450683594,148.4499969482422,16657400,125.26738739013672
2021-08-27,148.57000732421875,149.49000549316406,148.3300018310547,149.4600067138672,15384700,126.11970520019531
2021-08-30,148.99000549316406,149.89999389648438,148.92999267578125,149.85000610351562,10596300,126.44877624511719
2021-08-31,149.6699981689453,150.08999633789062,148.5,148.8300018310547,15262400,125.5880355834961
2021-09-01,149.27000427246094,149.38999938964844,148.49000549316406,148.88999938964844,10807100,125.79847717285156
2021-09-02,149.24000549316406,149.5500030517578,148.75,149.5399932861328,9765900,126.34758758544922
2021-09-03,148.27000427246094,148.50999450683594,147.94000244140625,148.17999267578125,12928000,125.19853210449219
2021-09-07,147.25999450683594,147.52000427246094,146.66000366210938,146.92999267578125,15547800,124.1424331665039
2021-09-08,147.66000366210938,148.19000244140625,147.38999938964844,147.92999267578125,14533700,124.9873275756836
2021-09-09,148.1699981689453,149.88999938964844,147.85000610351562,149.72000122070312,20324600,126.49969482421875
2021-09-10,148.89999389648438,149.1699981689453,148.16000366210938,148.39999389648438,14894600,125.38439178466797
2021-09-13,149.0399932861328,149.49000549316406,148.9499969482422,149.3000030517578,15036100,126.14482879638672
2021-09-14,149.72999572753906,151.57000732421875,149.5800018310547,151.11000061035156,19918400,127.67414093017578
2021-09-15,151.2100067138672,151.25,149.92999267578125,150.5800018310547,11940300,127.22631072998047
2021-09-16,149.6699981689453,150.4499969482422,149.5,149.88999938964844,13328900,126.64334869384766
2021-09-17,149.17999267578125,149.36000061035156,148.6999969482422,149.1699981689453,13782900,126.0350341796875
2021-09-20,150.57000732421875,151.3699951171875,150.22999572753906,151.02000427246094,14660400,127.59810638427734
2021-09-21,150.7100067138672,150.9600067138672,150.1999969482422,150.88999938964844,10035800,127.48823547363281
2021-09-22,150.7899932861328,151.7899932861328,150.44000244140625,151.7899932861328,22277800,128.24864196777344
2021-09-23,150.4199981689453,150.4499969482422,148.33999633789062,148.36000061035156,23853300,125.35061645507812
2021-09-24,147.83999633789062,147.85000610351562,146.74000549316406,146.91000366210938,20203900,124.12552642822266
2021-09-27,146.05999755859375,146.8699951171875,145.8800048828125,146.3699951171875,13464300,123.6692886352539
2021-09-28,144.3300018310547,145.07000732421875,143.63999938964844,144.08999633789062,26613500,121.74287414550781
2021-09-29,144.8000030517578,145.42999267578125,143.69000244140625,144.33999633789062,23569400,121.95404815673828
2021-09-30,144.10000610351562,144.50999450683594,143.64999389648438,144.32000732421875,22567600,121.93719482421875
2021-10-01,144.85000610351562,145.39999389648438,144.1999969482422,145.35000610351562,26151800,122.96341705322266
2021-10-04,144.6699981689453,145.4600067138672,144.10000610351562,144.97999572753906,28027600,122.65033721923828
2021-10-05,144.60000610351562,144.6999969482422,143.4600067138672,143.5800018310547,22659200,121.4659423828125
2021-10-06,144.22999572753906,144.72000122070312,144.02999877929688,144.38999938964844,18696500,122.15130615234375
2021-10-07,143.19000244140625,143.33999633789062,142.58999633789062,142.8800048828125,14856000,120.8738021850586
2021-10-08,142.25999450683594,142.35000610351562,141.52999877929688,141.8800048828125,17257800,120.02783966064453
2021-10-11,141.60000610351562,141.89999389648438,141.4499969482422,141.52000427246094,7213400,119.72325897216797
2021-10-12,142.6300048828125,144.00999450683594,142.47999572753906,143.94000244140625,17968700,121.77051544189453
2021-10-13,144.61000061035156,145.52999877929688,144.5800018310547,145.33999633789062,23584600,122.95491790771484
2021-10-14,145.3699951171875,145.9600067138672,144.9499969482422,145.8800048828125,12946400,123.41173553466797
2021-10-15,145,145.13999938964844,144.47000122070312,145.02999877929688,11811500,122.69263458251953
2021-10-18,145,146,144.52000427246094,145.7100067138672,12115900,123.26793670654297
2021-10-19,144.66000366210938,144.72999572753906,143.64999389648438,143.6999969482422,12156300,121.56747436523438
2021-10-20,143.25,143.67999267578125,142.50999450683594,142.72999572753906,12782500,120.74688720703125
2021-10-21,143,143.14999389648438,142.22999572753906,142.55999755859375,13660000,120.60308074951172
2021-10-22,143.4499969482422,144.39999389648438,143.2100067138672,144.1300048828125,13740000,121.93126678466797
2021-10-25,143.6699981689453,144.3000030517578,143.6300048828125,143.91000366210938,8137900,121.74516296386719
2021-10-26,144.6199951171875,145.10000610351562,143.74000549316406,145.10000610351562,13671000,122.75188446044922
2021-10-27,146.39999389648438,148.17999267578125,145.92999267578125,147.74000549316406,22092300,124.98524475097656
2021-10-28,147.7899932861328,148.3300018310547,146.83999633789062,147.24000549316406,17497600,124.562255859375
2021-10-29,146.47000122070312,148,146.32000732421875,147.69000244140625,19087300,124.94297790527344
2021-11-01,145.8000030517578,146.75999450683594,145.6999969482422,146.44000244140625,18035500,124.04334259033203
2021-11-02,146.5,147.57000732421875,146.5,147.08999633789062,9836700,124.5940170288086
2021-11-03,147.82000732421875,147.97999572753906,145.52999877929688,145.57000732421875,20639400,123.3064193725586
2021-11-04,145.8699951171875,147.36000061035156,145.85000610351562,147.10000610351562,15922400,124.6024398803711
2021-11-05,148.52000427246094,149.5800018310547,148.1300048828125,149.3000030517578,21513000,126.46593475341797
2021-11-08,148.9600067138672,149.27999877929688,148.50999450683594,149.02000427246094,12083800,126.22882080078125
2021-11-09,150.8000030517578,151.77000427246094,150.63999938964844,150.9600067138672,23430200,127.87200927734375
2021-11-10,150.8300018310547,150.92999267578125,147.02999877929688,148.1999969482422,28170600,125.53421783447266
2021-11-11,148.50999450683594,148.66000366210938,147.88999938964844,147.97999572753906,5552500,125.34786224365234
2021-11-12,148,148.50999450683594,146.75999450683594,147.3300018310547,12712000,124.79730987548828
2021-11-15,146.88999938964844,146.9600067138672,145.22000122070312,145.47999572753906,15232700,123.23014831542969
2021-11-16,145.69000244140625,146.3800048828125,144.85000610351562,145.11000061035156,12998700,122.91678619384766
2021-11-17,144.57000732421875,146.2899932861328,144.4600067138672,146.25999450683594,14239900,123.89093017578125
2021-11-18,145.99000549316406,146.89999389648438,145.9499969482422,146.80999755859375,11054600,124.3568115234375
2021-11-19,147.5800018310547,148.60000610351562,147.5800018310547,148.36000061035156,14022100,125.66970825195312
2021-11-22,147.39999389648438,147.63999938964844,146.1300048828125,146.6199951171875,15266000,124.19586944580078
2021-11-23,145.92999267578125,146.11000061035156,144.5,144.5,15318500,122.40011596679688
2021-11-24,144.94000244140625,146.82000732421875,144.7899932861328,146.82000732421875,13769700,124.36524200439453
2021-11-26,148.8300018310547,150.67999267578125,148.6699981689453,150.52999877929688,20064800,127.50784301757812
2021-11-29,148.30999755859375,149.63999938964844,148.1699981689453,149.32000732421875,23234200,126.48294067382812
2021-11-30,150.8300018310547,152.07000732421875,150.25,151.58999633789062,31481100,128.40573120117188
2021-12-01,150.49000549316406,152.41000366210938,149.7899932861328,152.33999633789062,30826500,129.19776916503906
2021-12-02,152.92999267578125,152.99000549316406,150.75999450683594,152.52999877929688,17754200,129.3590087890625
2021-12-03,151.67999267578125,155.1199951171875,151.35000610351562,154.35000610351562,34427100,130.9025115966797
2021-12-06,154.0500030517578,154.35000610351562,151.92999267578125,152.22999572753906,30924200,129.1046142578125
2021-12-07,151.72000122070312,152.52999877929688,150.86000061035156,151,22115900,128.06137084960938
2021-12-08,150.47000122070312,150.47999572753906,148.36000061035156,148.38999938964844,33633900,125.84796142578125
2021-12-09,149.33999633789062,149.83999633789062,148.47999572753906,149.22000122070312,17544900,126.55186462402344
2021-12-10,149.9199981689453,150.24000549316406,148.80999755859375,148.86000061035156,14298700,126.24644470214844
2021-12-13,150.38999938964844,151.30999755859375,150.30999755859375,151.05999755859375,17860500,128.11231994628906
2021-12-14,150.3699951171875,150.92999267578125,149.30999755859375,150.6999969482422,14015500,127.8069839477539
2021-12-15,149.61000061035156,150.7899932861328,149.1300048828125,149.25,25383900,126.57725524902344
2021-12-16,148.75,149.8800048828125,148.72999572753906,149.13999938964844,18677900,126.62653350830078
2021-12-17,150.33999633789062,150.97999572753906,150.16000366210938,150.8300018310547,18093500,128.06137084960938
2021-12-20,150.75,151.02000427246094,149.60000610351562,149.6999969482422,17147300,127.10195922851562
2021-12-21,148.13999938964844,149.1999969482422,147.6199951171875,149.1300048828125,16598200,126.6180648803711
2021-12-22,149.72999572753906,149.86000061035156,149.02000427246094,149.82000732421875,12253900,127.20388793945312
2021-12-23,149.58999633789062,149.60000610351562,148.02999877929688,148.52000427246094,11642500,126.10015106201172
2021-12-27,148.4600067138672,149.00999450683594,148.32000732421875,148.8800048828125,7821800,126.40573120117188
2021-12-28,149.60000610351562,149.77999877929688,148.00999450683594,148.2899932861328,9174600,125.90479278564453
2021-12-29,146.91000366210938,147.30999755859375,146.41000366210938,146.6699981689453,11771200,124.52933502197266
2021-12-30,147.25,147.97000122070312,146.4499969482422,147.89999389648438,10355000,125.57369232177734
2021-12-31,147.80999755859375,149.02999877929688,147.42999267578125,148.19000244140625,13402300,125.81989288330078
2022-01-03,146.41000366210938,146.94000244140625,144.27999877929688,144.3000030517578,33860400,122.51712036132812
2022-01-04,143.61000061035156,144.1300048828125,142.74000549316406,143.6999969482422,21996400,122.00767517089844
2022-01-05,144.13999938964844,144.16000366210938,142.7100067138672,142.9199981689453,20911700,121.34545135498047
2022-01-06,142.58999633789062,143.44000244140625,142.2899932861328,143.2899932861328,18996400,121.65956115722656
2022-01-07,143.1300048828125,143.24000549316406,141.55999755859375,142.25999450683594,18756800,120.78509521484375
2022-01-10,141.64999389648438,142.80999755859375,141.36000061035156,142.61000061035156,13775800,121.08224487304688
2022-01-11,142.8800048828125,143.6300048828125,142.6999969482422,143.55999755859375,24388700,121.88884735107422
2022-01-12,143.89999389648438,144.00999450683594,143,143.00999450683594,14440600,121.4218521118164
2022-01-13,143.38999938964844,144.4199981689453,143.02999877929688,144.27999877929688,15166000,122.5001449584961
2022-01-14,143.4199981689453,143.4600067138672,141.7899932861328,142.10000610351562,22997500,120.64924621582031
2022-01-18,140.9600067138672,141.30999755859375,140.02000427246094,140.10000610351562,21171700,118.95118713378906
2022-01-19,140.52999877929688,141.7100067138672,140.30999755859375,141.07000732421875,17930500,119.77470397949219
2022-01-20,141.3699951171875,141.99000549316406,141.08999633789062,141.94000244140625,13959000,120.51339721679688
2022-01-21,143.39999389648438,144.10000610351562,142.6699981689453,143.6300048828125,28916600,121.94828796386719
2022-01-24,144.3000030517578,144.3699951171875,142.42999267578125,142.4499969482422,25001600,120.9464111328125
2022-01-25,143.11000061035156,143.7100067138672,141.8000030517578,142.22000122070312,15599000,120.7510986328125
2022-01-26,142.25999450683594,142.57000732421875,140.49000549316406,140.5,23655500,119.29072570800781
2022-01-27,142.41000366210938,143.3699951171875,142.3300018310547,143.0800018310547,21501800,121.48123931884766
2022-01-28,142.08999633789062,143.4600067138672,141.85000610351562,143.1300048828125,12826500,121.52374267578125
2022-01-31,142.17999267578125,142.9499969482422,141.9600067138672,142.38999938964844,13998400,120.89547729492188
2022-02-01,142.27999877929688,142.36000061035156,141.05999755859375,141.72000122070312,20806100,120.49417114257812
2022-02-02,141.9499969482422,143.57000732421875,141.92999267578125,142.1999969482422,18404600,120.90225982666016
2022-02-03,140.44000244140625,141.47999572753906,140.17999267578125,141.08999633789062,17234100,119.95848846435547
2022-02-04,139.85000610351562,140.13999938964844,138.77999877929688,139.00999450683594,23609800,118.1900405883789
2022-02-07,138.91000366210938,139.30999755859375,138.5500030517578,139.10000610351562,12962400,118.26658630371094
2022-02-08,138.2100067138672,138.5800018310547,137.82000732421875,138.1699981689453,16269200,117.47584533691406
2022-02-09,138.72000122070312,139.3699951171875,138.19000244140625,138.42999267578125,14349100,117.69690704345703
2022-02-10,137.66000366210938,137.8300018310547,135.83999633789062,136.22999572753906,30896200,115.82643127441406
2022-02-11,136.8699951171875,138.50999450683594,135.36000061035156,138.25,43210300,117.54387664794922
2022-02-14,137.1300048828125,137.74000549316406,135.97000122070312,136.52999877929688,23157400,116.08147430419922
2022-02-15,135.60000610351562,135.83999633789062,134.94000244140625,134.97999572753906,18198500,114.76362609863281
2022-02-16,135.9499969482422,136.07000732421875,134.50999450683594,135.77999877929688,16473700,115.44377136230469
2022-02-17,136.4499969482422,137.57000732421875,135.89999389648438,136.7899932861328,24508200,116.30253601074219
2022-02-18,137.52000427246094,138.3699951171875,137.16000366210938,138.22999572753906,17522600,117.52684783935547
2022-02-22,137.69000244140625,138.6699981689453,137.47000122070312,138.58999633789062,19534000,117.83293151855469
2022-02-23,137.67999267578125,137.85000610351562,136.57000732421875,136.67999267578125,17757800,116.2090072631836
2022-02-24,139.10000610351562,139.3699951171875,136.25,136.77000427246094,28150400,116.28559112548828
2022-02-25,136.86000061035156,137.30999755859375,136.17999267578125,136.8699951171875,15025400,116.37055969238281
2022-02-28,138.42999267578125,140.0399932861328,138.32000732421875,139.8699951171875,25817700,118.92124938964844
2022-03-01,140.36000061035156,142.3300018310547,140,141.3000030517578,35664400,120.296142578125
2022-03-02,139.83999633789062,140.4199981689453,136.41000366210938,136.47000122070312,30397400,116.18413543701172
2022-03-03,137.49000549316406,138.6999969482422,137.02000427246094,137.86000061035156,20649100,117.36750793457031
2022-03-04,140.36000061035156,140.82000732421875,139.30999755859375,140.24000549316406,25853100,119.39373016357422
2022-03-07,139.1199951171875,140.63999938964844,138.77000427246094,139.1699981689453,23710900,118.4827880859375
2022-03-08,137.50999450683594,138.25,137.25,137.77000427246094,28331300,117.2909164428711
2022-03-09,137.07000732421875,137.33999633789062,136.1300048828125,136.4199981689453,18819200,116.14156341552734
2022-03-10,134.8300018310547,135.1699981689453,133.72000122070312,134.4600067138672,26868900,114.47290802001953
2022-03-11,134.3300018310547,135.4499969482422,134.2100067138672,134.91000366210938,15583800,114.85604858398438
2022-03-14,132.6999969482422,132.88999938964844,131.72000122070312,131.75999450683594,24385000,112.17427825927734
2022-03-15,132.86000061035156,133.14999389648438,131.19000244140625,131.52999877929688,17518800,111.97843170166016
2022-03-16,131.8300018310547,133.1300048828125,130.32000732421875,132.82000732421875,25857700,113.07669067382812
2022-03-17,132.82000732421875,133.33999633789062,131.07000732421875,131.8300018310547,19330600,112.23387145996094
2022-03-18,132.57000732421875,133.5399932861328,132.57000732421875,133.44000244140625,55891700,113.60453033447266
2022-03-21,131.27999877929688,131.6699981689453,129.75,130.35000610351562,26122000,110.97384643554688
2022-03-22,128.9600067138672,129.33999633789062,128.33999633789062,128.67999267578125,21830900,109.55205535888672
2022-03-23,129.3699951171875,131.60000610351562,128.86000061035156,131.5,21266100,111.95288848876953
2022-03-24,129.64999389648438,131.17999267578125,129.60000610351562,130.47000122070312,17141600,111.07601165771484
2022-03-25,129.5,129.52000427246094,127.6500015258789,128.66000366210938,25684500,109.53508758544922
2022-03-28,129.38999938964844,130.55999755859375,129.0399932861328,129.75999450683594,17657800,110.47156524658203
2022-03-29,130.55999755859375,131.5500030517578,129.74000549316406,130.74000549316406,19319700,111.30589294433594
2022-03-30,130.07000732421875,132.00999450683594,129.99000549316406,131.75999450683594,16310200,112.17427825927734
2022-03-31,131.97999572753906,132.6699981689453,131.66000366210938,132.0800018310547,19901000,112.4466781616211
2022-04-01,130.00999450683594,132.9600067138672,129.7100067138672,132.3800048828125,23489700,112.87472534179688
2022-04-04,131.92999267578125,131.97999572753906,130.7100067138672,131.4600067138672,13609900,112.09033203125
2022-04-05,130.75999450683594,130.77999877929688,128.2899932861328,128.49000549316406,25196900,109.55789947509766
2022-04-06,126.43000030517578,128.3000030517578,126.4000015258789,127.44999694824219,22952000,108.67112731933594
2022-04-07,126.11000061035156,126.66999816894531,125.41000366210938,126.48999786376953,23458800,107.85257720947266
2022-04-08,125.44999694824219,125.83000183105469,124.26000213623047,125.12000274658203,26859200,106.6844482421875
2022-04-11,123.91999816894531,124.19000244140625,122.55999755859375,123.13999938964844,30020700,104.99616241455078
2022-04-12,124.05000305175781,124.16000366210938,122.66999816894531,122.97000122070312,23124200,104.8511962890625
2022-04-13,123.05000305175781,124.30000305175781,122.88999938964844,123.22000122070312,17189500,105.06439971923828
2022-04-14,122.86000061035156,122.93000030517578,120.37999725341797,120.75,34274500,102.95832824707031
2022-04-18,120.87000274658203,121.08000183105469,119.69000244140625,120.1500015258789,18784300,102.44670867919922
2022-04-19,119.1500015258789,119.72000122070312,118.66999816894531,119.25,26012300,101.67932891845703
2022-04-20,120.22000122070312,121.97000122070312,119.91999816894531,121.6500015258789,31423200,103.72570037841797
2022-04-21,120.83000183105469,120.91000366210938,119.16999816894531,120.75,23323200,102.95832824707031
2022-04-22,120.06999969482422,121.44000244140625,119.80999755859375,119.98999786376953,19773400,102.31029510498047
2022-04-25,121.37999725341797,122.19000244140625,121.12999725341797,121.19000244140625,25418900,103.33349609375
2022-04-26,122.44000244140625,123.02999877929688,121.76000213623047,122.41000366210938,26931300,104.37374877929688
2022-04-27,122.19000244140625,122.31999969482422,120.7699966430664,120.83999633789062,14560500,103.03504180908203
2022-04-28,120.38999938964844,121.06999969482422,120.01000213623047,121.0199966430664,16892500,103.18853759765625
2022-04-29,119.30999755859375,120.97000122070312,119.11000061035156,119.44999694824219,26153400,101.8498764038086
2022-05-02,117.86000061035156,118.2699966430664,116.93000030517578,117.18000030517578,29233900,100.08439636230469
2022-05-03,119.04000091552734,119.30999755859375,117.88999938964844,117.97000122070312,21256700,100.75914764404297
2022-05-04,117.97000122070312,118.97000122070312,117.3499984741211,118.62000274658203,25575700,101.3143539428711
2022-05-05,116.3499984741211,116.47000122070312,114.0199966430664,115.37000274658203,48384500,98.538482666015625
2022-05-06,114.13999938964844,115.04000091552734,113.30999755859375,113.66999816894531,32790500,97.08649444580078
2022-05-09,112.86000061035156,114.70999908447266,112.62000274658203,114.66999816894531,26773000,97.94061279296875
2022-05-10,115.88999938964844,116.95999908447266,115.4800033569336,115.70999908447266,33640800,98.82889556884766
2022-05-11,114.73999786376953,117.94000244140625,114.44000244140625,117.94000244140625,34173600,100.73356628417969
2022-05-12,118.0199966430664,118.88999938964844,117.66000366210938,117.72000122070312,26405700,100.5456314086914
2022-05-13,116.9800033569336,117.1500015258789,115.9000015258789,115.9800033569336,20782700,99.059478759765625
2022-05-16,116.20999908447266,116.94000244140625,115.8499984741211,115.86000061035156,11050600,98.95701599121094
2022-05-17,114.70999908447266,115.3499984741211,114.36000061035156,114.45999908447266,15040800,97.76124572753906
2022-05-18,114.72000122070312,117,114.61000061035156,116.9000015258789,21337300,99.84529113769531
2022-05-19,118.63999938964844,118.72000122070312,116.8499984741211,117.18000030517578,21937500,100.08439636230469
2022-05-20,117.08999633789062,119.0199966430664,117.05999755859375,118.51000213623047,22780900,101.22038269042969
2022-05-23,117.70999908447266,118.25,116.54000091552734,116.55999755859375,15925200,99.55488586425781
2022-05-24,117.9000015258789,119.63999938964844,117.86000061035156,118.86000061035156,23388200,101.51932525634766
2022-05-25,119.61000061035156,119.62000274658203,118.58999633789062,119.33000183105469,14410800,101.9207534790039
2022-05-26,119.0199966430664,119.08999633789062,117.80000305175781,118.79000091552734,14912900,101.45954132080078
2022-05-27,119.36000061035156,119.73999786376953,118.73999786376953,119.08000183105469,11190400,101.70723724365234
2022-05-31,117.18000030517578,117.2300033569336,115.93000030517578,116.55999755859375,28393700,99.55488586425781
2022-06-01,117.02999877929688,117.33999633789062,115.69000244140625,116.22000122070312,15544800,99.44109344482422
2022-06-02,116.62999725341797,116.70999908447266,115.45999908447266,116.27999877929688,9832000,99.49238586425781
2022-06-03,115.08999633789062,116.05999755859375,114.87000274658203,116.02999877929688,15330400,99.278533935546875
2022-06-06,115.1500015258789,115.51000213623047,113.80999755859375,113.88999938964844,20815400,97.44746398925781
2022-06-07,114.61000061035156,115.77999877929688,114.58000183105469,115.12000274658203,14278700,98.49987030029297
2022-06-08,114.68000030517578,115.12999725341797,114.08000183105469,114.0999984741211,11476100,97.62713623046875
2022-06-09,113.83999633789062,114.70999908447266,113.68000030517578,114.4800033569336,15527300,97.95230865478516
2022-06-10,114.36000061035156,114.61000061035156,112.97000122070312,113.7699966430664,21917100,97.344818115234375
2022-06-13,111.48999786376953,111.66999816894531,109.23999786376953,110.19999694824219,36968300,94.2901840209961
2022-06-14,110.52999877929688,110.9800033569336,108.58999633789062,108.80999755859375,21865900,93.10089874267578
2022-06-15,110.08999633789062,110.98999786376953,109.02999877929688,110.83999633789062,25202800,94.83781433105469
2022-06-16,108.44999694824219,111.72000122070312,108.12000274658203,111.72000122070312,26067300,95.59075164794922
2022-06-17,112.01000213623047,112.83000183105469,110.95999908447266,112.08000183105469,21614300,95.8987808227539
2022-06-21,110.08999633789062,111.0199966430664,109.80999755859375,110.18000030517578,17663800,94.27308654785156
2022-06-22,112.69000244140625,113.30999755859375,112.37999725341797,113.20999908447266,23703800,96.86564636230469
2022-06-23,113.9000015258789,115.16999816894531,113.48999786376953,114.13999938964844,20669200,97.66138458251953
2022-06-24,113.45999908447266,114.16999816894531,112.5,112.55999755859375,18161300,96.30948638916016
2022-06-27,111.22000122070312,112.22000122070312,111.16000366210938,111.5999984741211,12053000,95.48807525634766
2022-06-28,111.29000091552734,112.18000030517578,110.87000274658203,112.12000274658203,13706600,95.93302154541016
2022-06-29,112.37999725341797,113.9000015258789,112.16999816894531,113.87000274658203,12925400,97.43035125732422
2022-06-30,114.86000061035156,115.7699966430664,114.75,114.87000274658203,25802100,98.28599548339844
2022-07-01,115.9000015258789,117.58999633789062,115.22000122070312,115.81999969482422,21858800,99.29503631591797
2022-07-05,116.88999938964844,117.75,116.16999816894531,116.7300033569336,16689700,100.0752182006836
2022-07-06,117.38999938964844,117.54000091552734,114.7699966430664,114.7699966430664,20205400,98.39485168457031
2022-07-07,115.0999984741211,115.16999816894531,113.51000213623047,113.76000213623047,13088000,97.52897644042969
2022-07-08,113.5,113.5,112.05000305175781,112.5,15320000,96.44873809814453
2022-07-11,113.79000091552734,114.79000091552734,113.69999694824219,114.44000244140625,13639900,98.1119384765625
2022-07-12,115.51000213623047,116.2300033569336,114.97000122070312,115.12000274658203,18547300,98.694915771484375
2022-07-13,113.7699966430664,116.6500015258789,113.44999694824219,116.44000244140625,20594800,99.82658386230469
2022-07-14,115.08000183105469,116.16000366210938,114.47000122070312,115.48999786376953,15665000,99.01213073730469
2022-07-15,115.83999633789062,116.81999969482422,115.5999984741211,116.13999938964844,16022600,99.56938934326172
2022-07-18,115.25,115.31999969482422,114.18000030517578,114.93000030517578,15838300,98.53202819824219
2022-07-19,114.91000366210938,115.1500015258789,113.66000366210938,114.30999755859375,9276800,98.00048065185547
2022-07-20,115.4800033569336,115.55000305175781,114.05000305175781,114.61000061035156,9117300,98.25768280029297
2022-07-21,115.19000244140625,116.72000122070312,115.01000213623047,116.58999633789062,14754900,99.955169677734375
2022-07-22,118.29000091552734,119.2699966430664,117.97000122070312,118.55000305175781,17715300,101.63553619384766
2022-07-25,116.70999908447266,117.54000091552734,116.47000122070312,117.38999938964844,24868100,100.64105987548828
2022-07-26,118.86000061035156,119.23999786376953,117.4000015258789,117.4800033569336,13536000,100.71821594238281
2022-07-27,118.01000213623047,118.48999786376953,116.70999908447266,116.81999969482422,15725600,100.15239715576172
2022-07-28,118.05000305175781,118.91999816894531,117.31999969482422,117.75,16637900,100.94966888427734
2022-07-29,117.69999694824219,119.30999755859375,117.33000183105469,117.43000030517578,16655900,100.67533874511719
2022-08-01,118.25,120.0999984741211,118.08000183105469,120.04000091552734,17974600,103.0999526977539
2022-08-02,120.1500015258789,120.69000244140625,117.29000091552734,117.5,17896300,100.91841125488281
2022-08-03,117.16999816894531,119.48999786376953,116.33000183105469,119.3499984741211,16731200,102.50733947753906
2022-08-04,118.9800033569336,119.55000305175781,118.54000091552734,119.30999755859375,11003000,102.47296142578125
2022-08-05,117.06999969482422,117.11000061035156,115.88999938964844,116.47000122070312,19492300,100.03377532958984
2022-08-08,117.63999938964844,118.52999877929688,117.55999755859375,118.3499984741211,17476300,101.64844512939453
2022-08-09,117.7300033569336,118.36000061035156,117.45999908447266,117.88999938964844,8223200,101.25334930419922
2022-08-10,117.7300033569336,118.91000366210938,116.7300033569336,117.12000274658203,14665300,100.59201049804688
2022-08-11,116.87000274658203,117.05999755859375,114.08999633789062,114.38999938964844,20663800,98.24727630615234
2022-08-12,115.0999984741211,115.56999969482422,114.43000030517578,115.55000305175781,12178400,99.24358367919922
2022-08-15,116.33000183105469,116.75,115.44999694824219,115.44999694824219,9031800,99.15769958496094
2022-08-16,115.25,116.0199966430664,114.23999786376953,115.93000030517578,11066000,99.56995391845703
2022-08-17,115.05999755859375,115.0999984741211,114.30999755859375,114.72000122070312,14131300,98.530731201171875
2022-08-18,114.97000122070312,115.63999938964844,114.58999633789062,114.88999938964844,10738200,98.6767349243164
2022-08-19,113.2300033569336,113.33999633789062,112.73999786376953,113.04000091552734,16330900,97.087799072265625
2022-08-22,112.86000061035156,112.95999908447266,112.12999725341797,112.66000366210938,10457200,96.76142883300781
2022-08-23,112.19000244140625,113.4800033569336,111.73999786376953,112.04000091552734,17813200,96.22889709472656
2022-08-24,111.48999786376953,111.87000274658203,110.86000061035156,111.22000122070312,13971600,95.52462005615234
2022-08-25,111.31999969482422,113.08999633789062,110.98999786376953,112.7699966430664,21429700,96.85588836669922
2022-08-26,112.30000305175781,113.98999786376953,112.01000213623047,113.62000274658203,18764400,97.5859375
2022-08-29,112.94000244140625,113.01000213623047,112.12999725341797,112.68000030517578,14278300,96.77861785888672
2022-08-30,112.62000274658203,113.51000213623047,112.20999908447266,112.95999908447266,14346600,97.01910400390625
2022-08-31,112.69000244140625,113.33999633789062,111.58000183105469,111.87999725341797,13623500,96.09149169921875
2022-09-01,109.87000274658203,110.25,108.94000244140625,109.5999984741211,22490400,94.33222198486328
2022-09-02,109.68000030517578,110.55999755859375,109.47000122070312,110.22000122070312,13024400,94.86588287353516
2022-09-06,108.9000015258789,108.97000122070312,107.41999816894531,107.48999786376953,24648500,92.51615142822266
2022-09-07,108.31999969482422,109.4800033569336,108.20999908447266,109.19000244140625,17050100,93.979339599609375
2022-09-08,108.83999633789062,109.5199966430664,108.05000305175781,108.06999969482422,14671400,93.01536560058594
2022-09-09,108.33000183105469,108.80000305175781,107.62999725341797,108.30999755859375,12529800,93.22193908691406
2022-09-12,108.62999725341797,108.88999938964844,106.91999816894531,107.41999816894531,14806900,92.45589447021484
2022-09-13,106.55999755859375,107.73999786376953,106.23999786376953,107.66999816894531,22158900,92.67109680175781
2022-09-14,107.33999633789062,108.20999908447266,107.12000274658203,108.04000091552734,13077800,92.98956298828125
2022-09-15,107.8499984741211,108.19000244140625,107.58000183105469,107.97000122070312,10260200,92.92930603027344
2022-09-16,107.02999877929688,108.05000305175781,106.7699966430664,107.06999969482422,18903800,92.15467071533203
2022-09-19,106.95999908447266,107.81999969482422,106.80000305175781,107.31999969482422,11084400,92.36986541748047
2022-09-20,105.69000244140625,106.83999633789062,105.4000015258789,106.25,20133800,91.448883056640625
2022-09-21,106.69999694824219,108.04000091552734,105.97000122070312,108.02999877929688,23132900,92.9809341430664
2022-09-22,105.79000091552734,105.95999908447266,104.7300033569336,105.2699966430664,29030600,90.60541534423828
2022-09-23,105.33999633789062,106.43000030517578,104.55999755859375,105.69999694824219,23042200,90.97554016113281
2022-09-26,105.36000061035156,105.41000366210938,103.22000122070312,103.68000030517578,25104600,89.2369155883789
2022-09-27,102.70999908447266,102.9800033569336,100.9000015258789,100.94999694824219,34609500,86.88721466064453
2022-09-28,103.12999725341797,104.44999694824219,102.4800033569336,104.33000183105469,39283100,89.79637145996094
2022-09-29,102.9000015258789,104.2300033569336,102.80000305175781,103.79000091552734,19127100,89.33158111572266
2022-09-30,104.2699966430664,104.86000061035156,102.2300033569336,102.44999694824219,26485700,88.1782455444336
2022-10-03,103.8499984741211,104.68000030517578,103.1500015258789,103.83000183105469,27192200,89.57935333251953
2022-10-04,104.1500015258789,104.6500015258789,103.30000305175781,103.54000091552734,13788700,89.32917785644531
2022-10-05,102.7300033569336,102.83999633789062,101.58000183105469,102.55000305175781,20522100,88.47505950927734
2022-10-06,102.58999633789062,102.83999633789062,101.52999877929688,101.9800033569336,13965700,87.9832763671875
2022-10-07,100.80999755859375,101.62000274658203,100.47000122070312,100.98999786376953,14814800,87.129150390625
2022-10-10,100.5,100.51000213623047,98.80000305175781,99.41999816894531,15652600,85.77462005615234
2022-10-11,99.73999786376953,100.9000015258789,98.98999786376953,99.86000061035156,33246700,86.154266357421875
2022-10-12,99.279998779296875,100.54000091552734,99.19000244140625,100.3499984741211,21447600,86.57698822021484
2022-10-13,98.36000061035156,100.37999725341797,98.339996337890625,99.38999938964844,30292500,85.748779296875
2022-10-14,100.19000244140625,100.19000244140625,98.25,98.56999969482422,18728200,85.04129791259766
2022-10-17,99.29000091552734,99.660003662109375,97.94000244140625,98.089996337890625,18969900,84.62715911865234
2022-10-18,97.94999694824219,98.45999908447266,96.87000274658203,98.31999969482422,16931500,84.82559967041016
2022-10-19,97.19000244140625,97.41999816894531,96.31999969482422,96.529998779296875,25431600,83.28130340576172
2022-10-20,95.93000030517578,96.33000183105469,94.73999786376953,94.87999725341797,25434900,81.85773468017578
2022-10-21,93.0199966430664,93.93000030517578,92.26000213623047,93.16999816894531,46280300,80.38243865966797
2022-10-24,92.81999969482422,93.55000305175781,91.8499984741211,92.4000015258789,31332600,79.7181167602539
2022-10-25,94.58000183105469,95.2300033569336,94.44000244140625,95.089996337890625,31213100,82.0389175415039
2022-10-26,95.7699966430664,96.69000244140625,95.7699966430664,96.45999908447266,24843900,83.22090148925781
2022-10-27,96.9800033569336,97.9000015258789,96.220001220703125,97.470001220703125,20270000,84.0922622680664
2022-10-28,96.86000061035156,97.62999725341797,96.410003662109375,96.80000305175781,22244100,83.51424407958984
2022-10-31,96.36000061035156,96.62000274658203,95.029998779296875,96.11000061035156,23956700,82.91893005371094
2022-11-01,97.37999725341797,97.41999816894531,96.20999908447266,96.7699966430664,17585100,83.69384765625
2022-11-02,96.910003662109375,97.62999725341797,95.95999908447266,96.3499984741211,25010500,83.33061981201172
2022-11-03,95.16999816894531,96.37999725341797,95.089996337890625,95.83000183105469,29097500,82.88086700439453
2022-11-04,95.0999984741211,95.660003662109375,94.220001220703125,94.220001220703125,23561400,81.488433837890625
2022-11-07,94.80000305175781,94.86000061035156,93.23999786376953,93.279998779296875,14522800,80.67542266845703
2022-11-08,93.80000305175781,94.95999908447266,93.7699966430664,94.30000305175781,20360600,81.55762481689453
2022-11-09,93.81999969482422,95.0199966430664,93.69000244140625,94.61000061035156,15637500,81.82573699951172
2022-11-10,96.7300033569336,98.43000030517578,96.63999938964844,98.25,45380900,84.9738540649414
2022-11-11,97.56999969482422,98.37000274658203,97.54000091552734,97.88999938964844,15943100,84.66252136230469
2022-11-14,97.910003662109375,97.98999786376953,97.089996337890625,97.6500015258789,13741100,84.45494842529297
2022-11-15,98.25,99.30000305175781,98.11000061035156,99.2300033569336,26608200,85.8214340209961
2022-11-16,100.0199966430664,101.44999694824219,99.73999786376953,101.4000015258789,28507700,87.6982192993164
2022-11-17,100.19999694824219,100.56999969482422,99.779998779296875,100.33000183105469,24528900,86.77281188964844
2022-11-18,100.5999984741211,100.88999938964844,99.55000305175781,99.63999938964844,14941300,86.176025390625
2022-11-21,100.69000244140625,100.81999969482422,99.80000305175781,100.05999755859375,15534000,86.53926086425781
2022-11-22,100.6500015258789,101.62000274658203,100.52999877929688,101.4800033569336,18103100,87.76744079589844
2022-11-23,102.13999938964844,103.25,102.08000183105469,103.25,23234600,89.29825592041016
2022-11-25,102.61000061035156,102.93000030517578,102.43000030517578,102.9000015258789,9486100,88.99553680419922
2022-11-28,103.61000061035156,103.80999755859375,102.69000244140625,103.19000244140625,14563200,89.24635314941406
2022-11-29,102.1500015258789,102.95999908447266,101.91000366210938,101.9800033569336,16576400,88.1998519897461
2022-11-30,101.62000274658203,102.7300033569336,101.37000274658203,102.7300033569336,21581700,88.84850311279297
2022-12-01,103.1500015258789,105.80999755859375,103.0999984741211,105.76000213623047,53156800,91.68684387207031
2022-12-02,105.30000305175781,107.0999984741211,104.61000061035156,107.08999633789062,24479500,92.83988952636719
2022-12-05,105.83999633789062,105.98999786376953,104.9000015258789,105.58999633789062,20159700,91.53948974609375
2022-12-06,106.5,107.38999938964844,106.19000244140625,106.94999694824219,21754500,92.71851348876953
2022-12-07,108.37000274658203,109.68000030517578,108.19999694824219,109.47000122070312,30546700,94.90314483642578
2022-12-08,108.69999694824219,109.44999694824219,108.47000122070312,109.16999816894531,13377300,94.64311218261719
2022-12-09,107.94000244140625,108.16999816894531,106.2699966430664,106.33000183105469,25872200,92.18099212646484
2022-12-12,107.86000061035156,108.11000061035156,106.26000213623047,106.66999816894531,16897100,92.47576904296875
2022-12-13,109.04000091552734,109.08000183105469,107.45999908447266,107.69999694824219,23854700,93.368682861328125
2022-12-14,107.66000366210938,108.31999969482422,106.88999938964844,108.16000366210938,19517500,93.76750183105469
2022-12-15,108.38999938964844,109.12000274658203,108.16000366210938,108.31999969482422,20246200,94.13334655761719
2022-12-16,106.5999984741211,107.83000183105469,106.30999755859375,107.11000061035156,20838300,93.08183288574219
2022-12-19,105.83000183105469,105.83999633789062,104.9800033569336,105.30999755859375,26126800,91.5175552368164
2022-12-20,103.37999725341797,103.80999755859375,103.0999984741211,103.44000244140625,28869000,89.89249420166016
2022-12-21,104.29000091552734,104.4000015258789,102.95999908447266,103.69999694824219,15894100,90.11844635009766
2022-12-22,103.66999816894531,104.12000274658203,103.37999725341797,103.68000030517578,11322500,90.1010513305664
2022-12-23,102.58000183105469,102.80999755859375,102.0199966430664,102.16000366210938,15408900,88.780120849609375
2022-12-27,100.48999786376953,101.06999969482422,100.01000213623047,100.13999938964844,26475700,87.02469635009766
2022-12-28,100.6500015258789,100.77999877929688,99.3499984741211,99.55000305175781,17302900,86.51197814941406
2022-12-29,99.86000061035156,100.98999786376953,99.79000091552734,100.68000030517578,16593000,87.49398040771484
2022-12-30,99.87000274658203,100.55000305175781,99.37000274658203,99.55999755859375,20810200,86.5206527709961
2023-01-03,102.19999694824219,102.33999633789062,100.83999633789062,101.45999908447266,25313200,88.17179107666016
2023-01-04,103.22000122070312,103.4800033569336,102.20999908447266,102.8499984741211,21678200,89.37975311279297
2023-01-05,101.87000274658203,103.29000091552734,101.77999877929688,103.27999877929688,14771100,89.75346374511719
2023-01-06,102.69999694824219,105.30000305175781,102.63999938964844,105.18000030517578,27473700,91.40460205078125
2023-01-09,104.41000366210938,105.93000030517578,104.2699966430664,105.73999786376953,21472200,91.89122772216797
2023-01-10,104.52999877929688,104.81999969482422,103.5,103.98999786376953,20545200,90.37046813964844
2023-01-11,104.97000122070312,105.72000122070312,104.69999694824219,105.68000030517578,18794000,91.83911895751953
2023-01-12,105.81999969482422,107.80999755859375,104.55999755859375,107.76000213623047,32029600,93.64672088623047
2023-01-13,107.0999984741211,107.80000305175781,106.37999725341797,106.75,17750800,92.76898193359375
2023-01-17,105.66999816894531,106.66000366210938,105.6500015258789,106.05999755859375,13911700,92.1693344116211
2023-01-18,108.45999908447266,108.7699966430664,107.12000274658203,108.62999725341797,35497200,94.40275573730469
2023-01-19,108.0999984741211,108.37000274658203,107.44000244140625,107.94999694824219,17194700,93.81183624267578
2023-01-20,106.95999908447266,107.23999786376953,106.11000061035156,106.19999694824219,22754100,92.291015625
2023-01-23,105.56999969482422,106.19999694824219,105.48999786376953,105.69999694824219,12961500,91.85650634765625
2023-01-24,106.12000274658203,107.44999694824219,105.38999938964844,107.22000122070312,16417200,93.17741394042969
2023-01-25,107.37000274658203,107.91000366210938,106.63999938964844,107.4800033569336,11906500,93.40336608886719
2023-01-26,107.13999938964844,107.6500015258789,106.48999786376953,106.9800033569336,15549400,92.96885681152344
2023-01-27,106.19000244140625,106.95999908447266,106.11000061035156,106.70999908447266,11845500,92.73423767089844
2023-01-30,106.45999908447266,107.16000366210938,106.19000244140625,106.31999969482422,11459700,92.39527130126953
2023-01-31,106.9800033569336,107.27999877929688,105.87000274658203,107.16999816894531,13705300,93.13395690917969
2023-02-01,107.55000305175781,108.58999633789062,106.41999816894531,108.18000030517578,25305800,94.253509521484375
2023-02-02,108.91999816894531,109.3499984741211,108.08999633789062,108.31999969482422,19548400,94.375518798828125
2023-02-03,106.7699966430664,107.11000061035156,106.08000183105469,106.69999694824219,20619500,92.96407318115234
2023-02-06,105.75,106.30999755859375,105.68000030517578,105.91000366210938,15182400,92.2757797241211
2023-02-07,105.33000183105469,106.2300033569336,105,105.05999755859375,18290300,91.53520965576172
2023-02-08,105.04000091552734,105.58000183105469,104.38999938964844,105.55999755859375,13530700,91.97084045410156
2023-02-09,106.47000122070312,106.62000274658203,104.38999938964844,104.55999755859375,20469900,91.09957122802734
2023-02-10,104.4000015258789,104.44000244140625,103.12000274658203,103.38999938964844,16598300,90.080169677734375
2023-02-13,103.70999908447266,104.41999816894531,103.58000183105469,104.26000213623047,13134300,90.83819580078125
2023-02-14,104.19999694824219,104.83000183105469,103.13999938964844,104.0199966430664,15440300,90.629058837890625
2023-02-15,103.55000305175781,103.94999694824219,102.5,103.05000305175781,15246900,89.783935546875
2023-02-16,102.06999969482422,102.22000122070312,101.33000183105469,101.58999633789062,19267300,88.51188659667969
2023-02-17,101.0999984741211,102.37999725341797,100.97000122070312,102.37999725341797,19560900,89.20021057128906
2023-02-21,101.01000213623047,101.19999694824219,100.27999877929688,100.38999938964844,22728000,87.46638488769531
2023-02-22,100.98999786376953,101.69000244140625,100.94999694824219,101.30999755859375,15165400,88.26795196533203
2023-02-23,101.54000091552734,102.58999633789062,101.47000122070312,102.30000305175781,15829100,89.1305160522461
2023-02-24,101.44000244140625,101.80000305175781,100.55999755859375,100.97000122070312,21403600,87.97171783447266
2023-02-27,101.29000091552734,101.69999694824219,100.91000366210938,101.25,14209200,88.21568298339844
2023-02-28,100.56999969482422,101.72000122070312,100.27999877929688,101.70999908447266,14955700,88.61646270751953
2023-03-01,100.81999969482422,101.02999877929688,99.95999908447266,100.37000274658203,19000000,87.66444396972656
2023-03-02,99.05999755859375,99.6500015258789,98.87999725341797,99.4800033569336,23763600,86.88709259033203
2023-03-03,100.93000030517578,101.9000015258789,100.56999969482422,101.88999938964844,30877300,88.99202728271484
2023-03-06,102.22000122070312,102.33999633789062,100.98999786376953,101.0999984741211,16631900,88.302001953125
2023-03-07,101.45999908447266,102.37000274658203,100.87999725341797,101.72000122070312,23096500,88.8435287475586
2023-03-08,102.4000015258789,102.97000122070312,101.41999816894531,101.81999969482422,20252400,88.93089294433594
2023-03-09,101.55000305175781,102.5199966430664,101.33000183105469,102.06999969482422,21550400,89.149261474609375
2023-03-10,104.02999877929688,105.69000244140625,104,105.58999633789062,43921500,92.22364807128906
2023-03-13,108.19999694824219,109.0999984741211,105.04000091552734,105.83000183105469,51502500,92.43327331542969
2023-03-14,105.13999938964844,105.61000061035156,103.75,104.08999633789062,38417800,90.91351318359375
2023-03-15,106.77999877929688,107.70999908447266,105.3499984741211,106.0999984741211,45164100,92.66912841796875
2023-03-16,107.37999725341797,108.02999877929688,105.04000091552734,105.2699966430664,43089300,91.94416809082031
2023-03-17,106.6500015258789,107.7300033569336,106.45999908447266,106.8499984741211,38129000,93.32416534423828
2023-03-20,106.87999725341797,106.95999908447266,105.72000122070312,105.91000366210938,24242800,92.50315856933594
2023-03-21,105.08000183105469,105.41999816894531,104.54000091552734,105,18934900,91.7083511352539
2023-03-22,104.66000366210938,106.44999694824219,104.44000244140625,106.4000015258789,26388500,92.93111419677734
2023-03-23,105.36000061035156,106.55000305175781,104.81999969482422,106.4000015258789,25475100,92.93111419677734
2023-03-24,107.08999633789062,107.43000030517578,106.26000213623047,106.8499984741211,23652700,93.32416534423828
2023-03-27,105.05000305175781,105.76000213623047,104.33000183105469,104.33999633789062,22224500,91.13189697265625
2023-03-28,104.23999786376953,104.68000030517578,104.0199966430664,104.52999877929688,17794300,91.29783630371094
2023-03-29,103.69999694824219,104.44999694824219,103.5999984741211,104.31999969482422,16804400,91.11441802978516
2023-03-30,104.45999908447266,105.05000305175781,104.2699966430664,104.80000305175781,14315800,91.53362274169922
2023-03-31,105.3499984741211,106.55999755859375,105.08000183105469,106.37000274658203,25396700,92.9049072265625
2023-04-03,105.87999725341797,107.0999984741211,105.69999694824219,106.5999984741211,18234800,93.34184265136719
2023-04-04,105.77999877929688,107.80000305175781,105.75,107.12999725341797,18052400,93.80591583251953
2023-04-05,107.7699966430664,108.37000274658203,107.41000366210938,108.25,23047700,94.78663635253906
2023-04-06,108.41999816894531,108.87000274658203,108.38999938964844,108.52999877929688,16447300,95.031829833984375
2023-04-10,107.63999938964844,107.76000213623047,106.55999755859375,106.77999877929688,19134400,93.49945068359375
2023-04-11,107.05000305175781,107.08999633789062,106.51000213623047,107,13971200,93.69209289550781
2023-04-12,107.05000305175781,107.16999816894531,105.87999725341797,106.88999938964844,20563000,93.59578704833984
2023-04-13,107.05000305175781,107.38999938964844,105.87999725341797,106.05000305175781,22079400,92.860260009765625
2023-04-14,105.38999938964844,105.55000305175781,104.7699966430664,105.08000183105469,19801900,92.01087951660156
2023-04-17,104.41999816894531,104.58999633789062,103.70999908447266,103.83000183105469,19528800,90.91636657714844
2023-04-18,103.80999755859375,104.58999633789062,103.80000305175781,104.19999694824219,15922600,91.24034881591797
2023-04-19,103.91000366210938,104.23999786376953,103.4800033569336,104.0999984741211,16093900,91.15279388427734
2023-04-20,104.83000183105469,105.27999877929688,104.75,104.98999786376953,16450100,91.9321060180664
2023-04-21,105.30000305175781,105.45999908447266,104.2699966430664,104.4000015258789,15244700,91.41546630859375
2023-04-24,104.95999908447266,105.48999786376953,104.83999633789062,105.41000366210938,17034300,92.29987335205078
2023-04-25,106.33000183105469,107.12999725341797,106.27999877929688,106.95999908447266,21899900,93.65705871582031
2023-04-26,106.79000091552734,107.23999786376953,105.66999816894531,105.81999969482422,19610400,92.65885925292969
2023-04-27,105.19999694824219,105.2699966430664,104.61000061035156,104.7699966430664,20247600,91.73944854736328
2023-04-28,106.20999908447266,106.76000213623047,105.86000061035156,106.45999908447266,26954100,93.21929168701172
2023-05-01,105.2699966430664,105.41999816894531,102.83999633789062,103.12999725341797,32487300,90.53133392333984
2023-05-02,104,105.69999694824219,103.88999938964844,105.69999694824219,30057800,92.78736877441406
2023-05-03,106,106.5999984741211,105.27999877929688,106.29000091552734,23656200,93.3052978515625
2023-05-04,105.22000122070312,106.44999694824219,105.1500015258789,105.23999786376953,25110500,92.38356018066406
2023-05-05,104.3499984741211,104.9000015258789,104.11000061035156,104.88999938964844,15096500,92.07630157470703
2023-05-08,103.5199966430664,103.87000274658203,103.31999969482422,103.41999816894531,20587000,90.785888671875
2023-05-09,103.5,103.63999938964844,103,103.05000305175781,19182500,90.4610824584961
2023-05-10,103.66999816894531,104.23999786376953,103.63999938964844,104.05000305175781,22886800,91.33893585205078
2023-05-11,105.30000305175781,105.5199966430664,104.72000122070312,105.1500015258789,19147200,92.30455780029297
2023-05-12,105.05000305175781,105.25,104.25,104.2699966430664,14198500,91.53205871582031
2023-05-15,103.38999938964844,103.47000122070312,103.12000274658203,103.19000244140625,20085300,90.58399963378906
2023-05-16,102.4000015258789,102.9000015258789,102.11000061035156,102.87999725341797,29251700,90.31188201904297
2023-05-17,103.08000183105469,103.16000366210938,102.3499984741211,102.58000183105469,21340900,90.04853057861328
2023-05-18,102.19999694824219,102.26000213623047,101.75,101.81999969482422,25536600,89.38134002685547
2023-05-19,101.26000213623047,101.86000061035156,100.93000030517578,101.0999984741211,29038000,88.74931335449219
2023-05-22,101.25,101.70999908447266,100.66999816894531,100.73999786376953,20131100,88.43328857421875
2023-05-23,100.43000030517578,101.25,100.27999877929688,101.02999877929688,21749500,88.68787384033203
2023-05-24,101.27999877929688,101.36000061035156,100.52999877929688,100.52999877929688,18473400,88.24894714355469
2023-05-25,100.69999694824219,100.80000305175781,100.02999877929688,100.27999877929688,22492800,88.02948760986328
2023-05-26,100.12000274658203,101.16999816894531,100,101.08999633789062,17030300,88.74053192138672
2023-05-30,101.4000015258789,102.23999786376953,101.25,102.0999984741211,23125200,89.627166748046875
2023-05-31,101.98999786376953,103.18000030517578,101.87000274658203,102.98999786376953,23787000,90.40843200683594
2023-06-01,103.27999877929688,103.62999725341797,102.62999725341797,103.12000274658203,21040400,90.76314544677734
2023-06-02,103,103.06999969482422,101.94000244140625,101.98999786376953,19136500,89.7685546875
2023-06-05,101.3499984741211,102.44000244140625,101.20999908447266,101.80000305175781,14433200,89.60130310058594
2023-06-06,101.83999633789062,102.47000122070312,101.38999938964844,102.4000015258789,14332100,90.12940979003906
2023-06-07,102.16999816894531,102.43000030517578,100.77999877929688,100.87999725341797,25251100,88.79154968261719
2023-06-08,100.87000274658203,102.13999938964844,100.80000305175781,102.05999755859375,23845100,89.83013916015625
2023-06-09,101.5999984741211,102.2699966430664,101.33999633789062,101.91999816894531,22147400,89.70694732666016
2023-06-12,102.23999786376953,102.30000305175781,101.12000274658203,102.22000122070312,19010300,89.9709701538086
2023-06-13,102.11000061035156,102.33000183105469,100.97000122070312,101.20999908447266,25910800,89.08202362060547
2023-06-14,101.62999725341797,102.29000091552734,101.45999908447266,102.0199966430664,29094200,89.794952392578125
2023-06-15,103.02999877929688,103.62999725341797,102.5999984741211,103,25732000,90.65753936767578
2023-06-16,102.44000244140625,102.83000183105469,102.02999877929688,102.5999984741211,16759100,90.305450439453125
2023-06-20,103.11000061035156,103.66000366210938,103.11000061035156,103.30999755859375,17162900,90.93036651611328
2023-06-21,102.80999755859375,103.6500015258789,102.33999633789062,103.55999755859375,19720100,91.1504135131836
2023-06-22,102.80000305175781,103.25,102.19999694824219,102.30999755859375,23630700,90.050201416015625
2023-06-23,103.83000183105469,103.94999694824219,102.9800033569336,103.33000183105469,22901900,90.9479751586914
2023-06-26,103.62000274658203,103.80000305175781,103.16000366210938,103.44000244140625,12894900,91.04480743408203
2023-06-27,103.58999633789062,103.94999694824219,102.76000213623047,103.16999816894531,18105700,90.80714416503906
2023-06-28,103.41000366210938,103.83999633789062,102.83000183105469,103.61000061035156,23826800,91.19445037841797
2023-06-29,102.16999816894531,102.33999633789062,101.44999694824219,101.73999786376953,41091600,89.54850006103516
2023-06-30,102.05999755859375,103.05999755859375,101.87000274658203,102.94000244140625,32024900,90.604705810546875
2023-07-03,102.83999633789062,103.26000213623047,102.05999755859375,102.08000183105469,16011800,90.09107971191406
2023-07-05,101.88999938964844,102,100.73999786376953,101.11000061035156,28170300,89.2350082397461
2023-07-06,100.19999694824219,100.37999725341797,99.470001220703125,99.68000030517578,41375700,87.97295379638672
2023-07-07,99.18000030517578,99.5999984741211,98.98999786376953,99.08000183105469,28996500,87.44342041015625
2023-07-10,98.86000061035156,99.529998779296875,98.8499984741211,99.20999908447266,24665200,87.55815887451172
2023-07-11,99.56999969482422,99.970001220703125,99.29000091552734,99.720001220703125,20485500,88.00822448730469
2023-07-12,100.0999984741211,101.12000274658203,99.7699966430664,100.83000183105469,31928000,88.9878921508789
2023-07-13,101.30999755859375,101.97000122070312,101.02999877929688,101.88999938964844,32441500,89.92338562011719
2023-07-14,101.72000122070312,101.94000244140625,101.23999786376953,101.29000091552734,18569000,89.39384460449219
2023-07-17,101.2300033569336,101.48999786376953,100.91999816894531,101.33999633789062,18822000,89.4379653930664
2023-07-18,101.80000305175781,102.06999969482422,101.56999969482422,101.80000305175781,15407400,89.84394836425781
2023-07-19,102,102.9800033569336,101.7300033569336,102.94999694824219,27192500,90.85889434814453
2023-07-20,102.22000122070312,102.30999755859375,101.27999877929688,101.69999694824219,56951200,89.75569915771484
2023-07-21,102.16000366210938,102.3499984741211,101.62999725341797,101.7300033569336,20657500,89.78217315673828
2023-07-24,101.98999786376953,102.1500015258789,101.30000305175781,101.36000061035156,17546700,89.45561981201172
2023-07-25,100.83000183105469,101.5,100.80000305175781,101.16999816894531,17160600,89.28795623779297
2023-07-26,101.68000030517578,101.69000244140625,100.93000030517578,101.2699966430664,19310700,89.376190185546875
2023-07-27,100.70999908447266,100.93000030517578,98.910003662109375,99.30000305175781,44794400,87.6375732421875
2023-07-28,99.4000015258789,99.86000061035156,99.1500015258789,99.80999755859375,27434000,88.0876693725586
2023-07-31,99.6500015258789,100.33000183105469,99.62000274658203,100.05000305175781,28663800,88.29948425292969
2023-08-01,98.839996337890625,98.91999816894531,97.9000015258789,98.13999938964844,34943400,86.85253143310547
2023-08-02,97.04000091552734,97.23999786376953,96.410003662109375,97.089996337890625,38121300,85.92328643798828
2023-08-03,95.19000244140625,95.31999969482422,94.54000091552734,94.8499984741211,59394800,83.94090270996094
2023-08-04,95.1500015258789,96.68000030517578,95.12999725341797,96.529998779296875,42071800,85.42771911621094
2023-08-07,96.11000061035156,96.19999694824219,95.5,95.58000183105469,35862900,84.58697509765625
2023-08-08,96.86000061035156,97.37000274658203,96.44000244140625,96.69000244140625,24010500,85.56929779052734
2023-08-09,96.87999725341797,97.29000091552734,96.839996337890625,97.19000244140625,20151100,86.01179504394531
2023-08-10,97.04000091552734,97.36000061035156,95.589996337890625,95.589996337890625,37253200,84.59581756591797
2023-08-11,95.30000305175781,95.87000274658203,95.19999694824219,95.37000274658203,26753500,84.40113067626953
2023-08-14,95.20999908447266,95.93000030517578,94.9000015258789,95.160003662109375,19072000,84.21525573730469
2023-08-15,94.80000305175781,95.19999694824219,94.55999755859375,94.58000183105469,24125000,83.70198059082031
2023-08-16,94.279998779296875,94.79000091552734,93.720001220703125,93.839996337890625,23076700,83.04708099365234
2023-08-17,93.5,93.61000061035156,93.0199966430664,93.44000244140625,32244900,82.69310760498047
2023-08-18,93.43000030517578,94.19000244140625,93.30000305175781,93.7699966430664,24181700,82.98512268066406
2023-08-21,92.660003662109375,92.76000213623047,92.2300033569336,92.5199966430664,29254100,81.87889862060547
2023-08-22,92.63999938964844,93.279998779296875,92.45999908447266,93.2300033569336,21308700,82.50726318359375
2023-08-23,94.30000305175781,95.55000305175781,94.2300033569336,95.54000091552734,38294700,84.55155944824219
2023-08-24,95.12999725341797,95.55000305175781,94.88999938964844,94.910003662109375,22300800,83.99402618408203
2023-08-25,94.660003662109375,95.51000213623047,94.51000213623047,95.220001220703125,23865200,84.26837158203125
2023-08-28,95.6500015258789,95.660003662109375,94.88999938964844,95.31999969482422,16037300,84.35687255859375
2023-08-29,94.970001220703125,96.51000213623047,94.94000244140625,96.30999755859375,28478100,85.23299407958984
2023-08-30,96.160003662109375,96.4000015258789,95.87999725341797,96.20999908447266,17550100,85.14449310302734
2023-08-31,96.54000091552734,97.05000305175781,96.43000030517578,96.63999938964844,26959700,85.52507019042969
2023-09-01,95.80000305175781,95.81999969482422,94.62000274658203,94.8499984741211,32469700,84.19269561767578
2023-09-05,94.279998779296875,94.29000091552734,93.48999786376953,93.5199966430664,29435900,83.01213836669922
2023-09-06,94.089996337890625,94.11000061035156,93.45999908447266,93.75,23636300,83.2162857055664
2023-09-07,94,94.06999969482422,93.68000030517578,94.01000213623047,18091500,83.44709014892578
2023-09-08,94.37999725341797,94.9000015258789,94.16999816894531,94.37000274658203,17052100,83.7666244506836
2023-09-11,93.69999694824219,93.9800033569336,93.55000305175781,93.69000244140625,17061500,83.16304779052734
2023-09-12,93.88999938964844,94.23999786376953,93.58000183105469,94.2300033569336,20034300,83.642364501953125
2023-09-13,93.91999816894531,94.529998779296875,93.81999969482422,94.20999908447266,23332300,83.62461853027344
2023-09-14,93.94000244140625,94.20999908447266,93.4000015258789,93.529998779296875,27800600,83.02100372314453
2023-09-15,93.45999908447266,93.4800033569336,92.95999908447266,92.95999908447266,25642900,82.515045166015625
2023-09-18,92.8499984741211,93.529998779296875,92.81999969482422,93.48999786376953,17963400,82.98548889160156
2023-09-19,93.08000183105469,93.43000030517578,92.80000305175781,92.80000305175781,24941800,82.3730239868164
2023-09-20,93.29000091552734,93.5999984741211,93.04000091552734,93.089996337890625,29451200,82.63045501708984
2023-09-21,91.29000091552734,91.37000274658203,90.69000244140625,90.69999694824219,59958700,80.50899505615234
2023-09-22,90.80999755859375,91.61000061035156,90.66999816894531,91.43000030517578,29524500,81.15696716308594
2023-09-25,89.660003662109375,90.04000091552734,89.1500015258789,89.18000030517578,45587900,79.15978240966797
2023-09-26,89.43000030517578,89.62000274658203,88.70999908447266,88.87000274658203,38104100,78.8846206665039
2023-09-27,89.54000091552734,89.62000274658203,88.089996337890625,88.410003662109375,47111200,78.4762954711914
2023-09-28,87.62000274658203,88.7300033569336,87.0999984741211,88.68000030517578,60238000,78.7159423828125
2023-09-29,89.2699966430664,89.48999786376953,88.12999725341797,88.69000244140625,49010100,78.72481536865234
2023-10-02,87.81999969482422,87.93000030517578,86.70999908447266,86.93000030517578,44704300,77.4069595336914
2023-10-03,86.30999755859375,86.6500015258789,84.88999938964844,85.05999755859375,71362600,75.7417984008789
2023-10-04,85.7699966430664,86.30999755859375,85.37000274658203,86.26000213623047,56281600,76.81035614013672
2023-10-05,86.11000061035156,86.19000244140625,85.63999938964844,85.83000183105469,35758800,76.427459716796875
2023-10-06,84.19999694824219,85.69000244140625,84.05999755859375,84.79000091552734,62787900,75.50140380859375
2023-10-09,85.5,86.80000305175781,84.94999694824219,86.779998779296875,29424900,77.27337646484375
2023-10-10,85.8499984741211,87.16999816894531,85.5199966430664,86.660003662109375,54743900,77.16656494140625
2023-10-11,87.8499984741211,88.470001220703125,87.5999984741211,88.470001220703125,58517700,78.77825927734375
2023-10-12,88.05000305175781,88.19000244140625,85.93000030517578,86.06999969482422,66986700,76.64116668701172
2023-10-13,87.5999984741211,87.83000183105469,87.16999816894531,87.61000061035156,44183800,78.01248931884766
2023-10-16,86.19000244140625,86.37000274658203,85.9000015258789,86.19999694824219,38309800,76.75691986083984
2023-10-17,84.88999938964844,85.62999725341797,84.5,85.25,52949100,75.91100311279297
2023-10-18,84.37999725341797,84.720001220703125,83.8499984741211,84.5,63724600,75.2431640625
2023-10-19,83.87999725341797,84.56999969482422,82.73999786376953,82.7699966430664,87696900,73.70270538330078
2023-10-20,82.98999786376953,83.54000091552734,82.7699966430664,83.23999786376953,52188800,74.1211929321289
2023-10-23,82.80999755859375,84.86000061035156,82.41999816894531,84.23999786376953,70890400,75.01166534423828
2023-10-24,84.44000244140625,85.3499984741211,84.089996337890625,85.3499984741211,46267700,76.00005340576172
2023-10-25,84.0199966430664,84.12999725341797,83.12999725341797,83.44999694824219,60737200,74.30818176269531
2023-10-26,83.4800033569336,84.81999969482422,83.4000015258789,84.7300033569336,49704100,75.447998046875
2023-10-27,84.19000244140625,84.970001220703125,83.73999786376953,84.37000274658203,32362300,75.12743377685547
2023-10-30,83.80999755859375,84.5,83.23999786376953,83.98999786376953,45026900,74.7890396118164
2023-10-31,84.37000274658203,84.7699966430664,83.55000305175781,83.58000183105469,37269200,74.42394256591797
2023-11-01,84.04000091552734,85.12000274658203,84.0199966430664,85.0999984741211,72308500,76.03763580322266
2023-11-02,86.68000030517578,87.30999755859375,86.220001220703125,87.04000091552734,69739400,77.77107238769531
2023-11-03,88.80999755859375,89.05000305175781,87.58000183105469,87.62999725341797,77692300,78.29820251464844
2023-11-06,87.06999969482422,87.19999694824219,86.5999984741211,86.779998779296875,41341900,77.53870391845703
2023-11-07,87.61000061035156,88.5,87.589996337890625,88.05999755859375,37834200,78.68244171142578
2023-11-08,88.4800033569336,89.62000274658203,88.44999694824219,89.55999755859375,53893400,80.02265930175781
2023-11-09,88.94000244140625,89.029998779296875,86.73999786376953,87.5,88975100,78.18206024169922
2023-11-10,88.2300033569336,88.43000030517578,87.7699966430664,87.98999786376953,36516400,78.619842529296875
2023-11-13,87.220001220703125,87.94000244140625,86.9000015258789,87.79000091552734,25661500,78.4411849975586
2023-11-14,90,90.1500015258789,89.29000091552734,89.779998779296875,65666800,80.2192153930664
2023-11-15,89.01000213623047,89.13999938964844,88.30999755859375,88.5199966430664,56205300,79.09344482421875
2023-11-16,89.30000305175781,89.95999908447266,89.25,89.62000274658203,49473900,80.07628631591797
2023-11-17,90.160003662109375,90.43000030517578,89.63999938964844,90.04000091552734,44091400,80.451568603515625
2023-11-20,89.62000274658203,90.660003662109375,89.61000061035156,90.589996337890625,40477800,80.9429931640625
2023-11-21,90.5,90.80000305175781,89.88999938964844,90.55000305175781,27721000,80.90726470947266
2023-11-22,91.12000274658203,91.31999969482422,90.37999725341797,90.87000274658203,31197500,81.19316864013672
2023-11-24,90.0999984741211,90.26000213623047,89.79000091552734,89.80000305175781,20199600,80.23712158203125
2023-11-27,90.30000305175781,91.339996337890625,90.20999908447266,91.30000305175781,39804400,81.577362060546875
2023-11-28,90.910003662109375,91.529998779296875,90.79000091552734,91.4800033569336,44989300,81.73821258544922
2023-11-29,92.11000061035156,92.69999694824219,91.779998779296875,92.62999725341797,61647800,82.76575469970703
2023-11-30,91.970001220703125,92.29000091552734,91.160003662109375,91.55999755859375,60520900,81.80970764160156
2023-12-01,91.30999755859375,93.05999755859375,91.12999725341797,92.98999786376953,64172200,83.35050201416016
2023-12-04,92.48999786376953,92.83000183105469,92.089996337890625,92.62000274658203,33766300,83.01885986328125
2023-12-05,93.62999725341797,94.62000274658203,93.56999969482422,94.61000061035156,73588600,84.80256652832031
2023-12-06,95.08000183105469,96.05000305175781,94.87000274658203,95.87000274658203,61606100,85.93196868896484
2023-12-07,95.18000030517578,96.08000183105469,95.05999755859375,95.31999969482422,47970200,85.4389877319336
2023-12-08,94.41999816894531,94.720001220703125,93.910003662109375,94.54000091552734,44809200,84.73982238769531
2023-12-11,94.01000213623047,94.44000244140625,93.529998779296875,94.339996337890625,33909700,84.56055450439453
2023-12-12,94.1500015258789,94.69999694824219,93.9000015258789,94.62000274658203,36996900,84.81153106689453
2023-12-13,95.16999816894531,96.9800033569336,95.0199966430664,96.839996337890625,70828500,86.80138397216797
2023-12-14,97.660003662109375,99.04000091552734,97.41999816894531,99.04000091552734,87798600,89.0593490600586
2023-12-15,98.69000244140625,99.3499984741211,98.58000183105469,99.1500015258789,59941300,89.158294677734375
2023-12-18,98.5,98.5,98.0199966430664,98.36000061035156,34746000,88.4478759765625
2023-12-19,98.86000061035156,99.26000213623047,98.660003662109375,98.88999938964844,30018400,88.92449188232422
2023-12-20,99.11000061035156,99.69000244140625,98.58000183105469,99.55999755859375,51229400,89.526947021484375
2023-12-21,99.73999786376953,99.839996337890625,98.75,98.93000030517578,65231200,88.96045684814453
2023-12-22,99.37999725341797,99.37999725341797,98.23999786376953,98.4800033569336,29244200,88.5557861328125
2023-12-26,98.54000091552734,98.87000274658203,98.4800033569336,98.76000213623047,24019700,88.807586669921875
2023-12-27,99.779998779296875,100.52999877929688,99.5,100.51000213623047,45082800,90.3812255859375
2023-12-28,100.08999633789062,100.56999969482422,99.55999755859375,99.779998779296875,36213000,89.72480010986328
2023-12-29,99.12999725341797,99.81999969482422,98.80000305175781,98.87999725341797,41616200,88.9155044555664
2024-01-02,98.2300033569336,98.6500015258789,98,98.30999755859375,47797400,88.40294647216797
2024-01-03,97.37999725341797,98.8499984741211,97.1500015258789,98.720001220703125,58159500,88.77164459228516
2024-01-04,97.41999816894531,97.63999938964844,97.06999969482422,97.220001220703125,52604500,87.42279815673828
2024-01-05,96.5,97.68000030517578,96.20999908447266,96.29000091552734,45894800,86.58649444580078
2024-01-08,96.2300033569336,97.37999725341797,96.089996337890625,97.23999786376953,39485800,87.44075012207031
2024-01-09,96.63999938964844,97.16999816894531,96.589996337890625,96.62000274658203,34374000,86.88324737548828
2024-01-10,96.91999816894531,97.05000305175781,96.12000274658203,96.16999816894531,48227800,86.478607177734375
2024-01-11,96.16999816894531,96.83000183105469,95.70999908447266,96.70999908447266,78858900,86.96417236328125
2024-01-12,96.779998779296875,97.2699966430664,96.2699966430664,96.5199966430664,38883900,86.79335021972656
2024-01-16,95.62000274658203,95.79000091552734,94.51000213623047,94.81999969482422,61716700,85.2646484375
2024-01-17,94.5999984741211,95,94.160003662109375,94.66999816894531,55506800,85.12974548339844
2024-01-18,94.45999908447266,94.58000183105469,93.51000213623047,93.79000091552734,77339100,84.33843231201172
2024-01-19,93.70999908447266,94.16999816894531,93.26000213623047,94.089996337890625,47030900,84.60821533203125
2024-01-22,94.81999969482422,95.08000183105469,94.38999938964844,94.6500015258789,35756400,85.11177062988281
2024-01-23,93.88999938964844,93.98999786376953,93.43000030517578,93.9000015258789,35786700,84.43733978271484
2024-01-24,94.51000213623047,94.54000091552734,93.0999984741211,93.3499984741211,54574900,83.94276428222656
2024-01-25,94,94.220001220703125,93.56999969482422,93.95999908447266,57019400,84.49129486083984
2024-01-26,93.93000030517578,94.06999969482422,93.48999786376953,93.779998779296875,29276900,84.3294448852539
2024-01-29,94.30999755859375,95.16999816894531,94.12000274658203,94.86000061035156,38243600,85.30062103271484
2024-01-30,95.4800033569336,95.839996337890625,94.73999786376953,95.720001220703125,40151400,86.07392883300781
2024-01-31,96.220001220703125,96.910003662109375,96,96.660003662109375,80646700,86.91919708251953
2024-02-01,97.41999816894531,98.66999816894531,97.19000244140625,98.23999786376953,84291200,88.62421417236328
2024-02-02,96.2699966430664,96.62000274658203,95.69000244140625,96.06999969482422,63823300,86.66663360595703
2024-02-05,94.62999725341797,94.8499984741211,94.0199966430664,94.12999725341797,53827400,84.91651153564453
2024-02-06,94.23999786376953,95.1500015258789,94.20999908447266,95.05000305175781,33411500,85.74646759033203
2024-02-07,94.56999969482422,95.2300033569336,94.5199966430664,94.589996337890625,40120200,85.33148193359375
2024-02-08,94.0199966430664,94.30000305175781,93.660003662109375,94.04000091552734,50087700,84.83531188964844
2024-02-09,93.76000213623047,94.01000213623047,93.660003662109375,93.8499984741211,27951300,84.66393280029297
2024-02-12,93.9000015258789,94.13999938964844,93.5,93.95999908447266,27890300,84.76313781738281
2024-02-13,92.86000061035156,93.05999755859375,92.33000183105469,92.3499984741211,49768500,83.31073760986328
2024-02-14,92.30000305175781,93.05000305175781,92.2300033569336,92.81999969482422,44191600,83.73473358154297
2024-02-15,93.55999755859375,93.720001220703125,93,93.30000305175781,49598500,84.167755126953125
2024-02-16,92.4800033569336,92.8499984741211,92.339996337890625,92.76000213623047,33116800,83.68061065673828
2024-02-20,92.79000091552734,93.19000244140625,92.720001220703125,92.839996337890625,24469300,83.75276184082031
2024-02-21,92.83000183105469,92.9000015258789,92.01000213623047,92.18000030517578,36343100,83.157379150390625
2024-02-22,92.33000183105469,92.76000213623047,92.2699966430664,92.62999725341797,45190700,83.563323974609375
2024-02-23,92.75,94,92.75,93.87000274658203,38406700,84.68196105957031
2024-02-26,94,94.029998779296875,93.19000244140625,93.589996337890625,27855000,84.42936706542969
2024-02-27,93.23999786376953,93.470001220703125,92.8499984741211,92.93000030517578,30242000,83.8339614868164
2024-02-28,93.08000183105469,93.5999984741211,92.9000015258789,93.5199966430664,34574200,84.36620330810547
2024-02-29,93.81999969482422,94.30000305175781,93.779998779296875,94.18000030517578,51038600,84.96160888671875
2024-03-01,93.44000244140625,94.51000213623047,93.01000213623047,94.470001220703125,45832800,85.49102783203125
2024-03-04,93.69999694824219,94.160003662109375,93.68000030517578,94.089996337890625,23864200,85.14713287353516
2024-03-05,95.2300033569336,95.68000030517578,94.970001220703125,95.43000030517578,37721900,86.359771728515625
2024-03-06,95.48999786376953,96.16999816894531,95.410003662109375,95.98999786376953,40571600,86.86652374267578
2024-03-07,96.36000061035156,96.4000015258789,95.4800033569336,95.9000015258789,39075000,86.78509521484375
2024-03-08,95.80000305175781,96.05000305175781,95.4800033569336,95.7300033569336,25023200,86.6312255859375
2024-03-11,95.95999908447266,96.01000213623047,95.37000274658203,95.68000030517578,17787900,86.58599853515625
2024-03-12,95.04000091552734,95.20999908447266,94.69000244140625,94.87999725341797,29566000,85.8620376586914
2024-03-13,94.5,94.73999786376953,94.20999908447266,94.41999816894531,38270100,85.4457778930664
2024-03-14,93.7300033569336,93.75,92.86000061035156,92.970001220703125,58365600,84.13358306884766
2024-03-15,93.05999755859375,93.19000244140625,92.79000091552734,92.94000244140625,34997700,84.10643005371094
2024-03-18,92.7300033569336,92.98999786376953,92.5,92.660003662109375,29519500,83.85302734375
2024-03-19,92.8499984741211,93.2699966430664,92.69000244140625,92.91999816894531,26953100,84.08832550048828
2024-03-20,93.0999984741211,93.79000091552734,92.29000091552734,92.88999938964844,43460100,84.0611801147461
2024-03-21,93.2699966430664,93.43000030517578,92.7300033569336,93.089996337890625,34276600,84.2421646118164
2024-03-22,94.19000244140625,94.20999908447266,93.779998779296875,93.9800033569336,30262300,85.047576904296875
2024-03-25,93.70999908447266,93.75,93.30000305175781,93.51000213623047,24011800,84.62226104736328
2024-03-26,93.51000213623047,93.87000274658203,93.279998779296875,93.7699966430664,34423000,84.85753631591797
2024-03-27,93.98999786376953,94.69999694824219,93.94000244140625,94.69999694824219,50157800,85.69914245605469
2024-03-28,94.48999786376953,95.0199966430664,94.31999969482422,94.62000274658203,34540400,85.62676239013672
2024-04-01,93.29000091552734,93.30000305175781,92.45999908447266,92.55000305175781,48945400,84.03058624267578
2024-04-02,91.56999969482422,92.19999694824219,91.339996337890625,92.04000091552734,43086300,83.5675277709961
2024-04-03,91.26000213623047,92.05000305175781,91.05000305175781,92.0199966430664,45494400,83.54935455322266
2024-04-04,92.62999725341797,92.76000213623047,92.04000091552734,92.68000030517578,47957400,84.14862823486328
2024-04-05,91.69000244140625,92.18000030517578,91.37999725341797,91.38999938964844,42495900,82.97737121582031
2024-04-08,91.2300033569336,91.589996337890625,91.12999725341797,91.37999725341797,37879800,82.968292236328125
2024-04-09,91.87000274658203,92.36000061035156,91.839996337890625,92.2300033569336,32522000,83.740020751953125
2024-04-10,91.19999694824219,91.30000305175781,90.05000305175781,90.220001220703125,74368900,81.91505432128906
2024-04-11,90.37999725341797,90.44000244140625,89.51000213623047,89.80999755859375,65751200,81.54279327392578
2024-04-12,90.63999938964844,90.94999694824219,90.279998779296875,90.29000091552734,47900100,81.9786148071289
2024-04-15,89.220001220703125,89.26000213623047,88.5199966430664,88.88999938964844,55993100,80.70748138427734
2024-04-16,88.05000305175781,88.58000183105469,87.79000091552734,88.30000305175781,45103200,80.17181396484375
2024-04-17,88.87000274658203,89.37999725341797,88.45999908447266,89.279998779296875,57947000,81.06159210205078
2024-04-18,89.23999786376953,89.2699966430664,88.589996337890625,88.83000183105469,43839500,80.65302276611328
2024-04-19,89.38999938964844,89.38999938964844,88.910003662109375,89.1500015258789,44826800,80.94356536865234
2024-04-22,88.68000030517578,89.12000274658203,88.6500015258789,89,24969000,80.80736541748047
2024-04-23,88.7300033569336,89.54000091552734,88.55000305175781,89.029998779296875,27222700,80.83460235595703
2024-04-24,88.55999755859375,88.62999725341797,87.5,88.4000015258789,48986800,80.262603759765625
2024-04-25,87.45999908447266,87.9000015258789,87.339996337890625,87.779998779296875,49282600,79.699676513671875
2024-04-26,88.25,88.61000061035156,88.05000305175781,88.23999786376953,31589800,80.1173095703125
2024-04-29,88.660003662109375,89.0199966430664,88.4800033569336,88.9800033569336,39228600,80.78922271728516
2024-04-30,88.41999816894531,88.7300033569336,88.0999984741211,88.220001220703125,41054700,80.09916687011719
2024-05-01,88.5999984741211,89.20999908447266,88.23999786376953,88.55999755859375,59679500,80.68959045410156
2024-05-02,88.20999908447266,89.01000213623047,88.029998779296875,88.94000244140625,58925400,81.03580474853516
2024-05-03,89.93000030517578,90.12000274658203,89.2699966430664,89.839996337890625,50066100,81.85581970214844
2024-05-06,89.87000274658203,90.25,89.66999816894531,90.19000244140625,23868200,82.17472076416016
2024-05-07,90.9000015258789,91.23999786376953,90.61000061035156,90.73999786376953,30525800,82.67584228515625
2024-05-08,90.30999755859375,90.45999908447266,90.160003662109375,90.19000244140625,31171700,82.17472076416016
2024-05-09,89.87000274658203,90.7699966430664,89.81999969482422,90.62999725341797,39606700,82.57561492919922
2024-05-10,90.279998779296875,90.37999725341797,89.95999908447266,90.12000274658203,21913800,82.11094665527344
2024-05-13,90.55000305175781,90.61000061035156,90.30999755859375,90.3499984741211,23157500,82.32048797607422
2024-05-14,90.6500015258789,90.91999816894531,90.41999816894531,90.86000061035156,25746400,82.78514862060547
2024-05-15,91.87000274658203,92.26000213623047,91.62999725341797,92.0999984741211,65142900,83.91497039794922
2024-05-16,92.38999938964844,92.41999816894531,91.94000244140625,92.01000213623047,37902400,83.832977294921875
2024-05-17,91.63999938964844,91.80000305175781,91.339996337890625,91.38999938964844,24755000,83.26808166503906
2024-05-20,91.08000183105469,91.31999969482422,91.01000213623047,91.12000274658203,17922800,83.02205657958984
2024-05-21,91.7300033569336,91.7699966430664,91.43000030517578,91.589996337890625,15334400,83.4502944946289
2024-05-22,91.2699966430664,91.779998779296875,91.26000213623047,91.69999694824219,38073700,83.55052947998047
2024-05-23,91.80000305175781,91.80000305175781,90.81999969482422,91.11000061035156,51294700,83.012969970703125
2024-05-24,90.970001220703125,91.470001220703125,90.9000015258789,91.37999725341797,19164400,83.25896453857422
2024-05-28,91.33000183105469,91.36000061035156,90.029998779296875,90.06999969482422,45973700,82.06537628173828
2024-05-29,89.339996337890625,89.4000015258789,88.68000030517578,88.9800033569336,45508400,81.07225799560547
2024-05-30,89.5999984741211,89.970001220703125,89.44000244140625,89.839996337890625,29548600,81.85581970214844
2024-05-31,90.4800033569336,90.660003662109375,90.25,90.44999694824219,41308800,82.411590576171875
2024-06-03,90.63999938964844,91.66999816894531,90.61000061035156,91.5999984741211,42272100,83.74458312988281
2024-06-04,92.19999694824219,92.80000305175781,91.98999786376953,92.66999816894531,42581500,84.72283935546875
2024-06-05,93,93.3499984741211,92.38999938964844,93.3499984741211,43153900,85.34452056884766
2024-06-06,92.91999816894531,93.43000030517578,92.86000061035156,93.20999908447266,22891900,85.216522216796875
2024-06-07,91.83000183105469,91.83000183105469,91.4000015258789,91.5,35240500,83.65316009521484
2024-06-10,91,91.05999755859375,90.6500015258789,90.88999938964844,20586500,83.09545135498047
2024-06-11,91.029998779296875,91.87000274658203,90.91999816894531,91.83000183105469,30329200,83.95484924316406
2024-06-12,93.0199966430664,93.56999969482422,92.48999786376953,92.5199966430664,42554600,84.5856704711914
2024-06-13,93.220001220703125,93.98999786376953,92.94999694824219,93.87999725341797,33093800,85.82904815673828
2024-06-14,94.41999816894531,94.839996337890625,94.23999786376953,94.66999816894531,28776700,86.5512924194336
2024-06-17,93.5199966430664,93.80999755859375,93.279998779296875,93.7300033569336,31040200,85.69190216064453
2024-06-18,93.88999938964844,94.5999984741211,93.7300033569336,94.589996337890625,26881000,86.4781494140625
2024-06-20,93.410003662109375,94,93.339996337890625,93.95999908447266,30246300,85.90217590332031
2024-06-21,94.23999786376953,94.4800033569336,93.589996337890625,93.95999908447266,22596400,85.90217590332031
2024-06-24,94.05000305175781,94.339996337890625,93.73999786376953,94.339996337890625,56939100,86.249603271484375
2024-06-25,94.06999969482422,94.55000305175781,94.04000091552734,94.5,22890200,86.39586639404297
2024-06-26,93.279998779296875,93.470001220703125,93.11000061035156,93.1500015258789,38489100,85.1616439819336
2024-06-27,93.5199966430664,93.70999908447266,93.41999816894531,93.5199966430664,23140800,85.49991607666016
2024-06-28,93.7300033569336,93.7699966430664,91.779998779296875,91.779998779296875,55119600,83.90914154052734
2024-07-01,90.41999816894531,91.08000183105469,89.81999969482422,89.910003662109375,49735400,82.4609603881836
2024-07-02,90.68000030517578,90.80999755859375,90.08000183105469,90.61000061035156,34204700,83.10295867919922
2024-07-03,91.16999816894531,91.88999938964844,91.089996337890625,91.80000305175781,35563300,84.19438934326172
2024-07-05,92.2699966430664,92.7300033569336,91.9000015258789,92.55999755859375,34895500,84.89140319824219
2024-07-08,92.54000091552734,92.8499984741211,92.220001220703125,92.76000213623047,16095700,85.07483673095703
2024-07-09,92.470001220703125,92.68000030517578,91.87000274658203,92.3499984741211,30289800,84.69880676269531
2024-07-10,92.44999694824219,92.68000030517578,92.26000213623047,92.63999938964844,23572500,84.96477508544922
2024-07-11,93.68000030517578,94.13999938964844,93.470001220703125,93.54000091552734,49761800,85.79021453857422
2024-07-12,93.529998779296875,93.94000244140625,93.339996337890625,93.94000244140625,27796500,86.15706634521484
2024-07-15,93,93.30000305175781,92.779998779296875,92.86000061035156,37918900,85.16655731201172
2024-07-16,93.529998779296875,94.20999908447266,93.38999938964844,94.16999816894531,36383700,86.3680191040039
2024-07-17,93.91999816894531,94.4000015258789,93.69000244140625,94.19000244140625,29036800,86.38636779785156
2024-07-18,93.68000030517578,94.13999938964844,93.37999725341797,93.470001220703125,34553100,85.72601318359375
2024-07-19,93.04000091552734,93.160003662109375,92.81999969482422,92.91999816894531,32164700,85.2215805053711
2024-07-22,93.4000015258789,93.5199966430664,92.30000305175781,92.6500015258789,36160400,84.97395324707031
2024-07-23,92.80999755859375,93.029998779296875,92.48999786376953,92.5199966430664,23498000,84.8547134399414
2024-07-24,92.589996337890625,92.8499984741211,91.470001220703125,91.5199966430664,50757100,83.93754577636719
2024-07-25,92.029998779296875,92.86000061035156,91.95999908447266,92.2699966430664,44999100,84.62543487548828
2024-07-26,92.94999694824219,93.1500015258789,92.70999908447266,92.98999786376953,34423800,85.28578186035156
2024-07-29,93.66999816894531,93.69000244140625,93.220001220703125,93.48999786376953,25801300,85.744354248046875
2024-07-30,93.75,94.05000305175781,93.30000305175781,93.8499984741211,28169800,86.07453918457031
2024-07-31,94.529998779296875,94.839996337890625,94.23999786376953,94.80999755859375,47445300,86.95500183105469
2024-08-01,95.13999938964844,95.910003662109375,95.12000274658203,95.30999755859375,77254200,87.70494079589844
2024-08-02,97,98.37000274658203,96.88999938964844,98.279998779296875,91912900,90.43798065185547
2024-08-05,99.69000244140625,99.94000244140625,97.9000015258789,98.80000305175781,90686300,90.91649627685547
2024-08-06,98.1500015258789,98.410003662109375,96.589996337890625,96.589996337890625,61316900,88.8828353881836
2024-08-07,95.94999694824219,96.44999694824219,95.5,95.910003662109375,51337100,88.25708770751953
2024-08-08,95.12000274658203,95.4000015258789,94.839996337890625,95.31999969482422,37815800,87.71415710449219
2024-08-09,96.51000213623047,96.54000091552734,96.089996337890625,96.26000213623047,32141800,88.57917022705078
2024-08-12,96.029998779296875,96.81999969482422,95.87999725341797,96.61000061035156,24261400,88.90123748779297
2024-08-13,97.30000305175781,97.36000061035156,96.9800033569336,97.279998779296875,30366900,89.51776123046875
2024-08-14,97.55000305175781,98.160003662109375,97.51000213623047,97.88999938964844,31334100,90.0790786743164
2024-08-15,96.410003662109375,97.0999984741211,96.20999908447266,97.0999984741211,38723700,89.35212707519531
2024-08-16,97.44000244140625,97.54000091552734,97.01000213623047,97.44000244140625,28541000,89.665008544921875
2024-08-19,97.41999816894531,98.160003662109375,97.410003662109375,97.88999938964844,25322100,90.0790786743164
2024-08-20,98.31999969482422,98.86000061035156,98.12000274658203,98.66999816894531,25239300,90.79688262939453
2024-08-21,98.66999816894531,99.19999694824219,98.20999908447266,98.7300033569336,29230000,90.85208892822266
2024-08-22,98.2300033569336,98.30000305175781,97.43000030517578,97.75,33453800,89.95026397705078
2024-08-23,98.19000244140625,98.66999816894531,97.95999908447266,98.38999938964844,32005100,90.53919219970703
2024-08-26,98.69000244140625,98.69999694824219,98.08000183105469,98.13999938964844,23198700,90.30915069580078
2024-08-27,97.48999786376953,98.08000183105469,97.410003662109375,97.970001220703125,21507700,90.15272521972656
2024-08-28,98.01000213623047,98.19999694824219,97.7300033569336,97.8499984741211,18501400,90.04228210449219
2024-08-29,97.37000274658203,97.63999938964844,97.12999725341797,97.529998779296875,24988200,89.7478256225586
2024-08-30,97.68000030517578,97.98999786376953,96.470001220703125,96.48999786376953,42896200,88.790802001953125
2024-09-03,97.55999755859375,98.05999755859375,97.41999816894531,97.75,48947900,90.243011474609375
2024-09-04,97.87999725341797,99.029998779296875,97.80999755859375,99.01000213623047,40885200,91.40623474121094
2024-09-05,99.339996337890625,99.68000030517578,98.779998779296875,99.56999969482422,47450900,91.92323303222656
2024-09-06,99.55000305175781,100.77999877929688,99.19000244140625,99.55999755859375,57406400,91.91399383544922
2024-09-09,99.4000015258789,100.0999984741211,99.160003662109375,99.98999786376953,26961400,92.31096649169922
2024-09-10,99.87000274658203,100.91000366210938,99.81999969482422,100.69000244140625,31703400,92.95721435546875
2024-09-11,100.48999786376953,101.23999786376953,100.3499984741211,100.61000061035156,39497100,92.88336181640625
2024-09-12,100.36000061035156,100.55000305175781,99.69000244140625,100.13999938964844,41618700,92.4494857788086
2024-09-13,100.45999908447266,100.61000061035156,100.0199966430664,100.41000366210938,25722100,92.69873046875
2024-09-16,100.62999725341797,101.37000274658203,100.41000366210938,101.33000183105469,30866300,93.5480728149414
2024-09-17,101.47000122070312,101.63999938964844,100.73999786376953,100.83999633789062,31699400,93.095703125
2024-09-18,100.23999786376953,100.7300033569336,99.54000091552734,99.589996337890625,48897000,91.94169616699219
2024-09-19,98.91999816894531,99.30999755859375,98.7699966430664,99.26000213623047,39979800,91.63703155517578
2024-09-20,98.98999786376953,99.25,98.720001220703125,98.87999725341797,37067600,91.2862319946289
2024-09-23,98.5,99.089996337890625,98.0199966430664,98.66999816894531,35703900,91.09236145019531
2024-09-24,98,98.88999938964844,97.8499984741211,98.6500015258789,31005400,91.073883056640625
2024-09-25,98.26000213623047,98.31999969482422,97.79000091552734,97.83000183105469,36738200,90.31687927246094
2024-09-26,98.06999969482422,98.25,97.41999816894531,98.05999755859375,33332300,90.529205322265625
2024-09-27,98.54000091552734,98.76000213623047,98.20999908447266,98.56999969482422,28317600,91.0000228881836
2024-09-30,98.63999938964844,98.70999908447266,97.87999725341797,98.0999984741211,34175500,90.566131591796875
2024-10-01,98.80000305175781,99.33000183105469,98.38999938964844,98.48999786376953,45254200,91.22000885009766
2024-10-02,97.36000061035156,97.7300033569336,97.05999755859375,97.660003662109375,35810800,90.4512939453125
2024-10-03,97.339996337890625,97.51000213623047,96.73999786376953,96.73999786376953,39677800,89.59918975830078
2024-10-04,95.44000244140625,95.95999908447266,95.4000015258789,95.55000305175781,56954100,88.49702453613281
2024-10-07,94.9800033569336,95.2699966430664,94.76000213623047,94.83000183105469,42606600,87.83018493652344
2024-10-08,94.38999938964844,95.029998779296875,94.339996337890625,94.98999786376953,33709600,87.978363037109375
2024-10-09,94.66999816894531,94.910003662109375,94.2300033569336,94.44999694824219,35807700,87.47821807861328
2024-10-10,93.87999725341797,94.089996337890625,93.410003662109375,94.08000183105469,53667400,87.13555145263672
2024-10-11,93.4800033569336,94.06999969482422,93.41999816894531,93.69999694824219,27406400,86.7835922241211
2024-10-14,93.04000091552734,93.779998779296875,92.9800033569336,93.7699966430664,28795300,86.848419189453125
2024-10-15,94.45999908447266,95,94.37000274658203,94.910003662109375,46429100,87.90425872802734
2024-10-16,95.38999938964844,95.62000274658203,95.13999938964844,95.30999755859375,32281500,88.27472686767578
2024-10-17,94.29000091552734,94.44000244140625,93.66999816894531,93.80000305175781,43427200,86.8761978149414
2024-10-18,94.05000305175781,94.279998779296875,93.86000061035156,93.87000274658203,25258600,86.9410400390625
2024-10-21,93.0199966430664,93.089996337890625,92.2300033569336,92.2300033569336,49504700,85.42208099365234
2024-10-22,92.6500015258789,92.76000213623047,92.089996337890625,92.31999969482422,32096900,85.50544738769531
2024-10-23,91.839996337890625,92.37000274658203,91.660003662109375,92.06999969482422,33354200,85.27391052246094
2024-10-24,92.2300033569336,93,91.95999908447266,92.660003662109375,32507400,85.820343017578125
2024-10-25,92.98999786376953,93.04000091552734,92.0199966430664,92.13999938964844,28667100,85.33873748779297
2024-10-28,92.2699966430664,92.29000091552734,91.41999816894531,91.88999938964844,33156500,85.1072006225586
2024-10-29,91.16999816894531,92.05999755859375,90.9800033569336,92.029998779296875,46545200,85.23686218261719
2024-10-30,92.839996337890625,93.29000091552734,92.160003662109375,92.30000305175781,41951100,85.48693084716797
2024-10-31,92.19999694824219,92.94000244140625,91.87000274658203,92.44999694824219,52173800,85.62584686279297
2024-11-01,92.26000213623047,92.5199966430664,90.80000305175781,90.839996337890625,80402000,84.4186782836914
2024-11-04,92.279998779296875,92.56999969482422,91.62999725341797,92.25,49747600,85.72901153564453
2024-11-05,92.029998779296875,92.9000015258789,91.5999984741211,92.73999786376953,46986000,86.18436431884766
2024-11-06,89.63999938964844,90.720001220703125,89.55000305175781,90.19999694824219,98895700,83.82391357421875
2024-11-07,90.75,91.62000274658203,90.6500015258789,91.33000183105469,56221400,84.87403106689453
2024-11-08,92,92.5999984741211,91.839996337890625,92.48999786376953,56756200,85.95201873779297
2024-11-11,92.25,92.30000305175781,91.62000274658203,92.04000091552734,22369200,85.533843994140625
2024-11-12,91.37000274658203,91.8499984741211,90.51000213623047,90.660003662109375,57908400,84.25140380859375
2024-11-13,91.5199966430664,91.54000091552734,89.720001220703125,89.80000305175781,49009100,83.45220947265625
2024-11-14,90.55999755859375,91.029998779296875,90.2699966430664,90.31999969482422,53328300,83.93543243408203
2024-11-15,89.91999816894531,90.6500015258789,89.51000213623047,90.08000183105469,73722400,83.71239471435547
2024-11-18,89.660003662109375,90.589996337890625,89.41999816894531,90.23999786376953,36010600,83.86109161376953
2024-11-19,90.81999969482422,91.06999969482422,90.62000274658203,90.69999694824219,29585100,84.28856658935547
2024-11-20,90.1500015258789,90.83000183105469,90.11000061035156,90.410003662109375,27755400,84.0190658569336
2024-11-21,90.44999694824219,90.8499984741211,90,90.339996337890625,28365700,83.9540023803711
2024-11-22,90.51000213623047,90.69999694824219,90.1500015258789,90.38999938964844,21547500,84.00047302246094
2024-11-25,92.19999694824219,92.779998779296875,91.98999786376953,92.7300033569336,56858000,86.17508697509766
2024-11-26,92.160003662109375,92.44000244140625,91.80999755859375,92.37000274658203,31122200,85.84053802490234
2024-11-27,93.04000091552734,93.37999725341797,92.66999816894531,93.01000213623047,39442200,86.43528747558594
2024-11-29,93.779998779296875,93.98999786376953,93.44000244140625,93.970001220703125,31905700,87.3274154663086
2024-12-02,93.2699966430664,94.1500015258789,93,93.87000274658203,39406000,87.53724670410156
2024-12-03,93.93000030517578,94.029998779296875,92.98999786376953,93.05999755859375,32768900,86.78187561035156
2024-12-04,92.61000061035156,94.19000244140625,92.54000091552734,94.05999755859375,35851100,87.71443939208984
2024-12-05,93.720001220703125,94.38999938964844,93.660003662109375,94.25,23695800,87.8916015625
2024-12-06,94.720001220703125,94.8499984741211,94.0199966430664,94.38999938964844,31761500,88.02217102050781
2024-12-09,93.98999786376953,94.04000091552734,93.470001220703125,93.5199966430664,30509600,87.21085357666016
2024-12-10,93.0199966430664,93.30000305175781,92.910003662109375,93.08000183105469,28706500,86.800537109375
2024-12-11,93.06999969482422,93.29000091552734,92.11000061035156,92.19999694824219,38748400,85.97989654541016
2024-12-12,91.63999938964844,91.75,91,91.08000183105469,45368400,84.93546295166016
2024-12-13,90.80000305175781,90.8499984741211,90.08000183105469,90.1500015258789,39486000,84.06822204589844
2024-12-16,90.55000305175781,90.62000274658203,90.05000305175781,90.41999816894531,23482300,84.31999969482422
2024-12-17,90.5199966430664,90.98999786376953,90.45999908447266,90.63999938964844,23839900,84.52515411376953
2024-12-18,89.970001220703125,90.37000274658203,89.13999938964844,89.160003662109375,61328400,83.46820831298828
2024-12-19,88.06999969482422,88.38999938964844,87.51000213623047,87.80999755859375,99083300,82.20439910888672
2024-12-20,88.529998779296875,88.910003662109375,88.29000091552734,88.30999755859375,45542400,82.6724853515625
2024-12-23,88.160003662109375,88.2300033569336,87.44000244140625,87.5,32764600,81.91419219970703
2024-12-24,87.04000091552734,87.88999938964844,86.9800033569336,87.87000274658203,22377600,82.26057434082031
2024-12-26,87.20999908447266,87.95999908447266,87.19999694824219,87.81999969482422,19981800,82.21376037597656
2024-12-27,87.4800033569336,87.779998779296875,87.05999755859375,87.0999984741211,27262300,81.53974151611328
2024-12-30,87.83000183105469,88.04000091552734,87.66999816894531,87.80000305175781,48519600,82.1950454711914
